[ 4186625ms] [INFO] %cDownload the React DevTools for a better development experience: https://reactjs.org/link/react-devtools font-weight:bold @ http://localhost:5177/node_modules/.vite/deps/chunk-UWWWERUF.js?v=b1fa66fc:21550
[ 4186892ms] [WARNING] ⚠️ React Router Future Flag Warning: React Router will begin wrapping state updates in `React.startTransition` in v7. You can use the `v7_startTransition` future flag to opt-in early. For more information, see https://reactrouter.com/v6/upgrading/future#v7_starttransition. @ http://localhost:5177/node_modules/.vite/deps/react-router-dom.js?v=b1fa66fc:4435
[ 4186892ms] [WARNING] ⚠️ React Router Future Flag Warning: Relative route resolution within Splat routes is changing in v7. You can use the `v7_relativeSplatPath` future flag to opt-in early. For more information, see https://reactrouter.com/v6/upgrading/future#v7_relativesplatpath. @ http://localhost:5177/node_modules/.vite/deps/react-router-dom.js?v=b1fa66fc:4435
[ 4466460ms] [INFO] %cDownload the React DevTools for a better development experience: https://reactjs.org/link/react-devtools font-weight:bold @ http://localhost:5177/node_modules/.vite/deps/chunk-UWWWERUF.js?v=b1fa66fc:21550
[ 4466553ms] [WARNING] ⚠️ React Router Future Flag Warning: React Router will begin wrapping state updates in `React.startTransition` in v7. You can use the `v7_startTransition` future flag to opt-in early. For more information, see https://reactrouter.com/v6/upgrading/future#v7_starttransition. @ http://localhost:5177/node_modules/.vite/deps/react-router-dom.js?v=b1fa66fc:4435
[ 4466554ms] [WARNING] ⚠️ React Router Future Flag Warning: Relative route resolution within Splat routes is changing in v7. You can use the `v7_relativeSplatPath` future flag to opt-in early. For more information, see https://reactrouter.com/v6/upgrading/future#v7_relativesplatpath. @ http://localhost:5177/node_modules/.vite/deps/react-router-dom.js?v=b1fa66fc:4435
[ 8425371ms] [LOG] [vite] server connection lost. Polling for restart... @ http://localhost:5177/@vite/client:559
[ 8447394ms] [INFO] %cDownload the React DevTools for a better development experience: https://reactjs.org/link/react-devtools font-weight:bold @ http://localhost:5177/node_modules/.vite/deps/chunk-UWWWERUF.js?v=b1fa66fc:21550
[ 8447615ms] [WARNING] ⚠️ React Router Future Flag Warning: React Router will begin wrapping state updates in `React.startTransition` in v7. You can use the `v7_startTransition` future flag to opt-in early. For more information, see https://reactrouter.com/v6/upgrading/future#v7_starttransition. @ http://localhost:5177/node_modules/.vite/deps/react-router-dom.js?v=b1fa66fc:4435
[ 8447617ms] [WARNING] ⚠️ React Router Future Flag Warning: Relative route resolution within Splat routes is changing in v7. You can use the `v7_relativeSplatPath` future flag to opt-in early. For more information, see https://reactrouter.com/v6/upgrading/future#v7_relativesplatpath. @ http://localhost:5177/node_modules/.vite/deps/react-router-dom.js?v=b1fa66fc:4435
[22541248ms] [LOG] [vite] server connection lost. Polling for restart... @ http://localhost:5177/@vite/client:559
[22541305ms] [ERROR] Failed to load resource: net::ERR_CONNECTION_REFUSED @ http://localhost:5177/:0
[22542317ms] [ERROR] Failed to load resource: net::ERR_CONNECTION_REFUSED @ http://localhost:5177/:0
[22543321ms] [ERROR] Failed to load resource: net::ERR_CONNECTION_REFUSED @ http://localhost:5177/:0
[22544324ms] [ERROR] Failed to load resource: net::ERR_CONNECTION_REFUSED @ http://localhost:5177/:0
[22545331ms] [ERROR] Failed to load resource: net::ERR_CONNECTION_REFUSED @ http://localhost:5177/:0
[22546334ms] [ERROR] Failed to load resource: net::ERR_CONNECTION_REFUSED @ http://localhost:5177/:0
[22547344ms] [ERROR] Failed to load resource: net::ERR_CONNECTION_REFUSED @ http://localhost:5177/:0
[22548346ms] [ERROR] Failed to load resource: net::ERR_CONNECTION_REFUSED @ http://localhost:5177/:0
[22549352ms] [ERROR] Failed to load resource: net::ERR_CONNECTION_REFUSED @ http://localhost:5177/:0
[22550355ms] [ERROR] Failed to load resource: net::ERR_CONNECTION_REFUSED @ http://localhost:5177/:0
[22551360ms] [ERROR] Failed to load resource: net::ERR_CONNECTION_REFUSED @ http://localhost:5177/:0
[22552365ms] [ERROR] Failed to load resource: net::ERR_CONNECTION_REFUSED @ http://localhost:5177/:0
[22553373ms] [ERROR] Failed to load resource: net::ERR_CONNECTION_REFUSED @ http://localhost:5177/:0
[22554378ms] [ERROR] Failed to load resource: net::ERR_CONNECTION_REFUSED @ http://localhost:5177/:0
[22555383ms] [ERROR] Failed to load resource: net::ERR_CONNECTION_REFUSED @ http://localhost:5177/:0
[22556389ms] [ERROR] Failed to load resource: net::ERR_CONNECTION_REFUSED @ http://localhost:5177/:0
[22557396ms] [ERROR] Failed to load resource: net::ERR_CONNECTION_REFUSED @ http://localhost:5177/:0
[22558401ms] [ERROR] Failed to load resource: net::ERR_CONNECTION_REFUSED @ http://localhost:5177/:0
[22559409ms] [ERROR] Failed to load resource: net::ERR_CONNECTION_REFUSED @ http://localhost:5177/:0
[22560415ms] [ERROR] Failed to load resource: net::ERR_CONNECTION_REFUSED @ http://localhost:5177/:0
[22561422ms] [ERROR] Failed to load resource: net::ERR_CONNECTION_REFUSED @ http://localhost:5177/:0
[22562429ms] [ERROR] Failed to load resource: net::ERR_CONNECTION_REFUSED @ http://localhost:5177/:0
[22563434ms] [ERROR] Failed to load resource: net::ERR_CONNECTION_REFUSED @ http://localhost:5177/:0
[22564439ms] [ERROR] Failed to load resource: net::ERR_CONNECTION_REFUSED @ http://localhost:5177/:0
[22565444ms] [ERROR] Failed to load resource: net::ERR_CONNECTION_REFUSED @ http://localhost:5177/:0
[22566448ms] [ERROR] Failed to load resource: net::ERR_CONNECTION_REFUSED @ http://localhost:5177/:0
[22567454ms] [ERROR] Failed to load resource: net::ERR_CONNECTION_REFUSED @ http://localhost:5177/:0
[22568459ms] [ERROR] Failed to load resource: net::ERR_CONNECTION_REFUSED @ http://localhost:5177/:0
[22569464ms] [ERROR] Failed to load resource: net::ERR_CONNECTION_REFUSED @ http://localhost:5177/:0
[22570470ms] [ERROR] Failed to load resource: net::ERR_CONNECTION_REFUSED @ http://localhost:5177/:0
[22571475ms] [ERROR] Failed to load resource: net::ERR_CONNECTION_REFUSED @ http://localhost:5177/:0
[22572479ms] [ERROR] Failed to load resource: net::ERR_CONNECTION_REFUSED @ http://localhost:5177/:0
[22573483ms] [ERROR] Failed to load resource: net::ERR_CONNECTION_REFUSED @ http://localhost:5177/:0
[22574489ms] [ERROR] Failed to load resource: net::ERR_CONNECTION_REFUSED @ http://localhost:5177/:0
[22575495ms] [ERROR] Failed to load resource: net::ERR_CONNECTION_REFUSED @ http://localhost:5177/:0
[22576502ms] [ERROR] Failed to load resource: net::ERR_CONNECTION_REFUSED @ http://localhost:5177/:0
[22577506ms] [ERROR] Failed to load resource: net::ERR_CONNECTION_REFUSED @ http://localhost:5177/:0
[22578512ms] [ERROR] Failed to load resource: net::ERR_CONNECTION_REFUSED @ http://localhost:5177/:0
[22579516ms] [ERROR] Failed to load resource: net::ERR_CONNECTION_REFUSED @ http://localhost:5177/:0
[22580522ms] [ERROR] Failed to load resource: net::ERR_CONNECTION_REFUSED @ http://localhost:5177/:0
[22581525ms] [ERROR] Failed to load resource: net::ERR_CONNECTION_REFUSED @ http://localhost:5177/:0
[22582531ms] [ERROR] Failed to load resource: net::ERR_CONNECTION_REFUSED @ http://localhost:5177/:0
[22583536ms] [ERROR] Failed to load resource: net::ERR_CONNECTION_REFUSED @ http://localhost:5177/:0
[22584543ms] [ERROR] Failed to load resource: net::ERR_CONNECTION_REFUSED @ http://localhost:5177/:0
[22585551ms] [ERROR] Failed to load resource: net::ERR_CONNECTION_REFUSED @ http://localhost:5177/:0
[22586561ms] [ERROR] Failed to load resource: net::ERR_CONNECTION_REFUSED @ http://localhost:5177/:0
[22587563ms] [ERROR] Failed to load resource: net::ERR_CONNECTION_REFUSED @ http://localhost:5177/:0
[22588567ms] [ERROR] Failed to load resource: net::ERR_CONNECTION_REFUSED @ http://localhost:5177/:0
[22589572ms] [ERROR] Failed to load resource: net::ERR_CONNECTION_REFUSED @ http://localhost:5177/:0
[22590580ms] [ERROR] Failed to load resource: net::ERR_CONNECTION_REFUSED @ http://localhost:5177/:0
[22591584ms] [ERROR] Failed to load resource: net::ERR_CONNECTION_REFUSED @ http://localhost:5177/:0
[22592591ms] [ERROR] Failed to load resource: net::ERR_CONNECTION_REFUSED @ http://localhost:5177/:0
[22593596ms] [ERROR] Failed to load resource: net::ERR_CONNECTION_REFUSED @ http://localhost:5177/:0
[22594599ms] [ERROR] Failed to load resource: net::ERR_CONNECTION_REFUSED @ http://localhost:5177/:0
[22595605ms] [ERROR] Failed to load resource: net::ERR_CONNECTION_REFUSED @ http://localhost:5177/:0
[22596609ms] [ERROR] Failed to load resource: net::ERR_CONNECTION_REFUSED @ http://localhost:5177/:0
[22597614ms] [ERROR] Failed to load resource: net::ERR_CONNECTION_REFUSED @ http://localhost:5177/:0
[22598619ms] [ERROR] Failed to load resource: net::ERR_CONNECTION_REFUSED @ http://localhost:5177/:0
[22599624ms] [ERROR] Failed to load resource: net::ERR_CONNECTION_REFUSED @ http://localhost:5177/:0
[22600630ms] [ERROR] Failed to load resource: net::ERR_CONNECTION_REFUSED @ http://localhost:5177/:0
[22601637ms] [ERROR] Failed to load resource: net::ERR_CONNECTION_REFUSED @ http://localhost:5177/:0
[22602641ms] [ERROR] Failed to load resource: net::ERR_CONNECTION_REFUSED @ http://localhost:5177/:0
[22603643ms] [ERROR] Failed to load resource: net::ERR_CONNECTION_REFUSED @ http://localhost:5177/:0
[22604647ms] [ERROR] Failed to load resource: net::ERR_CONNECTION_REFUSED @ http://localhost:5177/:0
[22605653ms] [ERROR] Failed to load resource: net::ERR_CONNECTION_REFUSED @ http://localhost:5177/:0
[22606656ms] [ERROR] Failed to load resource: net::ERR_CONNECTION_REFUSED @ http://localhost:5177/:0
[22607661ms] [ERROR] Failed to load resource: net::ERR_CONNECTION_REFUSED @ http://localhost:5177/:0
[22608665ms] [ERROR] Failed to load resource: net::ERR_CONNECTION_REFUSED @ http://localhost:5177/:0
[22609673ms] [ERROR] Failed to load resource: net::ERR_CONNECTION_REFUSED @ http://localhost:5177/:0
[22610679ms] [ERROR] Failed to load resource: net::ERR_CONNECTION_REFUSED @ http://localhost:5177/:0
[22611683ms] [ERROR] Failed to load resource: net::ERR_CONNECTION_REFUSED @ http://localhost:5177/:0
[22612689ms] [ERROR] Failed to load resource: net::ERR_CONNECTION_REFUSED @ http://localhost:5177/:0
[22613698ms] [ERROR] Failed to load resource: net::ERR_CONNECTION_REFUSED @ http://localhost:5177/:0
[22614706ms] [ERROR] Failed to load resource: net::ERR_CONNECTION_REFUSED @ http://localhost:5177/:0
[22615712ms] [ERROR] Failed to load resource: net::ERR_CONNECTION_REFUSED @ http://localhost:5177/:0
[22616716ms] [ERROR] Failed to load resource: net::ERR_CONNECTION_REFUSED @ http://localhost:5177/:0
[22617723ms] [ERROR] Failed to load resource: net::ERR_CONNECTION_REFUSED @ http://localhost:5177/:0
[22618727ms] [ERROR] Failed to load resource: net::ERR_CONNECTION_REFUSED @ http://localhost:5177/:0
[22619730ms] [ERROR] Failed to load resource: net::ERR_CONNECTION_REFUSED @ http://localhost:5177/:0
[22620734ms] [ERROR] Failed to load resource: net::ERR_CONNECTION_REFUSED @ http://localhost:5177/:0
[22621741ms] [ERROR] Failed to load resource: net::ERR_CONNECTION_REFUSED @ http://localhost:5177/:0
[22622744ms] [ERROR] Failed to load resource: net::ERR_CONNECTION_REFUSED @ http://localhost:5177/:0
[22623750ms] [ERROR] Failed to load resource: net::ERR_CONNECTION_REFUSED @ http://localhost:5177/:0
[22624756ms] [ERROR] Failed to load resource: net::ERR_CONNECTION_REFUSED @ http://localhost:5177/:0
[22625759ms] [ERROR] Failed to load resource: net::ERR_CONNECTION_REFUSED @ http://localhost:5177/:0
[22626763ms] [ERROR] Failed to load resource: net::ERR_CONNECTION_REFUSED @ http://localhost:5177/:0
[22627765ms] [ERROR] Failed to load resource: net::ERR_CONNECTION_REFUSED @ http://localhost:5177/:0
[22628773ms] [ERROR] Failed to load resource: net::ERR_CONNECTION_REFUSED @ http://localhost:5177/:0
[22629779ms] [ERROR] Failed to load resource: net::ERR_CONNECTION_REFUSED @ http://localhost:5177/:0
[22630785ms] [ERROR] Failed to load resource: net::ERR_CONNECTION_REFUSED @ http://localhost:5177/:0
[22631792ms] [ERROR] Failed to load resource: net::ERR_CONNECTION_REFUSED @ http://localhost:5177/:0
[22632800ms] [ERROR] Failed to load resource: net::ERR_CONNECTION_REFUSED @ http://localhost:5177/:0
[22633804ms] [ERROR] Failed to load resource: net::ERR_CONNECTION_REFUSED @ http://localhost:5177/:0
[22634810ms] [ERROR] Failed to load resource: net::ERR_CONNECTION_REFUSED @ http://localhost:5177/:0
[22635818ms] [ERROR] Failed to load resource: net::ERR_CONNECTION_REFUSED @ http://localhost:5177/:0
[22636825ms] [ERROR] Failed to load resource: net::ERR_CONNECTION_REFUSED @ http://localhost:5177/:0
[22637829ms] [ERROR] Failed to load resource: net::ERR_CONNECTION_REFUSED @ http://localhost:5177/:0
[22638835ms] [ERROR] Failed to load resource: net::ERR_CONNECTION_REFUSED @ http://localhost:5177/:0
[22639841ms] [ERROR] Failed to load resource: net::ERR_CONNECTION_REFUSED @ http://localhost:5177/:0
[22640850ms] [ERROR] Failed to load resource: net::ERR_CONNECTION_REFUSED @ http://localhost:5177/:0
[22641855ms] [ERROR] Failed to load resource: net::ERR_CONNECTION_REFUSED @ http://localhost:5177/:0
[22642858ms] [ERROR] Failed to load resource: net::ERR_CONNECTION_REFUSED @ http://localhost:5177/:0
[22643861ms] [ERROR] Failed to load resource: net::ERR_CONNECTION_REFUSED @ http://localhost:5177/:0
[22644868ms] [ERROR] Failed to load resource: net::ERR_CONNECTION_REFUSED @ http://localhost:5177/:0
[22645875ms] [ERROR] Failed to load resource: net::ERR_CONNECTION_REFUSED @ http://localhost:5177/:0
[22646883ms] [ERROR] Failed to load resource: net::ERR_CONNECTION_REFUSED @ http://localhost:5177/:0
[22647886ms] [ERROR] Failed to load resource: net::ERR_CONNECTION_REFUSED @ http://localhost:5177/:0
[22648892ms] [ERROR] Failed to load resource: net::ERR_CONNECTION_REFUSED @ http://localhost:5177/:0
[22649897ms] [ERROR] Failed to load resource: net::ERR_CONNECTION_REFUSED @ http://localhost:5177/:0
[22650904ms] [ERROR] Failed to load resource: net::ERR_CONNECTION_REFUSED @ http://localhost:5177/:0
[22651908ms] [ERROR] Failed to load resource: net::ERR_CONNECTION_REFUSED @ http://localhost:5177/:0
[22652915ms] [ERROR] Failed to load resource: net::ERR_CONNECTION_REFUSED @ http://localhost:5177/:0
[22653921ms] [ERROR] Failed to load resource: net::ERR_CONNECTION_REFUSED @ http://localhost:5177/:0
[22654927ms] [ERROR] Failed to load resource: net::ERR_CONNECTION_REFUSED @ http://localhost:5177/:0
[22655931ms] [ERROR] Failed to load resource: net::ERR_CONNECTION_REFUSED @ http://localhost:5177/:0
[22656934ms] [ERROR] Failed to load resource: net::ERR_CONNECTION_REFUSED @ http://localhost:5177/:0
[22657941ms] [ERROR] Failed to load resource: net::ERR_CONNECTION_REFUSED @ http://localhost:5177/:0
[22658946ms] [ERROR] Failed to load resource: net::ERR_CONNECTION_REFUSED @ http://localhost:5177/:0
[22659949ms] [ERROR] Failed to load resource: net::ERR_CONNECTION_REFUSED @ http://localhost:5177/:0
[22660954ms] [ERROR] Failed to load resource: net::ERR_CONNECTION_REFUSED @ http://localhost:5177/:0
[22661964ms] [ERROR] Failed to load resource: net::ERR_CONNECTION_REFUSED @ http://localhost:5177/:0
[22662973ms] [ERROR] Failed to load resource: net::ERR_CONNECTION_REFUSED @ http://localhost:5177/:0
[22663980ms] [ERROR] Failed to load resource: net::ERR_CONNECTION_REFUSED @ http://localhost:5177/:0
[22664985ms] [ERROR] Failed to load resource: net::ERR_CONNECTION_REFUSED @ http://localhost:5177/:0
[22665992ms] [ERROR] Failed to load resource: net::ERR_CONNECTION_REFUSED @ http://localhost:5177/:0
[22667000ms] [ERROR] Failed to load resource: net::ERR_CONNECTION_REFUSED @ http://localhost:5177/:0
[22668004ms] [ERROR] Failed to load resource: net::ERR_CONNECTION_REFUSED @ http://localhost:5177/:0
[22669011ms] [ERROR] Failed to load resource: net::ERR_CONNECTION_REFUSED @ http://localhost:5177/:0
[22670017ms] [ERROR] Failed to load resource: net::ERR_CONNECTION_REFUSED @ http://localhost:5177/:0
[22671024ms] [ERROR] Failed to load resource: net::ERR_CONNECTION_REFUSED @ http://localhost:5177/:0
[22672032ms] [ERROR] Failed to load resource: net::ERR_CONNECTION_REFUSED @ http://localhost:5177/:0
[22673038ms] [ERROR] Failed to load resource: net::ERR_CONNECTION_REFUSED @ http://localhost:5177/:0
[22674047ms] [ERROR] Failed to load resource: net::ERR_CONNECTION_REFUSED @ http://localhost:5177/:0
[22675054ms] [ERROR] Failed to load resource: net::ERR_CONNECTION_REFUSED @ http://localhost:5177/:0
[22676062ms] [ERROR] Failed to load resource: net::ERR_CONNECTION_REFUSED @ http://localhost:5177/:0
[22677066ms] [ERROR] Failed to load resource: net::ERR_CONNECTION_REFUSED @ http://localhost:5177/:0
[22678074ms] [ERROR] Failed to load resource: net::ERR_CONNECTION_REFUSED @ http://localhost:5177/:0
[22679082ms] [ERROR] Failed to load resource: net::ERR_CONNECTION_REFUSED @ http://localhost:5177/:0
[22680090ms] [ERROR] Failed to load resource: net::ERR_CONNECTION_REFUSED @ http://localhost:5177/:0
[22681097ms] [ERROR] Failed to load resource: net::ERR_CONNECTION_REFUSED @ http://localhost:5177/:0
[22682102ms] [ERROR] Failed to load resource: net::ERR_CONNECTION_REFUSED @ http://localhost:5177/:0
[22683110ms] [ERROR] Failed to load resource: net::ERR_CONNECTION_REFUSED @ http://localhost:5177/:0
[22684116ms] [ERROR] Failed to load resource: net::ERR_CONNECTION_REFUSED @ http://localhost:5177/:0
[22685121ms] [ERROR] Failed to load resource: net::ERR_CONNECTION_REFUSED @ http://localhost:5177/:0
[22686129ms] [ERROR] Failed to load resource: net::ERR_CONNECTION_REFUSED @ http://localhost:5177/:0
[22687135ms] [ERROR] Failed to load resource: net::ERR_CONNECTION_REFUSED @ http://localhost:5177/:0
[22688144ms] [ERROR] Failed to load resource: net::ERR_CONNECTION_REFUSED @ http://localhost:5177/:0
[22689148ms] [ERROR] Failed to load resource: net::ERR_CONNECTION_REFUSED @ http://localhost:5177/:0
[22690156ms] [ERROR] Failed to load resource: net::ERR_CONNECTION_REFUSED @ http://localhost:5177/:0
[22691164ms] [ERROR] Failed to load resource: net::ERR_CONNECTION_REFUSED @ http://localhost:5177/:0
[22692172ms] [ERROR] Failed to load resource: net::ERR_CONNECTION_REFUSED @ http://localhost:5177/:0
[22693179ms] [ERROR] Failed to load resource: net::ERR_CONNECTION_REFUSED @ http://localhost:5177/:0
[22694186ms] [ERROR] Failed to load resource: net::ERR_CONNECTION_REFUSED @ http://localhost:5177/:0
[22695194ms] [ERROR] Failed to load resource: net::ERR_CONNECTION_REFUSED @ http://localhost:5177/:0
[22696200ms] [ERROR] Failed to load resource: net::ERR_CONNECTION_REFUSED @ http://localhost:5177/:0
[22697206ms] [ERROR] Failed to load resource: net::ERR_CONNECTION_REFUSED @ http://localhost:5177/:0
[22698213ms] [ERROR] Failed to load resource: net::ERR_CONNECTION_REFUSED @ http://localhost:5177/:0
[22699219ms] [ERROR] Failed to load resource: net::ERR_CONNECTION_REFUSED @ http://localhost:5177/:0
[22700226ms] [ERROR] Failed to load resource: net::ERR_CONNECTION_REFUSED @ http://localhost:5177/:0
[22701233ms] [ERROR] Failed to load resource: net::ERR_CONNECTION_REFUSED @ http://localhost:5177/:0
[22702236ms] [ERROR] Failed to load resource: net::ERR_CONNECTION_REFUSED @ http://localhost:5177/:0
[22703241ms] [ERROR] Failed to load resource: net::ERR_CONNECTION_REFUSED @ http://localhost:5177/:0
[22704249ms] [ERROR] Failed to load resource: net::ERR_CONNECTION_REFUSED @ http://localhost:5177/:0
[22705258ms] [ERROR] Failed to load resource: net::ERR_CONNECTION_REFUSED @ http://localhost:5177/:0
[22706267ms] [ERROR] Failed to load resource: net::ERR_CONNECTION_REFUSED @ http://localhost:5177/:0
[22707275ms] [ERROR] Failed to load resource: net::ERR_CONNECTION_REFUSED @ http://localhost:5177/:0
[22708278ms] [ERROR] Failed to load resource: net::ERR_CONNECTION_REFUSED @ http://localhost:5177/:0
[22709282ms] [ERROR] Failed to load resource: net::ERR_CONNECTION_REFUSED @ http://localhost:5177/:0
[22710287ms] [ERROR] Failed to load resource: net::ERR_CONNECTION_REFUSED @ http://localhost:5177/:0
[22711293ms] [ERROR] Failed to load resource: net::ERR_CONNECTION_REFUSED @ http://localhost:5177/:0
[22712301ms] [ERROR] Failed to load resource: net::ERR_CONNECTION_REFUSED @ http://localhost:5177/:0
[22713308ms] [ERROR] Failed to load resource: net::ERR_CONNECTION_REFUSED @ http://localhost:5177/:0
[22714318ms] [ERROR] Failed to load resource: net::ERR_CONNECTION_REFUSED @ http://localhost:5177/:0
[22715331ms] [ERROR] Failed to load resource: net::ERR_CONNECTION_REFUSED @ http://localhost:5177/:0
[22716336ms] [ERROR] Failed to load resource: net::ERR_CONNECTION_REFUSED @ http://localhost:5177/:0
[22717342ms] [ERROR] Failed to load resource: net::ERR_CONNECTION_REFUSED @ http://localhost:5177/:0
[22718349ms] [ERROR] Failed to load resource: net::ERR_CONNECTION_REFUSED @ http://localhost:5177/:0
[22719356ms] [ERROR] Failed to load resource: net::ERR_CONNECTION_REFUSED @ http://localhost:5177/:0
[22720365ms] [ERROR] Failed to load resource: net::ERR_CONNECTION_REFUSED @ http://localhost:5177/:0
[22721367ms] [ERROR] Failed to load resource: net::ERR_CONNECTION_REFUSED @ http://localhost:5177/:0
[22722377ms] [ERROR] Failed to load resource: net::ERR_CONNECTION_REFUSED @ http://localhost:5177/:0
[22723384ms] [ERROR] Failed to load resource: net::ERR_CONNECTION_REFUSED @ http://localhost:5177/:0
[22724393ms] [ERROR] Failed to load resource: net::ERR_CONNECTION_REFUSED @ http://localhost:5177/:0
[22725398ms] [ERROR] Failed to load resource: net::ERR_CONNECTION_REFUSED @ http://localhost:5177/:0
[22726404ms] [ERROR] Failed to load resource: net::ERR_CONNECTION_REFUSED @ http://localhost:5177/:0
[22727408ms] [ERROR] Failed to load resource: net::ERR_CONNECTION_REFUSED @ http://localhost:5177/:0
[22728417ms] [ERROR] Failed to load resource: net::ERR_CONNECTION_REFUSED @ http://localhost:5177/:0
[22729424ms] [ERROR] Failed to load resource: net::ERR_CONNECTION_REFUSED @ http://localhost:5177/:0
[22730429ms] [ERROR] Failed to load resource: net::ERR_CONNECTION_REFUSED @ http://localhost:5177/:0
[22731439ms] [ERROR] Failed to load resource: net::ERR_CONNECTION_REFUSED @ http://localhost:5177/:0
[22732445ms] [ERROR] Failed to load resource: net::ERR_CONNECTION_REFUSED @ http://localhost:5177/:0
[22733450ms] [ERROR] Failed to load resource: net::ERR_CONNECTION_REFUSED @ http://localhost:5177/:0
[22734457ms] [ERROR] Failed to load resource: net::ERR_CONNECTION_REFUSED @ http://localhost:5177/:0
[22735464ms] [ERROR] Failed to load resource: net::ERR_CONNECTION_REFUSED @ http://localhost:5177/:0
[22736471ms] [ERROR] Failed to load resource: net::ERR_CONNECTION_REFUSED @ http://localhost:5177/:0
[22737479ms] [ERROR] Failed to load resource: net::ERR_CONNECTION_REFUSED @ http://localhost:5177/:0
[22738484ms] [ERROR] Failed to load resource: net::ERR_CONNECTION_REFUSED @ http://localhost:5177/:0
[22739489ms] [ERROR] Failed to load resource: net::ERR_CONNECTION_REFUSED @ http://localhost:5177/:0
[22740507ms] [ERROR] Failed to load resource: net::ERR_CONNECTION_REFUSED @ http://localhost:5177/:0
[22741513ms] [ERROR] Failed to load resource: net::ERR_CONNECTION_REFUSED @ http://localhost:5177/:0
[22742521ms] [ERROR] Failed to load resource: net::ERR_CONNECTION_REFUSED @ http://localhost:5177/:0
[22743528ms] [ERROR] Failed to load resource: net::ERR_CONNECTION_REFUSED @ http://localhost:5177/:0
[22744535ms] [ERROR] Failed to load resource: net::ERR_CONNECTION_REFUSED @ http://localhost:5177/:0
[22745542ms] [ERROR] Failed to load resource: net::ERR_CONNECTION_REFUSED @ http://localhost:5177/:0
[22746549ms] [ERROR] Failed to load resource: net::ERR_CONNECTION_REFUSED @ http://localhost:5177/:0
[22747554ms] [ERROR] Failed to load resource: net::ERR_CONNECTION_REFUSED @ http://localhost:5177/:0
[22748564ms] [ERROR] Failed to load resource: net::ERR_CONNECTION_REFUSED @ http://localhost:5177/:0
[22749568ms] [ERROR] Failed to load resource: net::ERR_CONNECTION_REFUSED @ http://localhost:5177/:0
[22750575ms] [ERROR] Failed to load resource: net::ERR_CONNECTION_REFUSED @ http://localhost:5177/:0
[22751585ms] [ERROR] Failed to load resource: net::ERR_CONNECTION_REFUSED @ http://localhost:5177/:0
[22752593ms] [ERROR] Failed to load resource: net::ERR_CONNECTION_REFUSED @ http://localhost:5177/:0
[22753601ms] [ERROR] Failed to load resource: net::ERR_CONNECTION_REFUSED @ http://localhost:5177/:0
[22754603ms] [ERROR] Failed to load resource: net::ERR_CONNECTION_REFUSED @ http://localhost:5177/:0
[22755609ms] [ERROR] Failed to load resource: net::ERR_CONNECTION_REFUSED @ http://localhost:5177/:0
[22756616ms] [ERROR] Failed to load resource: net::ERR_CONNECTION_REFUSED @ http://localhost:5177/:0
[22757627ms] [ERROR] Failed to load resource: net::ERR_CONNECTION_REFUSED @ http://localhost:5177/:0
[22758632ms] [ERROR] Failed to load resource: net::ERR_CONNECTION_REFUSED @ http://localhost:5177/:0
[22759637ms] [ERROR] Failed to load resource: net::ERR_CONNECTION_REFUSED @ http://localhost:5177/:0
[22760645ms] [ERROR] Failed to load resource: net::ERR_CONNECTION_REFUSED @ http://localhost:5177/:0
[22761649ms] [ERROR] Failed to load resource: net::ERR_CONNECTION_REFUSED @ http://localhost:5177/:0
[22762654ms] [ERROR] Failed to load resource: net::ERR_CONNECTION_REFUSED @ http://localhost:5177/:0
[22763658ms] [ERROR] Failed to load resource: net::ERR_CONNECTION_REFUSED @ http://localhost:5177/:0
[22764662ms] [ERROR] Failed to load resource: net::ERR_CONNECTION_REFUSED @ http://localhost:5177/:0
[22765667ms] [ERROR] Failed to load resource: net::ERR_CONNECTION_REFUSED @ http://localhost:5177/:0
[22766672ms] [ERROR] Failed to load resource: net::ERR_CONNECTION_REFUSED @ http://localhost:5177/:0
[22767679ms] [ERROR] Failed to load resource: net::ERR_CONNECTION_REFUSED @ http://localhost:5177/:0
[22768688ms] [ERROR] Failed to load resource: net::ERR_CONNECTION_REFUSED @ http://localhost:5177/:0
[22769692ms] [ERROR] Failed to load resource: net::ERR_CONNECTION_REFUSED @ http://localhost:5177/:0
[22770700ms] [ERROR] Failed to load resource: net::ERR_CONNECTION_REFUSED @ http://localhost:5177/:0
[22771706ms] [ERROR] Failed to load resource: net::ERR_CONNECTION_REFUSED @ http://localhost:5177/:0
[22772710ms] [ERROR] Failed to load resource: net::ERR_CONNECTION_REFUSED @ http://localhost:5177/:0
[22773724ms] [ERROR] Failed to load resource: net::ERR_CONNECTION_REFUSED @ http://localhost:5177/:0
[22774730ms] [ERROR] Failed to load resource: net::ERR_CONNECTION_REFUSED @ http://localhost:5177/:0
[22775734ms] [ERROR] Failed to load resource: net::ERR_CONNECTION_REFUSED @ http://localhost:5177/:0
[22776741ms] [ERROR] Failed to load resource: net::ERR_CONNECTION_REFUSED @ http://localhost:5177/:0
[22777748ms] [ERROR] Failed to load resource: net::ERR_CONNECTION_REFUSED @ http://localhost:5177/:0
[22778753ms] [ERROR] Failed to load resource: net::ERR_CONNECTION_REFUSED @ http://localhost:5177/:0
[22779757ms] [ERROR] Failed to load resource: net::ERR_CONNECTION_REFUSED @ http://localhost:5177/:0
[22780766ms] [ERROR] Failed to load resource: net::ERR_CONNECTION_REFUSED @ http://localhost:5177/:0
[22781770ms] [ERROR] Failed to load resource: net::ERR_CONNECTION_REFUSED @ http://localhost:5177/:0
[22782773ms] [ERROR] Failed to load resource: net::ERR_CONNECTION_REFUSED @ http://localhost:5177/:0
[22783777ms] [ERROR] Failed to load resource: net::ERR_CONNECTION_REFUSED @ http://localhost:5177/:0
[22784786ms] [ERROR] Failed to load resource: net::ERR_CONNECTION_REFUSED @ http://localhost:5177/:0
[22785792ms] [ERROR] Failed to load resource: net::ERR_CONNECTION_REFUSED @ http://localhost:5177/:0
[22786798ms] [ERROR] Failed to load resource: net::ERR_CONNECTION_REFUSED @ http://localhost:5177/:0
[22787803ms] [ERROR] Failed to load resource: net::ERR_CONNECTION_REFUSED @ http://localhost:5177/:0
[22788808ms] [ERROR] Failed to load resource: net::ERR_CONNECTION_REFUSED @ http://localhost:5177/:0
[22789817ms] [ERROR] Failed to load resource: net::ERR_CONNECTION_REFUSED @ http://localhost:5177/:0
[22790824ms] [ERROR] Failed to load resource: net::ERR_CONNECTION_REFUSED @ http://localhost:5177/:0
[22791832ms] [ERROR] Failed to load resource: net::ERR_CONNECTION_REFUSED @ http://localhost:5177/:0
[22792838ms] [ERROR] Failed to load resource: net::ERR_CONNECTION_REFUSED @ http://localhost:5177/:0
[22793841ms] [ERROR] Failed to load resource: net::ERR_CONNECTION_REFUSED @ http://localhost:5177/:0
[22794846ms] [ERROR] Failed to load resource: net::ERR_CONNECTION_REFUSED @ http://localhost:5177/:0
[22795854ms] [ERROR] Failed to load resource: net::ERR_CONNECTION_REFUSED @ http://localhost:5177/:0
[22796866ms] [ERROR] Failed to load resource: net::ERR_CONNECTION_REFUSED @ http://localhost:5177/:0
[22797873ms] [ERROR] Failed to load resource: net::ERR_CONNECTION_REFUSED @ http://localhost:5177/:0
[22798878ms] [ERROR] Failed to load resource: net::ERR_CONNECTION_REFUSED @ http://localhost:5177/:0
[22799886ms] [ERROR] Failed to load resource: net::ERR_CONNECTION_REFUSED @ http://localhost:5177/:0
[22800893ms] [ERROR] Failed to load resource: net::ERR_CONNECTION_REFUSED @ http://localhost:5177/:0
[22801898ms] [ERROR] Failed to load resource: net::ERR_CONNECTION_REFUSED @ http://localhost:5177/:0
[22802904ms] [ERROR] Failed to load resource: net::ERR_CONNECTION_REFUSED @ http://localhost:5177/:0
[22803911ms] [ERROR] Failed to load resource: net::ERR_CONNECTION_REFUSED @ http://localhost:5177/:0
[22804920ms] [ERROR] Failed to load resource: net::ERR_CONNECTION_REFUSED @ http://localhost:5177/:0
[22805932ms] [ERROR] Failed to load resource: net::ERR_CONNECTION_REFUSED @ http://localhost:5177/:0
[22806937ms] [ERROR] Failed to load resource: net::ERR_CONNECTION_REFUSED @ http://localhost:5177/:0
[22807941ms] [ERROR] Failed to load resource: net::ERR_CONNECTION_REFUSED @ http://localhost:5177/:0
[22808945ms] [ERROR] Failed to load resource: net::ERR_CONNECTION_REFUSED @ http://localhost:5177/:0
[22809951ms] [ERROR] Failed to load resource: net::ERR_CONNECTION_REFUSED @ http://localhost:5177/:0
[22810958ms] [ERROR] Failed to load resource: net::ERR_CONNECTION_REFUSED @ http://localhost:5177/:0
[22811960ms] [ERROR] Failed to load resource: net::ERR_CONNECTION_REFUSED @ http://localhost:5177/:0
[22812966ms] [ERROR] Failed to load resource: net::ERR_CONNECTION_REFUSED @ http://localhost:5177/:0
[22813970ms] [ERROR] Failed to load resource: net::ERR_CONNECTION_REFUSED @ http://localhost:5177/:0
[22814976ms] [ERROR] Failed to load resource: net::ERR_CONNECTION_REFUSED @ http://localhost:5177/:0
[22815980ms] [ERROR] Failed to load resource: net::ERR_CONNECTION_REFUSED @ http://localhost:5177/:0
[22816987ms] [ERROR] Failed to load resource: net::ERR_CONNECTION_REFUSED @ http://localhost:5177/:0
[22817994ms] [ERROR] Failed to load resource: net::ERR_CONNECTION_REFUSED @ http://localhost:5177/:0
[22819002ms] [ERROR] Failed to load resource: net::ERR_CONNECTION_REFUSED @ http://localhost:5177/:0
[22820008ms] [ERROR] Failed to load resource: net::ERR_CONNECTION_REFUSED @ http://localhost:5177/:0
[22821016ms] [ERROR] Failed to load resource: net::ERR_CONNECTION_REFUSED @ http://localhost:5177/:0
[22822020ms] [ERROR] Failed to load resource: net::ERR_CONNECTION_REFUSED @ http://localhost:5177/:0
[22823023ms] [ERROR] Failed to load resource: net::ERR_CONNECTION_REFUSED @ http://localhost:5177/:0
[22824026ms] [ERROR] Failed to load resource: net::ERR_CONNECTION_REFUSED @ http://localhost:5177/:0
[22825035ms] [ERROR] Failed to load resource: net::ERR_CONNECTION_REFUSED @ http://localhost:5177/:0
[22826040ms] [ERROR] Failed to load resource: net::ERR_CONNECTION_REFUSED @ http://localhost:5177/:0
[22827045ms] [ERROR] Failed to load resource: net::ERR_CONNECTION_REFUSED @ http://localhost:5177/:0
[22828048ms] [ERROR] Failed to load resource: net::ERR_CONNECTION_REFUSED @ http://localhost:5177/:0
[22829052ms] [ERROR] Failed to load resource: net::ERR_CONNECTION_REFUSED @ http://localhost:5177/:0
[22830062ms] [ERROR] Failed to load resource: net::ERR_CONNECTION_REFUSED @ http://localhost:5177/:0
[22831067ms] [ERROR] Failed to load resource: net::ERR_CONNECTION_REFUSED @ http://localhost:5177/:0
[22832074ms] [ERROR] Failed to load resource: net::ERR_CONNECTION_REFUSED @ http://localhost:5177/:0
[22833081ms] [ERROR] Failed to load resource: net::ERR_CONNECTION_REFUSED @ http://localhost:5177/:0
[22834087ms] [ERROR] Failed to load resource: net::ERR_CONNECTION_REFUSED @ http://localhost:5177/:0
[22835091ms] [ERROR] Failed to load resource: net::ERR_CONNECTION_REFUSED @ http://localhost:5177/:0
[22836096ms] [ERROR] Failed to load resource: net::ERR_CONNECTION_REFUSED @ http://localhost:5177/:0
[22837103ms] [ERROR] Failed to load resource: net::ERR_CONNECTION_REFUSED @ http://localhost:5177/:0
[22838109ms] [ERROR] Failed to load resource: net::ERR_CONNECTION_REFUSED @ http://localhost:5177/:0
[22839114ms] [ERROR] Failed to load resource: net::ERR_CONNECTION_REFUSED @ http://localhost:5177/:0
[22840120ms] [ERROR] Failed to load resource: net::ERR_CONNECTION_REFUSED @ http://localhost:5177/:0
[22841126ms] [ERROR] Failed to load resource: net::ERR_CONNECTION_REFUSED @ http://localhost:5177/:0
[22842133ms] [ERROR] Failed to load resource: net::ERR_CONNECTION_REFUSED @ http://localhost:5177/:0
[22843140ms] [ERROR] Failed to load resource: net::ERR_CONNECTION_REFUSED @ http://localhost:5177/:0
[22844147ms] [ERROR] Failed to load resource: net::ERR_CONNECTION_REFUSED @ http://localhost:5177/:0
[22845153ms] [ERROR] Failed to load resource: net::ERR_CONNECTION_REFUSED @ http://localhost:5177/:0
[22846157ms] [ERROR] Failed to load resource: net::ERR_CONNECTION_REFUSED @ http://localhost:5177/:0
[22847165ms] [ERROR] Failed to load resource: net::ERR_CONNECTION_REFUSED @ http://localhost:5177/:0
[22848170ms] [ERROR] Failed to load resource: net::ERR_CONNECTION_REFUSED @ http://localhost:5177/:0
[22849178ms] [ERROR] Failed to load resource: net::ERR_CONNECTION_REFUSED @ http://localhost:5177/:0
[22850189ms] [ERROR] Failed to load resource: net::ERR_CONNECTION_REFUSED @ http://localhost:5177/:0
[22851196ms] [ERROR] Failed to load resource: net::ERR_CONNECTION_REFUSED @ http://localhost:5177/:0
[22852203ms] [ERROR] Failed to load resource: net::ERR_CONNECTION_REFUSED @ http://localhost:5177/:0
[22853211ms] [ERROR] Failed to load resource: net::ERR_CONNECTION_REFUSED @ http://localhost:5177/:0
[22854215ms] [ERROR] Failed to load resource: net::ERR_CONNECTION_REFUSED @ http://localhost:5177/:0
[22855217ms] [ERROR] Failed to load resource: net::ERR_CONNECTION_REFUSED @ http://localhost:5177/:0
[22856221ms] [ERROR] Failed to load resource: net::ERR_CONNECTION_REFUSED @ http://localhost:5177/:0
[22857228ms] [ERROR] Failed to load resource: net::ERR_CONNECTION_REFUSED @ http://localhost:5177/:0
[22858235ms] [ERROR] Failed to load resource: net::ERR_CONNECTION_REFUSED @ http://localhost:5177/:0
[22859238ms] [ERROR] Failed to load resource: net::ERR_CONNECTION_REFUSED @ http://localhost:5177/:0
[22860245ms] [ERROR] Failed to load resource: net::ERR_CONNECTION_REFUSED @ http://localhost:5177/:0
[22861248ms] [ERROR] Failed to load resource: net::ERR_CONNECTION_REFUSED @ http://localhost:5177/:0
[22862253ms] [ERROR] Failed to load resource: net::ERR_CONNECTION_REFUSED @ http://localhost:5177/:0
[22863261ms] [ERROR] Failed to load resource: net::ERR_CONNECTION_REFUSED @ http://localhost:5177/:0
[22864267ms] [ERROR] Failed to load resource: net::ERR_CONNECTION_REFUSED @ http://localhost:5177/:0
[22865275ms] [ERROR] Failed to load resource: net::ERR_CONNECTION_REFUSED @ http://localhost:5177/:0
[22866279ms] [ERROR] Failed to load resource: net::ERR_CONNECTION_REFUSED @ http://localhost:5177/:0
[22867286ms] [ERROR] Failed to load resource: net::ERR_CONNECTION_REFUSED @ http://localhost:5177/:0
[22868292ms] [ERROR] Failed to load resource: net::ERR_CONNECTION_REFUSED @ http://localhost:5177/:0
[22869297ms] [ERROR] Failed to load resource: net::ERR_CONNECTION_REFUSED @ http://localhost:5177/:0
[22870301ms] [ERROR] Failed to load resource: net::ERR_CONNECTION_REFUSED @ http://localhost:5177/:0
[22871306ms] [ERROR] Failed to load resource: net::ERR_CONNECTION_REFUSED @ http://localhost:5177/:0
[22872312ms] [ERROR] Failed to load resource: net::ERR_CONNECTION_REFUSED @ http://localhost:5177/:0
[22873317ms] [ERROR] Failed to load resource: net::ERR_CONNECTION_REFUSED @ http://localhost:5177/:0
[22874321ms] [ERROR] Failed to load resource: net::ERR_CONNECTION_REFUSED @ http://localhost:5177/:0
[22875328ms] [ERROR] Failed to load resource: net::ERR_CONNECTION_REFUSED @ http://localhost:5177/:0
[22876336ms] [ERROR] Failed to load resource: net::ERR_CONNECTION_REFUSED @ http://localhost:5177/:0
[22877341ms] [ERROR] Failed to load resource: net::ERR_CONNECTION_REFUSED @ http://localhost:5177/:0
[22878348ms] [ERROR] Failed to load resource: net::ERR_CONNECTION_REFUSED @ http://localhost:5177/:0
[22879360ms] [ERROR] Failed to load resource: net::ERR_CONNECTION_REFUSED @ http://localhost:5177/:0
[22880368ms] [ERROR] Failed to load resource: net::ERR_CONNECTION_REFUSED @ http://localhost:5177/:0
[22881373ms] [ERROR] Failed to load resource: net::ERR_CONNECTION_REFUSED @ http://localhost:5177/:0
[22882380ms] [ERROR] Failed to load resource: net::ERR_CONNECTION_REFUSED @ http://localhost:5177/:0
[22883388ms] [ERROR] Failed to load resource: net::ERR_CONNECTION_REFUSED @ http://localhost:5177/:0
[22884393ms] [ERROR] Failed to load resource: net::ERR_CONNECTION_REFUSED @ http://localhost:5177/:0
[22885398ms] [ERROR] Failed to load resource: net::ERR_CONNECTION_REFUSED @ http://localhost:5177/:0
[22886403ms] [ERROR] Failed to load resource: net::ERR_CONNECTION_REFUSED @ http://localhost:5177/:0
[22887410ms] [ERROR] Failed to load resource: net::ERR_CONNECTION_REFUSED @ http://localhost:5177/:0
[22888421ms] [ERROR] Failed to load resource: net::ERR_CONNECTION_REFUSED @ http://localhost:5177/:0
[22889427ms] [ERROR] Failed to load resource: net::ERR_CONNECTION_REFUSED @ http://localhost:5177/:0
[22890438ms] [ERROR] Failed to load resource: net::ERR_CONNECTION_REFUSED @ http://localhost:5177/:0
[22891442ms] [ERROR] Failed to load resource: net::ERR_CONNECTION_REFUSED @ http://localhost:5177/:0
[22892446ms] [ERROR] Failed to load resource: net::ERR_CONNECTION_REFUSED @ http://localhost:5177/:0
[22893452ms] [ERROR] Failed to load resource: net::ERR_CONNECTION_REFUSED @ http://localhost:5177/:0
[22894459ms] [ERROR] Failed to load resource: net::ERR_CONNECTION_REFUSED @ http://localhost:5177/:0
[22895465ms] [ERROR] Failed to load resource: net::ERR_CONNECTION_REFUSED @ http://localhost:5177/:0
[22896470ms] [ERROR] Failed to load resource: net::ERR_CONNECTION_REFUSED @ http://localhost:5177/:0
[22897475ms] [ERROR] Failed to load resource: net::ERR_CONNECTION_REFUSED @ http://localhost:5177/:0
[22898479ms] [ERROR] Failed to load resource: net::ERR_CONNECTION_REFUSED @ http://localhost:5177/:0
[22899486ms] [ERROR] Failed to load resource: net::ERR_CONNECTION_REFUSED @ http://localhost:5177/:0
[22900493ms] [ERROR] Failed to load resource: net::ERR_CONNECTION_REFUSED @ http://localhost:5177/:0
[22901496ms] [ERROR] Failed to load resource: net::ERR_CONNECTION_REFUSED @ http://localhost:5177/:0
[22902503ms] [ERROR] Failed to load resource: net::ERR_CONNECTION_REFUSED @ http://localhost:5177/:0
[22903510ms] [ERROR] Failed to load resource: net::ERR_CONNECTION_REFUSED @ http://localhost:5177/:0
[22904514ms] [ERROR] Failed to load resource: net::ERR_CONNECTION_REFUSED @ http://localhost:5177/:0
[22905520ms] [ERROR] Failed to load resource: net::ERR_CONNECTION_REFUSED @ http://localhost:5177/:0
[22906525ms] [ERROR] Failed to load resource: net::ERR_CONNECTION_REFUSED @ http://localhost:5177/:0
[22907531ms] [ERROR] Failed to load resource: net::ERR_CONNECTION_REFUSED @ http://localhost:5177/:0
[22908541ms] [ERROR] Failed to load resource: net::ERR_CONNECTION_REFUSED @ http://localhost:5177/:0
[22909545ms] [ERROR] Failed to load resource: net::ERR_CONNECTION_REFUSED @ http://localhost:5177/:0
[22910552ms] [ERROR] Failed to load resource: net::ERR_CONNECTION_REFUSED @ http://localhost:5177/:0
[22911556ms] [ERROR] Failed to load resource: net::ERR_CONNECTION_REFUSED @ http://localhost:5177/:0
[22912563ms] [ERROR] Failed to load resource: net::ERR_CONNECTION_REFUSED @ http://localhost:5177/:0
[22913568ms] [ERROR] Failed to load resource: net::ERR_CONNECTION_REFUSED @ http://localhost:5177/:0
[22914573ms] [ERROR] Failed to load resource: net::ERR_CONNECTION_REFUSED @ http://localhost:5177/:0
[22915581ms] [ERROR] Failed to load resource: net::ERR_CONNECTION_REFUSED @ http://localhost:5177/:0
[22916586ms] [ERROR] Failed to load resource: net::ERR_CONNECTION_REFUSED @ http://localhost:5177/:0
[22917590ms] [ERROR] Failed to load resource: net::ERR_CONNECTION_REFUSED @ http://localhost:5177/:0
[22918595ms] [ERROR] Failed to load resource: net::ERR_CONNECTION_REFUSED @ http://localhost:5177/:0
[22919601ms] [ERROR] Failed to load resource: net::ERR_CONNECTION_REFUSED @ http://localhost:5177/:0
[22920607ms] [ERROR] Failed to load resource: net::ERR_CONNECTION_REFUSED @ http://localhost:5177/:0
[22921612ms] [ERROR] Failed to load resource: net::ERR_CONNECTION_REFUSED @ http://localhost:5177/:0
[22922616ms] [ERROR] Failed to load resource: net::ERR_CONNECTION_REFUSED @ http://localhost:5177/:0
[22923621ms] [ERROR] Failed to load resource: net::ERR_CONNECTION_REFUSED @ http://localhost:5177/:0
[22924625ms] [ERROR] Failed to load resource: net::ERR_CONNECTION_REFUSED @ http://localhost:5177/:0
[22925635ms] [ERROR] Failed to load resource: net::ERR_CONNECTION_REFUSED @ http://localhost:5177/:0
[22926638ms] [ERROR] Failed to load resource: net::ERR_CONNECTION_REFUSED @ http://localhost:5177/:0
[22927651ms] [ERROR] Failed to load resource: net::ERR_CONNECTION_REFUSED @ http://localhost:5177/:0
[22928655ms] [ERROR] Failed to load resource: net::ERR_CONNECTION_REFUSED @ http://localhost:5177/:0
[22929662ms] [ERROR] Failed to load resource: net::ERR_CONNECTION_REFUSED @ http://localhost:5177/:0
[22930666ms] [ERROR] Failed to load resource: net::ERR_CONNECTION_REFUSED @ http://localhost:5177/:0
[22931670ms] [ERROR] Failed to load resource: net::ERR_CONNECTION_REFUSED @ http://localhost:5177/:0
[22932674ms] [ERROR] Failed to load resource: net::ERR_CONNECTION_REFUSED @ http://localhost:5177/:0
[22933686ms] [ERROR] Failed to load resource: net::ERR_CONNECTION_REFUSED @ http://localhost:5177/:0
[22934691ms] [ERROR] Failed to load resource: net::ERR_CONNECTION_REFUSED @ http://localhost:5177/:0
[22935695ms] [ERROR] Failed to load resource: net::ERR_CONNECTION_REFUSED @ http://localhost:5177/:0
[22936704ms] [ERROR] Failed to load resource: net::ERR_CONNECTION_REFUSED @ http://localhost:5177/:0
[22937709ms] [ERROR] Failed to load resource: net::ERR_CONNECTION_REFUSED @ http://localhost:5177/:0
[22938719ms] [ERROR] Failed to load resource: net::ERR_CONNECTION_REFUSED @ http://localhost:5177/:0
[22939723ms] [ERROR] Failed to load resource: net::ERR_CONNECTION_REFUSED @ http://localhost:5177/:0
[22940730ms] [ERROR] Failed to load resource: net::ERR_CONNECTION_REFUSED @ http://localhost:5177/:0
[22941739ms] [ERROR] Failed to load resource: net::ERR_CONNECTION_REFUSED @ http://localhost:5177/:0
[22942746ms] [ERROR] Failed to load resource: net::ERR_CONNECTION_REFUSED @ http://localhost:5177/:0
[22943752ms] [ERROR] Failed to load resource: net::ERR_CONNECTION_REFUSED @ http://localhost:5177/:0
[22944760ms] [ERROR] Failed to load resource: net::ERR_CONNECTION_REFUSED @ http://localhost:5177/:0
[22945765ms] [ERROR] Failed to load resource: net::ERR_CONNECTION_REFUSED @ http://localhost:5177/:0
[22946770ms] [ERROR] Failed to load resource: net::ERR_CONNECTION_REFUSED @ http://localhost:5177/:0
[22947773ms] [ERROR] Failed to load resource: net::ERR_CONNECTION_REFUSED @ http://localhost:5177/:0
[22948779ms] [ERROR] Failed to load resource: net::ERR_CONNECTION_REFUSED @ http://localhost:5177/:0
[22949786ms] [ERROR] Failed to load resource: net::ERR_CONNECTION_REFUSED @ http://localhost:5177/:0
[22950797ms] [ERROR] Failed to load resource: net::ERR_CONNECTION_REFUSED @ http://localhost:5177/:0
[22951805ms] [ERROR] Failed to load resource: net::ERR_CONNECTION_REFUSED @ http://localhost:5177/:0
[22952812ms] [ERROR] Failed to load resource: net::ERR_CONNECTION_REFUSED @ http://localhost:5177/:0
[22953818ms] [ERROR] Failed to load resource: net::ERR_CONNECTION_REFUSED @ http://localhost:5177/:0
[22954827ms] [ERROR] Failed to load resource: net::ERR_CONNECTION_REFUSED @ http://localhost:5177/:0
[22955833ms] [ERROR] Failed to load resource: net::ERR_CONNECTION_REFUSED @ http://localhost:5177/:0
[22956840ms] [ERROR] Failed to load resource: net::ERR_CONNECTION_REFUSED @ http://localhost:5177/:0
[22957847ms] [ERROR] Failed to load resource: net::ERR_CONNECTION_REFUSED @ http://localhost:5177/:0
[22958856ms] [ERROR] Failed to load resource: net::ERR_CONNECTION_REFUSED @ http://localhost:5177/:0
[22959867ms] [ERROR] Failed to load resource: net::ERR_CONNECTION_REFUSED @ http://localhost:5177/:0
[22960873ms] [ERROR] Failed to load resource: net::ERR_CONNECTION_REFUSED @ http://localhost:5177/:0
[22961878ms] [ERROR] Failed to load resource: net::ERR_CONNECTION_REFUSED @ http://localhost:5177/:0
[22962888ms] [ERROR] Failed to load resource: net::ERR_CONNECTION_REFUSED @ http://localhost:5177/:0
[22963899ms] [ERROR] Failed to load resource: net::ERR_CONNECTION_REFUSED @ http://localhost:5177/:0
[22964905ms] [ERROR] Failed to load resource: net::ERR_CONNECTION_REFUSED @ http://localhost:5177/:0
[22965911ms] [ERROR] Failed to load resource: net::ERR_CONNECTION_REFUSED @ http://localhost:5177/:0
[22966918ms] [ERROR] Failed to load resource: net::ERR_CONNECTION_REFUSED @ http://localhost:5177/:0
[22967923ms] [ERROR] Failed to load resource: net::ERR_CONNECTION_REFUSED @ http://localhost:5177/:0
[22968929ms] [ERROR] Failed to load resource: net::ERR_CONNECTION_REFUSED @ http://localhost:5177/:0
[22969936ms] [ERROR] Failed to load resource: net::ERR_CONNECTION_REFUSED @ http://localhost:5177/:0
[22970939ms] [ERROR] Failed to load resource: net::ERR_CONNECTION_REFUSED @ http://localhost:5177/:0
[22971946ms] [ERROR] Failed to load resource: net::ERR_CONNECTION_REFUSED @ http://localhost:5177/:0
[22972952ms] [ERROR] Failed to load resource: net::ERR_CONNECTION_REFUSED @ http://localhost:5177/:0
[22973955ms] [ERROR] Failed to load resource: net::ERR_CONNECTION_REFUSED @ http://localhost:5177/:0
[22974963ms] [ERROR] Failed to load resource: net::ERR_CONNECTION_REFUSED @ http://localhost:5177/:0
[22975969ms] [ERROR] Failed to load resource: net::ERR_CONNECTION_REFUSED @ http://localhost:5177/:0
[22976973ms] [ERROR] Failed to load resource: net::ERR_CONNECTION_REFUSED @ http://localhost:5177/:0
[22977980ms] [ERROR] Failed to load resource: net::ERR_CONNECTION_REFUSED @ http://localhost:5177/:0
[22978984ms] [ERROR] Failed to load resource: net::ERR_CONNECTION_REFUSED @ http://localhost:5177/:0
[22979989ms] [ERROR] Failed to load resource: net::ERR_CONNECTION_REFUSED @ http://localhost:5177/:0
[22980996ms] [ERROR] Failed to load resource: net::ERR_CONNECTION_REFUSED @ http://localhost:5177/:0
[22982002ms] [ERROR] Failed to load resource: net::ERR_CONNECTION_REFUSED @ http://localhost:5177/:0
[22983008ms] [ERROR] Failed to load resource: net::ERR_CONNECTION_REFUSED @ http://localhost:5177/:0
[22984015ms] [ERROR] Failed to load resource: net::ERR_CONNECTION_REFUSED @ http://localhost:5177/:0
[22985020ms] [ERROR] Failed to load resource: net::ERR_CONNECTION_REFUSED @ http://localhost:5177/:0
[22986025ms] [ERROR] Failed to load resource: net::ERR_CONNECTION_REFUSED @ http://localhost:5177/:0
[22987032ms] [ERROR] Failed to load resource: net::ERR_CONNECTION_REFUSED @ http://localhost:5177/:0
[22988036ms] [ERROR] Failed to load resource: net::ERR_CONNECTION_REFUSED @ http://localhost:5177/:0
[22989041ms] [ERROR] Failed to load resource: net::ERR_CONNECTION_REFUSED @ http://localhost:5177/:0
[22990047ms] [ERROR] Failed to load resource: net::ERR_CONNECTION_REFUSED @ http://localhost:5177/:0
[22991055ms] [ERROR] Failed to load resource: net::ERR_CONNECTION_REFUSED @ http://localhost:5177/:0
[22992061ms] [ERROR] Failed to load resource: net::ERR_CONNECTION_REFUSED @ http://localhost:5177/:0
[22993067ms] [ERROR] Failed to load resource: net::ERR_CONNECTION_REFUSED @ http://localhost:5177/:0
[22994073ms] [ERROR] Failed to load resource: net::ERR_CONNECTION_REFUSED @ http://localhost:5177/:0
[22995081ms] [ERROR] Failed to load resource: net::ERR_CONNECTION_REFUSED @ http://localhost:5177/:0
[22996086ms] [ERROR] Failed to load resource: net::ERR_CONNECTION_REFUSED @ http://localhost:5177/:0
[22997090ms] [ERROR] Failed to load resource: net::ERR_CONNECTION_REFUSED @ http://localhost:5177/:0
[22998095ms] [ERROR] Failed to load resource: net::ERR_CONNECTION_REFUSED @ http://localhost:5177/:0
[22999101ms] [ERROR] Failed to load resource: net::ERR_CONNECTION_REFUSED @ http://localhost:5177/:0
[23000107ms] [ERROR] Failed to load resource: net::ERR_CONNECTION_REFUSED @ http://localhost:5177/:0
[23001111ms] [ERROR] Failed to load resource: net::ERR_CONNECTION_REFUSED @ http://localhost:5177/:0
[23002115ms] [ERROR] Failed to load resource: net::ERR_CONNECTION_REFUSED @ http://localhost:5177/:0
[23003122ms] [ERROR] Failed to load resource: net::ERR_CONNECTION_REFUSED @ http://localhost:5177/:0
[23004128ms] [ERROR] Failed to load resource: net::ERR_CONNECTION_REFUSED @ http://localhost:5177/:0
[23005137ms] [ERROR] Failed to load resource: net::ERR_CONNECTION_REFUSED @ http://localhost:5177/:0
[23006143ms] [ERROR] Failed to load resource: net::ERR_CONNECTION_REFUSED @ http://localhost:5177/:0
[23007147ms] [ERROR] Failed to load resource: net::ERR_CONNECTION_REFUSED @ http://localhost:5177/:0
[23008155ms] [ERROR] Failed to load resource: net::ERR_CONNECTION_REFUSED @ http://localhost:5177/:0
[23009158ms] [ERROR] Failed to load resource: net::ERR_CONNECTION_REFUSED @ http://localhost:5177/:0
[23010163ms] [ERROR] Failed to load resource: net::ERR_CONNECTION_REFUSED @ http://localhost:5177/:0
[23011170ms] [ERROR] Failed to load resource: net::ERR_CONNECTION_REFUSED @ http://localhost:5177/:0
[23012174ms] [ERROR] Failed to load resource: net::ERR_CONNECTION_REFUSED @ http://localhost:5177/:0
[23013182ms] [ERROR] Failed to load resource: net::ERR_CONNECTION_REFUSED @ http://localhost:5177/:0
[23014186ms] [ERROR] Failed to load resource: net::ERR_CONNECTION_REFUSED @ http://localhost:5177/:0
[23015191ms] [ERROR] Failed to load resource: net::ERR_CONNECTION_REFUSED @ http://localhost:5177/:0
[23016194ms] [ERROR] Failed to load resource: net::ERR_CONNECTION_REFUSED @ http://localhost:5177/:0
[23017203ms] [ERROR] Failed to load resource: net::ERR_CONNECTION_REFUSED @ http://localhost:5177/:0
[23018210ms] [ERROR] Failed to load resource: net::ERR_CONNECTION_REFUSED @ http://localhost:5177/:0
[23019215ms] [ERROR] Failed to load resource: net::ERR_CONNECTION_REFUSED @ http://localhost:5177/:0
[23020220ms] [ERROR] Failed to load resource: net::ERR_CONNECTION_REFUSED @ http://localhost:5177/:0
[23021226ms] [ERROR] Failed to load resource: net::ERR_CONNECTION_REFUSED @ http://localhost:5177/:0
[23022232ms] [ERROR] Failed to load resource: net::ERR_CONNECTION_REFUSED @ http://localhost:5177/:0
[23023239ms] [ERROR] Failed to load resource: net::ERR_CONNECTION_REFUSED @ http://localhost:5177/:0
[23024243ms] [ERROR] Failed to load resource: net::ERR_CONNECTION_REFUSED @ http://localhost:5177/:0
[23025247ms] [ERROR] Failed to load resource: net::ERR_CONNECTION_REFUSED @ http://localhost:5177/:0
[23026253ms] [ERROR] Failed to load resource: net::ERR_CONNECTION_REFUSED @ http://localhost:5177/:0
[23027259ms] [ERROR] Failed to load resource: net::ERR_CONNECTION_REFUSED @ http://localhost:5177/:0
[23028267ms] [ERROR] Failed to load resource: net::ERR_CONNECTION_REFUSED @ http://localhost:5177/:0
[23029271ms] [ERROR] Failed to load resource: net::ERR_CONNECTION_REFUSED @ http://localhost:5177/:0
[23030277ms] [ERROR] Failed to load resource: net::ERR_CONNECTION_REFUSED @ http://localhost:5177/:0
[23031283ms] [ERROR] Failed to load resource: net::ERR_CONNECTION_REFUSED @ http://localhost:5177/:0
[23032293ms] [ERROR] Failed to load resource: net::ERR_CONNECTION_REFUSED @ http://localhost:5177/:0
[23033295ms] [ERROR] Failed to load resource: net::ERR_CONNECTION_REFUSED @ http://localhost:5177/:0
[23034301ms] [ERROR] Failed to load resource: net::ERR_CONNECTION_REFUSED @ http://localhost:5177/:0
[23035303ms] [ERROR] Failed to load resource: net::ERR_CONNECTION_REFUSED @ http://localhost:5177/:0
[23036308ms] [ERROR] Failed to load resource: net::ERR_CONNECTION_REFUSED @ http://localhost:5177/:0
[23037315ms] [ERROR] Failed to load resource: net::ERR_CONNECTION_REFUSED @ http://localhost:5177/:0
[23038319ms] [ERROR] Failed to load resource: net::ERR_CONNECTION_REFUSED @ http://localhost:5177/:0
[23039325ms] [ERROR] Failed to load resource: net::ERR_CONNECTION_REFUSED @ http://localhost:5177/:0
[23040332ms] [ERROR] Failed to load resource: net::ERR_CONNECTION_REFUSED @ http://localhost:5177/:0
[23041341ms] [ERROR] Failed to load resource: net::ERR_CONNECTION_REFUSED @ http://localhost:5177/:0
[23042349ms] [ERROR] Failed to load resource: net::ERR_CONNECTION_REFUSED @ http://localhost:5177/:0
[23043356ms] [ERROR] Failed to load resource: net::ERR_CONNECTION_REFUSED @ http://localhost:5177/:0
[23044361ms] [ERROR] Failed to load resource: net::ERR_CONNECTION_REFUSED @ http://localhost:5177/:0
[23045365ms] [ERROR] Failed to load resource: net::ERR_CONNECTION_REFUSED @ http://localhost:5177/:0
[23046372ms] [ERROR] Failed to load resource: net::ERR_CONNECTION_REFUSED @ http://localhost:5177/:0
[23047376ms] [ERROR] Failed to load resource: net::ERR_CONNECTION_REFUSED @ http://localhost:5177/:0
[23048381ms] [ERROR] Failed to load resource: net::ERR_CONNECTION_REFUSED @ http://localhost:5177/:0
[23049388ms] [ERROR] Failed to load resource: net::ERR_CONNECTION_REFUSED @ http://localhost:5177/:0
[23050391ms] [ERROR] Failed to load resource: net::ERR_CONNECTION_REFUSED @ http://localhost:5177/:0
[23051397ms] [ERROR] Failed to load resource: net::ERR_CONNECTION_REFUSED @ http://localhost:5177/:0
[23052405ms] [ERROR] Failed to load resource: net::ERR_CONNECTION_REFUSED @ http://localhost:5177/:0
[23053410ms] [ERROR] Failed to load resource: net::ERR_CONNECTION_REFUSED @ http://localhost:5177/:0
[23054417ms] [ERROR] Failed to load resource: net::ERR_CONNECTION_REFUSED @ http://localhost:5177/:0
[23055422ms] [ERROR] Failed to load resource: net::ERR_CONNECTION_REFUSED @ http://localhost:5177/:0
[23056430ms] [ERROR] Failed to load resource: net::ERR_CONNECTION_REFUSED @ http://localhost:5177/:0
[23057434ms] [ERROR] Failed to load resource: net::ERR_CONNECTION_REFUSED @ http://localhost:5177/:0
[23058439ms] [ERROR] Failed to load resource: net::ERR_CONNECTION_REFUSED @ http://localhost:5177/:0
[23059444ms] [ERROR] Failed to load resource: net::ERR_CONNECTION_REFUSED @ http://localhost:5177/:0
[23060448ms] [ERROR] Failed to load resource: net::ERR_CONNECTION_REFUSED @ http://localhost:5177/:0
[23061454ms] [ERROR] Failed to load resource: net::ERR_CONNECTION_REFUSED @ http://localhost:5177/:0
[23062461ms] [ERROR] Failed to load resource: net::ERR_CONNECTION_REFUSED @ http://localhost:5177/:0
[23063464ms] [ERROR] Failed to load resource: net::ERR_CONNECTION_REFUSED @ http://localhost:5177/:0
[23064467ms] [ERROR] Failed to load resource: net::ERR_CONNECTION_REFUSED @ http://localhost:5177/:0
[23065474ms] [ERROR] Failed to load resource: net::ERR_CONNECTION_REFUSED @ http://localhost:5177/:0
[23066479ms] [ERROR] Failed to load resource: net::ERR_CONNECTION_REFUSED @ http://localhost:5177/:0
[23067485ms] [ERROR] Failed to load resource: net::ERR_CONNECTION_REFUSED @ http://localhost:5177/:0
[23068493ms] [ERROR] Failed to load resource: net::ERR_CONNECTION_REFUSED @ http://localhost:5177/:0
[23069499ms] [ERROR] Failed to load resource: net::ERR_CONNECTION_REFUSED @ http://localhost:5177/:0
[23070506ms] [ERROR] Failed to load resource: net::ERR_CONNECTION_REFUSED @ http://localhost:5177/:0
[23071513ms] [ERROR] Failed to load resource: net::ERR_CONNECTION_REFUSED @ http://localhost:5177/:0
[23072519ms] [ERROR] Failed to load resource: net::ERR_CONNECTION_REFUSED @ http://localhost:5177/:0
[23073527ms] [ERROR] Failed to load resource: net::ERR_CONNECTION_REFUSED @ http://localhost:5177/:0
[23074529ms] [ERROR] Failed to load resource: net::ERR_CONNECTION_REFUSED @ http://localhost:5177/:0
[23075537ms] [ERROR] Failed to load resource: net::ERR_CONNECTION_REFUSED @ http://localhost:5177/:0
[23076542ms] [ERROR] Failed to load resource: net::ERR_CONNECTION_REFUSED @ http://localhost:5177/:0
[23077550ms] [ERROR] Failed to load resource: net::ERR_CONNECTION_REFUSED @ http://localhost:5177/:0
[23078555ms] [ERROR] Failed to load resource: net::ERR_CONNECTION_REFUSED @ http://localhost:5177/:0
[23079567ms] [ERROR] Failed to load resource: net::ERR_CONNECTION_REFUSED @ http://localhost:5177/:0
[23080574ms] [ERROR] Failed to load resource: net::ERR_CONNECTION_REFUSED @ http://localhost:5177/:0
[23081579ms] [ERROR] Failed to load resource: net::ERR_CONNECTION_REFUSED @ http://localhost:5177/:0
[23082585ms] [ERROR] Failed to load resource: net::ERR_CONNECTION_REFUSED @ http://localhost:5177/:0
[23083588ms] [ERROR] Failed to load resource: net::ERR_CONNECTION_REFUSED @ http://localhost:5177/:0
[23084594ms] [ERROR] Failed to load resource: net::ERR_CONNECTION_REFUSED @ http://localhost:5177/:0
[23085602ms] [ERROR] Failed to load resource: net::ERR_CONNECTION_REFUSED @ http://localhost:5177/:0
[23086607ms] [ERROR] Failed to load resource: net::ERR_CONNECTION_REFUSED @ http://localhost:5177/:0
[23087613ms] [ERROR] Failed to load resource: net::ERR_CONNECTION_REFUSED @ http://localhost:5177/:0
[23088624ms] [ERROR] Failed to load resource: net::ERR_CONNECTION_REFUSED @ http://localhost:5177/:0
[23089627ms] [ERROR] Failed to load resource: net::ERR_CONNECTION_REFUSED @ http://localhost:5177/:0
[23090632ms] [ERROR] Failed to load resource: net::ERR_CONNECTION_REFUSED @ http://localhost:5177/:0
[23091640ms] [ERROR] Failed to load resource: net::ERR_CONNECTION_REFUSED @ http://localhost:5177/:0
[23092649ms] [ERROR] Failed to load resource: net::ERR_CONNECTION_REFUSED @ http://localhost:5177/:0
[23093653ms] [ERROR] Failed to load resource: net::ERR_CONNECTION_REFUSED @ http://localhost:5177/:0
[23094659ms] [ERROR] Failed to load resource: net::ERR_CONNECTION_REFUSED @ http://localhost:5177/:0
[23095669ms] [ERROR] Failed to load resource: net::ERR_CONNECTION_REFUSED @ http://localhost:5177/:0
[23096676ms] [ERROR] Failed to load resource: net::ERR_CONNECTION_REFUSED @ http://localhost:5177/:0
[23097687ms] [ERROR] Failed to load resource: net::ERR_CONNECTION_REFUSED @ http://localhost:5177/:0
[23098692ms] [ERROR] Failed to load resource: net::ERR_CONNECTION_REFUSED @ http://localhost:5177/:0
[23099697ms] [ERROR] Failed to load resource: net::ERR_CONNECTION_REFUSED @ http://localhost:5177/:0
[23100702ms] [ERROR] Failed to load resource: net::ERR_CONNECTION_REFUSED @ http://localhost:5177/:0
[23101710ms] [ERROR] Failed to load resource: net::ERR_CONNECTION_REFUSED @ http://localhost:5177/:0
[23102722ms] [ERROR] Failed to load resource: net::ERR_CONNECTION_REFUSED @ http://localhost:5177/:0
[23103727ms] [ERROR] Failed to load resource: net::ERR_CONNECTION_REFUSED @ http://localhost:5177/:0
[23104732ms] [ERROR] Failed to load resource: net::ERR_CONNECTION_REFUSED @ http://localhost:5177/:0
[23105736ms] [ERROR] Failed to load resource: net::ERR_CONNECTION_REFUSED @ http://localhost:5177/:0
[23106741ms] [ERROR] Failed to load resource: net::ERR_CONNECTION_REFUSED @ http://localhost:5177/:0
[23107748ms] [ERROR] Failed to load resource: net::ERR_CONNECTION_REFUSED @ http://localhost:5177/:0
[23108755ms] [ERROR] Failed to load resource: net::ERR_CONNECTION_REFUSED @ http://localhost:5177/:0
[23109757ms] [ERROR] Failed to load resource: net::ERR_CONNECTION_REFUSED @ http://localhost:5177/:0
[23110762ms] [ERROR] Failed to load resource: net::ERR_CONNECTION_REFUSED @ http://localhost:5177/:0
[23111774ms] [ERROR] Failed to load resource: net::ERR_CONNECTION_REFUSED @ http://localhost:5177/:0
[23112780ms] [ERROR] Failed to load resource: net::ERR_CONNECTION_REFUSED @ http://localhost:5177/:0
[23113805ms] [ERROR] Failed to load resource: net::ERR_CONNECTION_REFUSED @ http://localhost:5177/:0
[23114809ms] [ERROR] Failed to load resource: net::ERR_CONNECTION_REFUSED @ http://localhost:5177/:0
[23115816ms] [ERROR] Failed to load resource: net::ERR_CONNECTION_REFUSED @ http://localhost:5177/:0
[23116822ms] [ERROR] Failed to load resource: net::ERR_CONNECTION_REFUSED @ http://localhost:5177/:0
[23117832ms] [ERROR] Failed to load resource: net::ERR_CONNECTION_REFUSED @ http://localhost:5177/:0
[23118839ms] [ERROR] Failed to load resource: net::ERR_CONNECTION_REFUSED @ http://localhost:5177/:0
[23119842ms] [ERROR] Failed to load resource: net::ERR_CONNECTION_REFUSED @ http://localhost:5177/:0
[23120850ms] [ERROR] Failed to load resource: net::ERR_CONNECTION_REFUSED @ http://localhost:5177/:0
[23121854ms] [ERROR] Failed to load resource: net::ERR_CONNECTION_REFUSED @ http://localhost:5177/:0
[23122858ms] [ERROR] Failed to load resource: net::ERR_CONNECTION_REFUSED @ http://localhost:5177/:0
[23123863ms] [ERROR] Failed to load resource: net::ERR_CONNECTION_REFUSED @ http://localhost:5177/:0
[23124867ms] [ERROR] Failed to load resource: net::ERR_CONNECTION_REFUSED @ http://localhost:5177/:0
[23125876ms] [ERROR] Failed to load resource: net::ERR_CONNECTION_REFUSED @ http://localhost:5177/:0
[23126880ms] [ERROR] Failed to load resource: net::ERR_CONNECTION_REFUSED @ http://localhost:5177/:0
[23127883ms] [ERROR] Failed to load resource: net::ERR_CONNECTION_REFUSED @ http://localhost:5177/:0
[23128890ms] [ERROR] Failed to load resource: net::ERR_CONNECTION_REFUSED @ http://localhost:5177/:0
[23129895ms] [ERROR] Failed to load resource: net::ERR_CONNECTION_REFUSED @ http://localhost:5177/:0
[23130904ms] [ERROR] Failed to load resource: net::ERR_CONNECTION_REFUSED @ http://localhost:5177/:0
[23131916ms] [ERROR] Failed to load resource: net::ERR_CONNECTION_REFUSED @ http://localhost:5177/:0
[23132923ms] [ERROR] Failed to load resource: net::ERR_CONNECTION_REFUSED @ http://localhost:5177/:0
[23133929ms] [ERROR] Failed to load resource: net::ERR_CONNECTION_REFUSED @ http://localhost:5177/:0
[23134936ms] [ERROR] Failed to load resource: net::ERR_CONNECTION_REFUSED @ http://localhost:5177/:0
[23135942ms] [ERROR] Failed to load resource: net::ERR_CONNECTION_REFUSED @ http://localhost:5177/:0
[23136946ms] [ERROR] Failed to load resource: net::ERR_CONNECTION_REFUSED @ http://localhost:5177/:0
[23137951ms] [ERROR] Failed to load resource: net::ERR_CONNECTION_REFUSED @ http://localhost:5177/:0
[23138961ms] [ERROR] Failed to load resource: net::ERR_CONNECTION_REFUSED @ http://localhost:5177/:0
[23139966ms] [ERROR] Failed to load resource: net::ERR_CONNECTION_REFUSED @ http://localhost:5177/:0
[23140972ms] [ERROR] Failed to load resource: net::ERR_CONNECTION_REFUSED @ http://localhost:5177/:0
[23141979ms] [ERROR] Failed to load resource: net::ERR_CONNECTION_REFUSED @ http://localhost:5177/:0
[23142985ms] [ERROR] Failed to load resource: net::ERR_CONNECTION_REFUSED @ http://localhost:5177/:0
[23143989ms] [ERROR] Failed to load resource: net::ERR_CONNECTION_REFUSED @ http://localhost:5177/:0
[23144994ms] [ERROR] Failed to load resource: net::ERR_CONNECTION_REFUSED @ http://localhost:5177/:0
[23146000ms] [ERROR] Failed to load resource: net::ERR_CONNECTION_REFUSED @ http://localhost:5177/:0
[23147004ms] [ERROR] Failed to load resource: net::ERR_CONNECTION_REFUSED @ http://localhost:5177/:0
[23148011ms] [ERROR] Failed to load resource: net::ERR_CONNECTION_REFUSED @ http://localhost:5177/:0
[23149016ms] [ERROR] Failed to load resource: net::ERR_CONNECTION_REFUSED @ http://localhost:5177/:0
[23150022ms] [ERROR] Failed to load resource: net::ERR_CONNECTION_REFUSED @ http://localhost:5177/:0
[23151028ms] [ERROR] Failed to load resource: net::ERR_CONNECTION_REFUSED @ http://localhost:5177/:0
[23152035ms] [ERROR] Failed to load resource: net::ERR_CONNECTION_REFUSED @ http://localhost:5177/:0
[23153042ms] [ERROR] Failed to load resource: net::ERR_CONNECTION_REFUSED @ http://localhost:5177/:0
[23154049ms] [ERROR] Failed to load resource: net::ERR_CONNECTION_REFUSED @ http://localhost:5177/:0
[23155052ms] [ERROR] Failed to load resource: net::ERR_CONNECTION_REFUSED @ http://localhost:5177/:0
[23156058ms] [ERROR] Failed to load resource: net::ERR_CONNECTION_REFUSED @ http://localhost:5177/:0
[23157065ms] [ERROR] Failed to load resource: net::ERR_CONNECTION_REFUSED @ http://localhost:5177/:0
[23158073ms] [ERROR] Failed to load resource: net::ERR_CONNECTION_REFUSED @ http://localhost:5177/:0
[23159083ms] [ERROR] Failed to load resource: net::ERR_CONNECTION_REFUSED @ http://localhost:5177/:0
[23160092ms] [ERROR] Failed to load resource: net::ERR_CONNECTION_REFUSED @ http://localhost:5177/:0
[23161098ms] [ERROR] Failed to load resource: net::ERR_CONNECTION_REFUSED @ http://localhost:5177/:0
[23162102ms] [ERROR] Failed to load resource: net::ERR_CONNECTION_REFUSED @ http://localhost:5177/:0
[23163108ms] [ERROR] Failed to load resource: net::ERR_CONNECTION_REFUSED @ http://localhost:5177/:0
[23164113ms] [ERROR] Failed to load resource: net::ERR_CONNECTION_REFUSED @ http://localhost:5177/:0
[23165117ms] [ERROR] Failed to load resource: net::ERR_CONNECTION_REFUSED @ http://localhost:5177/:0
[23166124ms] [ERROR] Failed to load resource: net::ERR_CONNECTION_REFUSED @ http://localhost:5177/:0
[23167128ms] [ERROR] Failed to load resource: net::ERR_CONNECTION_REFUSED @ http://localhost:5177/:0
[23168130ms] [ERROR] Failed to load resource: net::ERR_CONNECTION_REFUSED @ http://localhost:5177/:0
[23169135ms] [ERROR] Failed to load resource: net::ERR_CONNECTION_REFUSED @ http://localhost:5177/:0
[23170141ms] [ERROR] Failed to load resource: net::ERR_CONNECTION_REFUSED @ http://localhost:5177/:0
[23171148ms] [ERROR] Failed to load resource: net::ERR_CONNECTION_REFUSED @ http://localhost:5177/:0
[23172155ms] [ERROR] Failed to load resource: net::ERR_CONNECTION_REFUSED @ http://localhost:5177/:0
[23173159ms] [ERROR] Failed to load resource: net::ERR_CONNECTION_REFUSED @ http://localhost:5177/:0
[23174163ms] [ERROR] Failed to load resource: net::ERR_CONNECTION_REFUSED @ http://localhost:5177/:0
[23175169ms] [ERROR] Failed to load resource: net::ERR_CONNECTION_REFUSED @ http://localhost:5177/:0
[23176172ms] [ERROR] Failed to load resource: net::ERR_CONNECTION_REFUSED @ http://localhost:5177/:0
[23177181ms] [ERROR] Failed to load resource: net::ERR_CONNECTION_REFUSED @ http://localhost:5177/:0
[23178188ms] [ERROR] Failed to load resource: net::ERR_CONNECTION_REFUSED @ http://localhost:5177/:0
[23179195ms] [ERROR] Failed to load resource: net::ERR_CONNECTION_REFUSED @ http://localhost:5177/:0
[23180203ms] [ERROR] Failed to load resource: net::ERR_CONNECTION_REFUSED @ http://localhost:5177/:0
[23181209ms] [ERROR] Failed to load resource: net::ERR_CONNECTION_REFUSED @ http://localhost:5177/:0
[23182214ms] [ERROR] Failed to load resource: net::ERR_CONNECTION_REFUSED @ http://localhost:5177/:0
[23183220ms] [ERROR] Failed to load resource: net::ERR_CONNECTION_REFUSED @ http://localhost:5177/:0
[23184223ms] [ERROR] Failed to load resource: net::ERR_CONNECTION_REFUSED @ http://localhost:5177/:0
[23185229ms] [ERROR] Failed to load resource: net::ERR_CONNECTION_REFUSED @ http://localhost:5177/:0
[23186240ms] [ERROR] Failed to load resource: net::ERR_CONNECTION_REFUSED @ http://localhost:5177/:0
[23187244ms] [ERROR] Failed to load resource: net::ERR_CONNECTION_REFUSED @ http://localhost:5177/:0
[23188255ms] [ERROR] Failed to load resource: net::ERR_CONNECTION_REFUSED @ http://localhost:5177/:0
[23189261ms] [ERROR] Failed to load resource: net::ERR_CONNECTION_REFUSED @ http://localhost:5177/:0
[23190266ms] [ERROR] Failed to load resource: net::ERR_CONNECTION_REFUSED @ http://localhost:5177/:0
[23191272ms] [ERROR] Failed to load resource: net::ERR_CONNECTION_REFUSED @ http://localhost:5177/:0
[23192279ms] [ERROR] Failed to load resource: net::ERR_CONNECTION_REFUSED @ http://localhost:5177/:0
[23193287ms] [ERROR] Failed to load resource: net::ERR_CONNECTION_REFUSED @ http://localhost:5177/:0
[23194292ms] [ERROR] Failed to load resource: net::ERR_CONNECTION_REFUSED @ http://localhost:5177/:0
[23195298ms] [ERROR] Failed to load resource: net::ERR_CONNECTION_REFUSED @ http://localhost:5177/:0
[23196304ms] [ERROR] Failed to load resource: net::ERR_CONNECTION_REFUSED @ http://localhost:5177/:0
[23197308ms] [ERROR] Failed to load resource: net::ERR_CONNECTION_REFUSED @ http://localhost:5177/:0
[23198313ms] [ERROR] Failed to load resource: net::ERR_CONNECTION_REFUSED @ http://localhost:5177/:0
[23199319ms] [ERROR] Failed to load resource: net::ERR_CONNECTION_REFUSED @ http://localhost:5177/:0
[23200324ms] [ERROR] Failed to load resource: net::ERR_CONNECTION_REFUSED @ http://localhost:5177/:0
[23201330ms] [ERROR] Failed to load resource: net::ERR_CONNECTION_REFUSED @ http://localhost:5177/:0
[23202335ms] [ERROR] Failed to load resource: net::ERR_CONNECTION_REFUSED @ http://localhost:5177/:0
[23203340ms] [ERROR] Failed to load resource: net::ERR_CONNECTION_REFUSED @ http://localhost:5177/:0
[23204346ms] [ERROR] Failed to load resource: net::ERR_CONNECTION_REFUSED @ http://localhost:5177/:0
[23205350ms] [ERROR] Failed to load resource: net::ERR_CONNECTION_REFUSED @ http://localhost:5177/:0
[23206357ms] [ERROR] Failed to load resource: net::ERR_CONNECTION_REFUSED @ http://localhost:5177/:0
[23207364ms] [ERROR] Failed to load resource: net::ERR_CONNECTION_REFUSED @ http://localhost:5177/:0
[23208369ms] [ERROR] Failed to load resource: net::ERR_CONNECTION_REFUSED @ http://localhost:5177/:0
[23209378ms] [ERROR] Failed to load resource: net::ERR_CONNECTION_REFUSED @ http://localhost:5177/:0
[23210383ms] [ERROR] Failed to load resource: net::ERR_CONNECTION_REFUSED @ http://localhost:5177/:0
[23211393ms] [ERROR] Failed to load resource: net::ERR_CONNECTION_REFUSED @ http://localhost:5177/:0
[23212400ms] [ERROR] Failed to load resource: net::ERR_CONNECTION_REFUSED @ http://localhost:5177/:0
[23213407ms] [ERROR] Failed to load resource: net::ERR_CONNECTION_REFUSED @ http://localhost:5177/:0
[23214410ms] [ERROR] Failed to load resource: net::ERR_CONNECTION_REFUSED @ http://localhost:5177/:0
[23215416ms] [ERROR] Failed to load resource: net::ERR_CONNECTION_REFUSED @ http://localhost:5177/:0
[23216423ms] [ERROR] Failed to load resource: net::ERR_CONNECTION_REFUSED @ http://localhost:5177/:0
[23217430ms] [ERROR] Failed to load resource: net::ERR_CONNECTION_REFUSED @ http://localhost:5177/:0
[23218438ms] [ERROR] Failed to load resource: net::ERR_CONNECTION_REFUSED @ http://localhost:5177/:0
[23219444ms] [ERROR] Failed to load resource: net::ERR_CONNECTION_REFUSED @ http://localhost:5177/:0
[23220450ms] [ERROR] Failed to load resource: net::ERR_CONNECTION_REFUSED @ http://localhost:5177/:0
[23221460ms] [ERROR] Failed to load resource: net::ERR_CONNECTION_REFUSED @ http://localhost:5177/:0
[23222470ms] [ERROR] Failed to load resource: net::ERR_CONNECTION_REFUSED @ http://localhost:5177/:0
[23223477ms] [ERROR] Failed to load resource: net::ERR_CONNECTION_REFUSED @ http://localhost:5177/:0
[23224483ms] [ERROR] Failed to load resource: net::ERR_CONNECTION_REFUSED @ http://localhost:5177/:0
[23225489ms] [ERROR] Failed to load resource: net::ERR_CONNECTION_REFUSED @ http://localhost:5177/:0
[23226492ms] [ERROR] Failed to load resource: net::ERR_CONNECTION_REFUSED @ http://localhost:5177/:0
[23227497ms] [ERROR] Failed to load resource: net::ERR_CONNECTION_REFUSED @ http://localhost:5177/:0
[23228503ms] [ERROR] Failed to load resource: net::ERR_CONNECTION_REFUSED @ http://localhost:5177/:0
[23229510ms] [ERROR] Failed to load resource: net::ERR_CONNECTION_REFUSED @ http://localhost:5177/:0
[23230519ms] [ERROR] Failed to load resource: net::ERR_CONNECTION_REFUSED @ http://localhost:5177/:0
[23231524ms] [ERROR] Failed to load resource: net::ERR_CONNECTION_REFUSED @ http://localhost:5177/:0
[23232532ms] [ERROR] Failed to load resource: net::ERR_CONNECTION_REFUSED @ http://localhost:5177/:0
[23233538ms] [ERROR] Failed to load resource: net::ERR_CONNECTION_REFUSED @ http://localhost:5177/:0
[23234557ms] [ERROR] Failed to load resource: net::ERR_CONNECTION_REFUSED @ http://localhost:5177/:0
[23235560ms] [ERROR] Failed to load resource: net::ERR_CONNECTION_REFUSED @ http://localhost:5177/:0
[23236566ms] [ERROR] Failed to load resource: net::ERR_CONNECTION_REFUSED @ http://localhost:5177/:0
[23237573ms] [ERROR] Failed to load resource: net::ERR_CONNECTION_REFUSED @ http://localhost:5177/:0
[23238580ms] [ERROR] Failed to load resource: net::ERR_CONNECTION_REFUSED @ http://localhost:5177/:0
[23239585ms] [ERROR] Failed to load resource: net::ERR_CONNECTION_REFUSED @ http://localhost:5177/:0
[23240593ms] [ERROR] Failed to load resource: net::ERR_CONNECTION_REFUSED @ http://localhost:5177/:0
[23241599ms] [ERROR] Failed to load resource: net::ERR_CONNECTION_REFUSED @ http://localhost:5177/:0
[23242603ms] [ERROR] Failed to load resource: net::ERR_CONNECTION_REFUSED @ http://localhost:5177/:0
[23243607ms] [ERROR] Failed to load resource: net::ERR_CONNECTION_REFUSED @ http://localhost:5177/:0
[23244611ms] [ERROR] Failed to load resource: net::ERR_CONNECTION_REFUSED @ http://localhost:5177/:0
[23245617ms] [ERROR] Failed to load resource: net::ERR_CONNECTION_REFUSED @ http://localhost:5177/:0
[23246623ms] [ERROR] Failed to load resource: net::ERR_CONNECTION_REFUSED @ http://localhost:5177/:0
[23247627ms] [ERROR] Failed to load resource: net::ERR_CONNECTION_REFUSED @ http://localhost:5177/:0
[23248632ms] [ERROR] Failed to load resource: net::ERR_CONNECTION_REFUSED @ http://localhost:5177/:0
[23249640ms] [ERROR] Failed to load resource: net::ERR_CONNECTION_REFUSED @ http://localhost:5177/:0
[23250645ms] [ERROR] Failed to load resource: net::ERR_CONNECTION_REFUSED @ http://localhost:5177/:0
[23251652ms] [ERROR] Failed to load resource: net::ERR_CONNECTION_REFUSED @ http://localhost:5177/:0
[23252659ms] [ERROR] Failed to load resource: net::ERR_CONNECTION_REFUSED @ http://localhost:5177/:0
[23253668ms] [ERROR] Failed to load resource: net::ERR_CONNECTION_REFUSED @ http://localhost:5177/:0
[23254674ms] [ERROR] Failed to load resource: net::ERR_CONNECTION_REFUSED @ http://localhost:5177/:0
[23255678ms] [ERROR] Failed to load resource: net::ERR_CONNECTION_REFUSED @ http://localhost:5177/:0
[23256687ms] [ERROR] Failed to load resource: net::ERR_CONNECTION_REFUSED @ http://localhost:5177/:0
[23257697ms] [ERROR] Failed to load resource: net::ERR_CONNECTION_REFUSED @ http://localhost:5177/:0
[23258702ms] [ERROR] Failed to load resource: net::ERR_CONNECTION_REFUSED @ http://localhost:5177/:0
[23259709ms] [ERROR] Failed to load resource: net::ERR_CONNECTION_REFUSED @ http://localhost:5177/:0
[23260716ms] [ERROR] Failed to load resource: net::ERR_CONNECTION_REFUSED @ http://localhost:5177/:0
[23261720ms] [ERROR] Failed to load resource: net::ERR_CONNECTION_REFUSED @ http://localhost:5177/:0
[23262725ms] [ERROR] Failed to load resource: net::ERR_CONNECTION_REFUSED @ http://localhost:5177/:0
[23263732ms] [ERROR] Failed to load resource: net::ERR_CONNECTION_REFUSED @ http://localhost:5177/:0
[23264736ms] [ERROR] Failed to load resource: net::ERR_CONNECTION_REFUSED @ http://localhost:5177/:0
[23265742ms] [ERROR] Failed to load resource: net::ERR_CONNECTION_REFUSED @ http://localhost:5177/:0
[23266749ms] [ERROR] Failed to load resource: net::ERR_CONNECTION_REFUSED @ http://localhost:5177/:0
[23267756ms] [ERROR] Failed to load resource: net::ERR_CONNECTION_REFUSED @ http://localhost:5177/:0
[23268761ms] [ERROR] Failed to load resource: net::ERR_CONNECTION_REFUSED @ http://localhost:5177/:0
[23269766ms] [ERROR] Failed to load resource: net::ERR_CONNECTION_REFUSED @ http://localhost:5177/:0
[23270768ms] [ERROR] Failed to load resource: net::ERR_CONNECTION_REFUSED @ http://localhost:5177/:0
[23271772ms] [ERROR] Failed to load resource: net::ERR_CONNECTION_REFUSED @ http://localhost:5177/:0
[23272777ms] [ERROR] Failed to load resource: net::ERR_CONNECTION_REFUSED @ http://localhost:5177/:0
[23273783ms] [ERROR] Failed to load resource: net::ERR_CONNECTION_REFUSED @ http://localhost:5177/:0
[23274790ms] [ERROR] Failed to load resource: net::ERR_CONNECTION_REFUSED @ http://localhost:5177/:0
[23275795ms] [ERROR] Failed to load resource: net::ERR_CONNECTION_REFUSED @ http://localhost:5177/:0
[23276803ms] [ERROR] Failed to load resource: net::ERR_CONNECTION_REFUSED @ http://localhost:5177/:0
[23277811ms] [ERROR] Failed to load resource: net::ERR_CONNECTION_REFUSED @ http://localhost:5177/:0
[23278818ms] [ERROR] Failed to load resource: net::ERR_CONNECTION_REFUSED @ http://localhost:5177/:0
[23279824ms] [ERROR] Failed to load resource: net::ERR_CONNECTION_REFUSED @ http://localhost:5177/:0
[23280829ms] [ERROR] Failed to load resource: net::ERR_CONNECTION_REFUSED @ http://localhost:5177/:0
[23281836ms] [ERROR] Failed to load resource: net::ERR_CONNECTION_REFUSED @ http://localhost:5177/:0
[23282839ms] [ERROR] Failed to load resource: net::ERR_CONNECTION_REFUSED @ http://localhost:5177/:0
[23283845ms] [ERROR] Failed to load resource: net::ERR_CONNECTION_REFUSED @ http://localhost:5177/:0
[23284850ms] [ERROR] Failed to load resource: net::ERR_CONNECTION_REFUSED @ http://localhost:5177/:0
[23285858ms] [ERROR] Failed to load resource: net::ERR_CONNECTION_REFUSED @ http://localhost:5177/:0
[23286864ms] [ERROR] Failed to load resource: net::ERR_CONNECTION_REFUSED @ http://localhost:5177/:0
[23287868ms] [ERROR] Failed to load resource: net::ERR_CONNECTION_REFUSED @ http://localhost:5177/:0
[23288876ms] [ERROR] Failed to load resource: net::ERR_CONNECTION_REFUSED @ http://localhost:5177/:0
[23289882ms] [ERROR] Failed to load resource: net::ERR_CONNECTION_REFUSED @ http://localhost:5177/:0
[23290889ms] [ERROR] Failed to load resource: net::ERR_CONNECTION_REFUSED @ http://localhost:5177/:0
[23291895ms] [ERROR] Failed to load resource: net::ERR_CONNECTION_REFUSED @ http://localhost:5177/:0
[23292900ms] [ERROR] Failed to load resource: net::ERR_CONNECTION_REFUSED @ http://localhost:5177/:0
[23293905ms] [ERROR] Failed to load resource: net::ERR_CONNECTION_REFUSED @ http://localhost:5177/:0
[23294910ms] [ERROR] Failed to load resource: net::ERR_CONNECTION_REFUSED @ http://localhost:5177/:0
[23295913ms] [ERROR] Failed to load resource: net::ERR_CONNECTION_REFUSED @ http://localhost:5177/:0
[23296924ms] [ERROR] Failed to load resource: net::ERR_CONNECTION_REFUSED @ http://localhost:5177/:0
[23297931ms] [ERROR] Failed to load resource: net::ERR_CONNECTION_REFUSED @ http://localhost:5177/:0
[23298936ms] [ERROR] Failed to load resource: net::ERR_CONNECTION_REFUSED @ http://localhost:5177/:0
[23299950ms] [ERROR] Failed to load resource: net::ERR_CONNECTION_REFUSED @ http://localhost:5177/:0
[23300955ms] [ERROR] Failed to load resource: net::ERR_CONNECTION_REFUSED @ http://localhost:5177/:0
[23301960ms] [ERROR] Failed to load resource: net::ERR_CONNECTION_REFUSED @ http://localhost:5177/:0
[23302968ms] [ERROR] Failed to load resource: net::ERR_CONNECTION_REFUSED @ http://localhost:5177/:0
[23303973ms] [ERROR] Failed to load resource: net::ERR_CONNECTION_REFUSED @ http://localhost:5177/:0
[23304980ms] [ERROR] Failed to load resource: net::ERR_CONNECTION_REFUSED @ http://localhost:5177/:0
[23305988ms] [ERROR] Failed to load resource: net::ERR_CONNECTION_REFUSED @ http://localhost:5177/:0
[23306996ms] [ERROR] Failed to load resource: net::ERR_CONNECTION_REFUSED @ http://localhost:5177/:0
[23308004ms] [ERROR] Failed to load resource: net::ERR_CONNECTION_REFUSED @ http://localhost:5177/:0
[23309011ms] [ERROR] Failed to load resource: net::ERR_CONNECTION_REFUSED @ http://localhost:5177/:0
[23310016ms] [ERROR] Failed to load resource: net::ERR_CONNECTION_REFUSED @ http://localhost:5177/:0
[23311020ms] [ERROR] Failed to load resource: net::ERR_CONNECTION_REFUSED @ http://localhost:5177/:0
[23312026ms] [ERROR] Failed to load resource: net::ERR_CONNECTION_REFUSED @ http://localhost:5177/:0
[23313031ms] [ERROR] Failed to load resource: net::ERR_CONNECTION_REFUSED @ http://localhost:5177/:0
[23314038ms] [ERROR] Failed to load resource: net::ERR_CONNECTION_REFUSED @ http://localhost:5177/:0
[23315043ms] [ERROR] Failed to load resource: net::ERR_CONNECTION_REFUSED @ http://localhost:5177/:0
[23316049ms] [ERROR] Failed to load resource: net::ERR_CONNECTION_REFUSED @ http://localhost:5177/:0
[23317053ms] [ERROR] Failed to load resource: net::ERR_CONNECTION_REFUSED @ http://localhost:5177/:0
[23318060ms] [ERROR] Failed to load resource: net::ERR_CONNECTION_REFUSED @ http://localhost:5177/:0
[23319069ms] [ERROR] Failed to load resource: net::ERR_CONNECTION_REFUSED @ http://localhost:5177/:0
[23320077ms] [ERROR] Failed to load resource: net::ERR_CONNECTION_REFUSED @ http://localhost:5177/:0
[23321086ms] [ERROR] Failed to load resource: net::ERR_CONNECTION_REFUSED @ http://localhost:5177/:0
[23322091ms] [ERROR] Failed to load resource: net::ERR_CONNECTION_REFUSED @ http://localhost:5177/:0
[23323093ms] [ERROR] Failed to load resource: net::ERR_CONNECTION_REFUSED @ http://localhost:5177/:0
[23324101ms] [ERROR] Failed to load resource: net::ERR_CONNECTION_REFUSED @ http://localhost:5177/:0
[23325108ms] [ERROR] Failed to load resource: net::ERR_CONNECTION_REFUSED @ http://localhost:5177/:0
[23326113ms] [ERROR] Failed to load resource: net::ERR_CONNECTION_REFUSED @ http://localhost:5177/:0
[23327122ms] [ERROR] Failed to load resource: net::ERR_CONNECTION_REFUSED @ http://localhost:5177/:0
[23328127ms] [ERROR] Failed to load resource: net::ERR_CONNECTION_REFUSED @ http://localhost:5177/:0
[23329133ms] [ERROR] Failed to load resource: net::ERR_CONNECTION_REFUSED @ http://localhost:5177/:0
[23330140ms] [ERROR] Failed to load resource: net::ERR_CONNECTION_REFUSED @ http://localhost:5177/:0
[23331145ms] [ERROR] Failed to load resource: net::ERR_CONNECTION_REFUSED @ http://localhost:5177/:0
[23332151ms] [ERROR] Failed to load resource: net::ERR_CONNECTION_REFUSED @ http://localhost:5177/:0
[23333159ms] [ERROR] Failed to load resource: net::ERR_CONNECTION_REFUSED @ http://localhost:5177/:0
[23334164ms] [ERROR] Failed to load resource: net::ERR_CONNECTION_REFUSED @ http://localhost:5177/:0
[23335169ms] [ERROR] Failed to load resource: net::ERR_CONNECTION_REFUSED @ http://localhost:5177/:0
[23336176ms] [ERROR] Failed to load resource: net::ERR_CONNECTION_REFUSED @ http://localhost:5177/:0
[23337181ms] [ERROR] Failed to load resource: net::ERR_CONNECTION_REFUSED @ http://localhost:5177/:0
[23338189ms] [ERROR] Failed to load resource: net::ERR_CONNECTION_REFUSED @ http://localhost:5177/:0
[23339194ms] [ERROR] Failed to load resource: net::ERR_CONNECTION_REFUSED @ http://localhost:5177/:0
[23340200ms] [ERROR] Failed to load resource: net::ERR_CONNECTION_REFUSED @ http://localhost:5177/:0
[23341209ms] [ERROR] Failed to load resource: net::ERR_CONNECTION_REFUSED @ http://localhost:5177/:0
[23342214ms] [ERROR] Failed to load resource: net::ERR_CONNECTION_REFUSED @ http://localhost:5177/:0
[23343220ms] [ERROR] Failed to load resource: net::ERR_CONNECTION_REFUSED @ http://localhost:5177/:0
[23344227ms] [ERROR] Failed to load resource: net::ERR_CONNECTION_REFUSED @ http://localhost:5177/:0
[23345233ms] [ERROR] Failed to load resource: net::ERR_CONNECTION_REFUSED @ http://localhost:5177/:0
[23346240ms] [ERROR] Failed to load resource: net::ERR_CONNECTION_REFUSED @ http://localhost:5177/:0
[23347245ms] [ERROR] Failed to load resource: net::ERR_CONNECTION_REFUSED @ http://localhost:5177/:0
[23348252ms] [ERROR] Failed to load resource: net::ERR_CONNECTION_REFUSED @ http://localhost:5177/:0
[23349260ms] [ERROR] Failed to load resource: net::ERR_CONNECTION_REFUSED @ http://localhost:5177/:0
[23350266ms] [ERROR] Failed to load resource: net::ERR_CONNECTION_REFUSED @ http://localhost:5177/:0
[23351275ms] [ERROR] Failed to load resource: net::ERR_CONNECTION_REFUSED @ http://localhost:5177/:0
[23352283ms] [ERROR] Failed to load resource: net::ERR_CONNECTION_REFUSED @ http://localhost:5177/:0
[23353290ms] [ERROR] Failed to load resource: net::ERR_CONNECTION_REFUSED @ http://localhost:5177/:0
[23354297ms] [ERROR] Failed to load resource: net::ERR_CONNECTION_REFUSED @ http://localhost:5177/:0
[23355304ms] [ERROR] Failed to load resource: net::ERR_CONNECTION_REFUSED @ http://localhost:5177/:0
[23356310ms] [ERROR] Failed to load resource: net::ERR_CONNECTION_REFUSED @ http://localhost:5177/:0
[23357316ms] [ERROR] Failed to load resource: net::ERR_CONNECTION_REFUSED @ http://localhost:5177/:0
[23358323ms] [ERROR] Failed to load resource: net::ERR_CONNECTION_REFUSED @ http://localhost:5177/:0
[23359328ms] [ERROR] Failed to load resource: net::ERR_CONNECTION_REFUSED @ http://localhost:5177/:0
[23360339ms] [ERROR] Failed to load resource: net::ERR_CONNECTION_REFUSED @ http://localhost:5177/:0
[23361345ms] [ERROR] Failed to load resource: net::ERR_CONNECTION_REFUSED @ http://localhost:5177/:0
[23362351ms] [ERROR] Failed to load resource: net::ERR_CONNECTION_REFUSED @ http://localhost:5177/:0
[23363363ms] [ERROR] Failed to load resource: net::ERR_CONNECTION_REFUSED @ http://localhost:5177/:0
[23364372ms] [ERROR] Failed to load resource: net::ERR_CONNECTION_REFUSED @ http://localhost:5177/:0
[23365376ms] [ERROR] Failed to load resource: net::ERR_CONNECTION_REFUSED @ http://localhost:5177/:0
[23366384ms] [ERROR] Failed to load resource: net::ERR_CONNECTION_REFUSED @ http://localhost:5177/:0
[23367390ms] [ERROR] Failed to load resource: net::ERR_CONNECTION_REFUSED @ http://localhost:5177/:0
[23368394ms] [ERROR] Failed to load resource: net::ERR_CONNECTION_REFUSED @ http://localhost:5177/:0
[23369400ms] [ERROR] Failed to load resource: net::ERR_CONNECTION_REFUSED @ http://localhost:5177/:0
[23370403ms] [ERROR] Failed to load resource: net::ERR_CONNECTION_REFUSED @ http://localhost:5177/:0
[23371410ms] [ERROR] Failed to load resource: net::ERR_CONNECTION_REFUSED @ http://localhost:5177/:0
[23372416ms] [ERROR] Failed to load resource: net::ERR_CONNECTION_REFUSED @ http://localhost:5177/:0
[23373427ms] [ERROR] Failed to load resource: net::ERR_CONNECTION_REFUSED @ http://localhost:5177/:0
[23374434ms] [ERROR] Failed to load resource: net::ERR_CONNECTION_REFUSED @ http://localhost:5177/:0
[23375439ms] [ERROR] Failed to load resource: net::ERR_CONNECTION_REFUSED @ http://localhost:5177/:0
[23376444ms] [ERROR] Failed to load resource: net::ERR_CONNECTION_REFUSED @ http://localhost:5177/:0
[23377448ms] [ERROR] Failed to load resource: net::ERR_CONNECTION_REFUSED @ http://localhost:5177/:0
[23378455ms] [ERROR] Failed to load resource: net::ERR_CONNECTION_REFUSED @ http://localhost:5177/:0
[23379459ms] [ERROR] Failed to load resource: net::ERR_CONNECTION_REFUSED @ http://localhost:5177/:0
[23380465ms] [ERROR] Failed to load resource: net::ERR_CONNECTION_REFUSED @ http://localhost:5177/:0
[23381470ms] [ERROR] Failed to load resource: net::ERR_CONNECTION_REFUSED @ http://localhost:5177/:0
[23382475ms] [ERROR] Failed to load resource: net::ERR_CONNECTION_REFUSED @ http://localhost:5177/:0
[23383481ms] [ERROR] Failed to load resource: net::ERR_CONNECTION_REFUSED @ http://localhost:5177/:0
[23384491ms] [ERROR] Failed to load resource: net::ERR_CONNECTION_REFUSED @ http://localhost:5177/:0
[23385495ms] [ERROR] Failed to load resource: net::ERR_CONNECTION_REFUSED @ http://localhost:5177/:0
[23386506ms] [ERROR] Failed to load resource: net::ERR_CONNECTION_REFUSED @ http://localhost:5177/:0
[23387510ms] [ERROR] Failed to load resource: net::ERR_CONNECTION_REFUSED @ http://localhost:5177/:0
[23388514ms] [ERROR] Failed to load resource: net::ERR_CONNECTION_REFUSED @ http://localhost:5177/:0
[23389519ms] [ERROR] Failed to load resource: net::ERR_CONNECTION_REFUSED @ http://localhost:5177/:0
[23390525ms] [ERROR] Failed to load resource: net::ERR_CONNECTION_REFUSED @ http://localhost:5177/:0
[23391531ms] [ERROR] Failed to load resource: net::ERR_CONNECTION_REFUSED @ http://localhost:5177/:0
[23392544ms] [ERROR] Failed to load resource: net::ERR_CONNECTION_REFUSED @ http://localhost:5177/:0
[23393549ms] [ERROR] Failed to load resource: net::ERR_CONNECTION_REFUSED @ http://localhost:5177/:0
[23394551ms] [ERROR] Failed to load resource: net::ERR_CONNECTION_REFUSED @ http://localhost:5177/:0
[23395554ms] [ERROR] Failed to load resource: net::ERR_CONNECTION_REFUSED @ http://localhost:5177/:0
[23396561ms] [ERROR] Failed to load resource: net::ERR_CONNECTION_REFUSED @ http://localhost:5177/:0
[23397565ms] [ERROR] Failed to load resource: net::ERR_CONNECTION_REFUSED @ http://localhost:5177/:0
[23398571ms] [ERROR] Failed to load resource: net::ERR_CONNECTION_REFUSED @ http://localhost:5177/:0
[23399578ms] [ERROR] Failed to load resource: net::ERR_CONNECTION_REFUSED @ http://localhost:5177/:0
[23400582ms] [ERROR] Failed to load resource: net::ERR_CONNECTION_REFUSED @ http://localhost:5177/:0
[23401590ms] [ERROR] Failed to load resource: net::ERR_CONNECTION_REFUSED @ http://localhost:5177/:0
[23402598ms] [ERROR] Failed to load resource: net::ERR_CONNECTION_REFUSED @ http://localhost:5177/:0
[23403604ms] [ERROR] Failed to load resource: net::ERR_CONNECTION_REFUSED @ http://localhost:5177/:0
[23404610ms] [ERROR] Failed to load resource: net::ERR_CONNECTION_REFUSED @ http://localhost:5177/:0
[23405615ms] [ERROR] Failed to load resource: net::ERR_CONNECTION_REFUSED @ http://localhost:5177/:0
[23406625ms] [ERROR] Failed to load resource: net::ERR_CONNECTION_REFUSED @ http://localhost:5177/:0
[23407630ms] [ERROR] Failed to load resource: net::ERR_CONNECTION_REFUSED @ http://localhost:5177/:0
[23408636ms] [ERROR] Failed to load resource: net::ERR_CONNECTION_REFUSED @ http://localhost:5177/:0
[23409642ms] [ERROR] Failed to load resource: net::ERR_CONNECTION_REFUSED @ http://localhost:5177/:0
[23410645ms] [ERROR] Failed to load resource: net::ERR_CONNECTION_REFUSED @ http://localhost:5177/:0
[23411654ms] [ERROR] Failed to load resource: net::ERR_CONNECTION_REFUSED @ http://localhost:5177/:0
[23412658ms] [ERROR] Failed to load resource: net::ERR_CONNECTION_REFUSED @ http://localhost:5177/:0
[23413663ms] [ERROR] Failed to load resource: net::ERR_CONNECTION_REFUSED @ http://localhost:5177/:0
[23414670ms] [ERROR] Failed to load resource: net::ERR_CONNECTION_REFUSED @ http://localhost:5177/:0
[23415673ms] [ERROR] Failed to load resource: net::ERR_CONNECTION_REFUSED @ http://localhost:5177/:0
[23416678ms] [ERROR] Failed to load resource: net::ERR_CONNECTION_REFUSED @ http://localhost:5177/:0
[23417685ms] [ERROR] Failed to load resource: net::ERR_CONNECTION_REFUSED @ http://localhost:5177/:0
[23418694ms] [ERROR] Failed to load resource: net::ERR_CONNECTION_REFUSED @ http://localhost:5177/:0
[23419701ms] [ERROR] Failed to load resource: net::ERR_CONNECTION_REFUSED @ http://localhost:5177/:0
[23420705ms] [ERROR] Failed to load resource: net::ERR_CONNECTION_REFUSED @ http://localhost:5177/:0
[23421717ms] [ERROR] Failed to load resource: net::ERR_CONNECTION_REFUSED @ http://localhost:5177/:0
[23422722ms] [ERROR] Failed to load resource: net::ERR_CONNECTION_REFUSED @ http://localhost:5177/:0
[23423730ms] [ERROR] Failed to load resource: net::ERR_CONNECTION_REFUSED @ http://localhost:5177/:0
[23424733ms] [ERROR] Failed to load resource: net::ERR_CONNECTION_REFUSED @ http://localhost:5177/:0
[23425742ms] [ERROR] Failed to load resource: net::ERR_CONNECTION_REFUSED @ http://localhost:5177/:0
[23426746ms] [ERROR] Failed to load resource: net::ERR_CONNECTION_REFUSED @ http://localhost:5177/:0
[23427749ms] [ERROR] Failed to load resource: net::ERR_CONNECTION_REFUSED @ http://localhost:5177/:0
[23428753ms] [ERROR] Failed to load resource: net::ERR_CONNECTION_REFUSED @ http://localhost:5177/:0
[23429764ms] [ERROR] Failed to load resource: net::ERR_CONNECTION_REFUSED @ http://localhost:5177/:0
[23430772ms] [ERROR] Failed to load resource: net::ERR_CONNECTION_REFUSED @ http://localhost:5177/:0
[23431778ms] [ERROR] Failed to load resource: net::ERR_CONNECTION_REFUSED @ http://localhost:5177/:0
[23432783ms] [ERROR] Failed to load resource: net::ERR_CONNECTION_REFUSED @ http://localhost:5177/:0
[23433789ms] [ERROR] Failed to load resource: net::ERR_CONNECTION_REFUSED @ http://localhost:5177/:0
[23434797ms] [ERROR] Failed to load resource: net::ERR_CONNECTION_REFUSED @ http://localhost:5177/:0
[23435802ms] [ERROR] Failed to load resource: net::ERR_CONNECTION_REFUSED @ http://localhost:5177/:0
[23436814ms] [ERROR] Failed to load resource: net::ERR_CONNECTION_REFUSED @ http://localhost:5177/:0
[23437818ms] [ERROR] Failed to load resource: net::ERR_CONNECTION_REFUSED @ http://localhost:5177/:0
[23438824ms] [ERROR] Failed to load resource: net::ERR_CONNECTION_REFUSED @ http://localhost:5177/:0
[23439830ms] [ERROR] Failed to load resource: net::ERR_CONNECTION_REFUSED @ http://localhost:5177/:0
[23440836ms] [ERROR] Failed to load resource: net::ERR_CONNECTION_REFUSED @ http://localhost:5177/:0
[23441845ms] [ERROR] Failed to load resource: net::ERR_CONNECTION_REFUSED @ http://localhost:5177/:0
[23442852ms] [ERROR] Failed to load resource: net::ERR_CONNECTION_REFUSED @ http://localhost:5177/:0
[23443856ms] [ERROR] Failed to load resource: net::ERR_CONNECTION_REFUSED @ http://localhost:5177/:0
[23444862ms] [ERROR] Failed to load resource: net::ERR_CONNECTION_REFUSED @ http://localhost:5177/:0
[23445868ms] [ERROR] Failed to load resource: net::ERR_CONNECTION_REFUSED @ http://localhost:5177/:0
[23446876ms] [ERROR] Failed to load resource: net::ERR_CONNECTION_REFUSED @ http://localhost:5177/:0
[23447880ms] [ERROR] Failed to load resource: net::ERR_CONNECTION_REFUSED @ http://localhost:5177/:0
[23448886ms] [ERROR] Failed to load resource: net::ERR_CONNECTION_REFUSED @ http://localhost:5177/:0
[23449891ms] [ERROR] Failed to load resource: net::ERR_CONNECTION_REFUSED @ http://localhost:5177/:0
[23450895ms] [ERROR] Failed to load resource: net::ERR_CONNECTION_REFUSED @ http://localhost:5177/:0
[23451900ms] [ERROR] Failed to load resource: net::ERR_CONNECTION_REFUSED @ http://localhost:5177/:0
[23452906ms] [ERROR] Failed to load resource: net::ERR_CONNECTION_REFUSED @ http://localhost:5177/:0
[23453914ms] [ERROR] Failed to load resource: net::ERR_CONNECTION_REFUSED @ http://localhost:5177/:0
[23454921ms] [ERROR] Failed to load resource: net::ERR_CONNECTION_REFUSED @ http://localhost:5177/:0
[23455926ms] [ERROR] Failed to load resource: net::ERR_CONNECTION_REFUSED @ http://localhost:5177/:0
[23456928ms] [ERROR] Failed to load resource: net::ERR_CONNECTION_REFUSED @ http://localhost:5177/:0
[23457933ms] [ERROR] Failed to load resource: net::ERR_CONNECTION_REFUSED @ http://localhost:5177/:0
[23458942ms] [ERROR] Failed to load resource: net::ERR_CONNECTION_REFUSED @ http://localhost:5177/:0
[23459947ms] [ERROR] Failed to load resource: net::ERR_CONNECTION_REFUSED @ http://localhost:5177/:0
[23460954ms] [ERROR] Failed to load resource: net::ERR_CONNECTION_REFUSED @ http://localhost:5177/:0
[23461960ms] [ERROR] Failed to load resource: net::ERR_CONNECTION_REFUSED @ http://localhost:5177/:0
[23462964ms] [ERROR] Failed to load resource: net::ERR_CONNECTION_REFUSED @ http://localhost:5177/:0
[23463970ms] [ERROR] Failed to load resource: net::ERR_CONNECTION_REFUSED @ http://localhost:5177/:0
[23464974ms] [ERROR] Failed to load resource: net::ERR_CONNECTION_REFUSED @ http://localhost:5177/:0
[23465978ms] [ERROR] Failed to load resource: net::ERR_CONNECTION_REFUSED @ http://localhost:5177/:0
[23466983ms] [ERROR] Failed to load resource: net::ERR_CONNECTION_REFUSED @ http://localhost:5177/:0
[23467989ms] [ERROR] Failed to load resource: net::ERR_CONNECTION_REFUSED @ http://localhost:5177/:0
[23468995ms] [ERROR] Failed to load resource: net::ERR_CONNECTION_REFUSED @ http://localhost:5177/:0
[23470003ms] [ERROR] Failed to load resource: net::ERR_CONNECTION_REFUSED @ http://localhost:5177/:0
[23471010ms] [ERROR] Failed to load resource: net::ERR_CONNECTION_REFUSED @ http://localhost:5177/:0
[23472017ms] [ERROR] Failed to load resource: net::ERR_CONNECTION_REFUSED @ http://localhost:5177/:0
[23473022ms] [ERROR] Failed to load resource: net::ERR_CONNECTION_REFUSED @ http://localhost:5177/:0
[23474026ms] [ERROR] Failed to load resource: net::ERR_CONNECTION_REFUSED @ http://localhost:5177/:0
[23475030ms] [ERROR] Failed to load resource: net::ERR_CONNECTION_REFUSED @ http://localhost:5177/:0
[23476035ms] [ERROR] Failed to load resource: net::ERR_CONNECTION_REFUSED @ http://localhost:5177/:0
[23477042ms] [ERROR] Failed to load resource: net::ERR_CONNECTION_REFUSED @ http://localhost:5177/:0
[23478055ms] [ERROR] Failed to load resource: net::ERR_CONNECTION_REFUSED @ http://localhost:5177/:0
[23479063ms] [ERROR] Failed to load resource: net::ERR_CONNECTION_REFUSED @ http://localhost:5177/:0
[23480067ms] [ERROR] Failed to load resource: net::ERR_CONNECTION_REFUSED @ http://localhost:5177/:0
[23481073ms] [ERROR] Failed to load resource: net::ERR_CONNECTION_REFUSED @ http://localhost:5177/:0
[23482083ms] [ERROR] Failed to load resource: net::ERR_CONNECTION_REFUSED @ http://localhost:5177/:0
[23483086ms] [ERROR] Failed to load resource: net::ERR_CONNECTION_REFUSED @ http://localhost:5177/:0
[23484093ms] [ERROR] Failed to load resource: net::ERR_CONNECTION_REFUSED @ http://localhost:5177/:0
[23485101ms] [ERROR] Failed to load resource: net::ERR_CONNECTION_REFUSED @ http://localhost:5177/:0
[23486109ms] [ERROR] Failed to load resource: net::ERR_CONNECTION_REFUSED @ http://localhost:5177/:0
[23487117ms] [ERROR] Failed to load resource: net::ERR_CONNECTION_REFUSED @ http://localhost:5177/:0
[23488123ms] [ERROR] Failed to load resource: net::ERR_CONNECTION_REFUSED @ http://localhost:5177/:0
[23489129ms] [ERROR] Failed to load resource: net::ERR_CONNECTION_REFUSED @ http://localhost:5177/:0
[23490134ms] [ERROR] Failed to load resource: net::ERR_CONNECTION_REFUSED @ http://localhost:5177/:0
[23491137ms] [ERROR] Failed to load resource: net::ERR_CONNECTION_REFUSED @ http://localhost:5177/:0
[23492143ms] [ERROR] Failed to load resource: net::ERR_CONNECTION_REFUSED @ http://localhost:5177/:0
[23493146ms] [ERROR] Failed to load resource: net::ERR_CONNECTION_REFUSED @ http://localhost:5177/:0
[23494150ms] [ERROR] Failed to load resource: net::ERR_CONNECTION_REFUSED @ http://localhost:5177/:0
[23495153ms] [ERROR] Failed to load resource: net::ERR_CONNECTION_REFUSED @ http://localhost:5177/:0
[23496159ms] [ERROR] Failed to load resource: net::ERR_CONNECTION_REFUSED @ http://localhost:5177/:0
[23497164ms] [ERROR] Failed to load resource: net::ERR_CONNECTION_REFUSED @ http://localhost:5177/:0
[23498168ms] [ERROR] Failed to load resource: net::ERR_CONNECTION_REFUSED @ http://localhost:5177/:0
[23499176ms] [ERROR] Failed to load resource: net::ERR_CONNECTION_REFUSED @ http://localhost:5177/:0
[23500184ms] [ERROR] Failed to load resource: net::ERR_CONNECTION_REFUSED @ http://localhost:5177/:0
[23501188ms] [ERROR] Failed to load resource: net::ERR_CONNECTION_REFUSED @ http://localhost:5177/:0
[23502194ms] [ERROR] Failed to load resource: net::ERR_CONNECTION_REFUSED @ http://localhost:5177/:0
[23503199ms] [ERROR] Failed to load resource: net::ERR_CONNECTION_REFUSED @ http://localhost:5177/:0
[23504206ms] [ERROR] Failed to load resource: net::ERR_CONNECTION_REFUSED @ http://localhost:5177/:0
[23505212ms] [ERROR] Failed to load resource: net::ERR_CONNECTION_REFUSED @ http://localhost:5177/:0
[23506216ms] [ERROR] Failed to load resource: net::ERR_CONNECTION_REFUSED @ http://localhost:5177/:0
[23507223ms] [ERROR] Failed to load resource: net::ERR_CONNECTION_REFUSED @ http://localhost:5177/:0
[23508226ms] [ERROR] Failed to load resource: net::ERR_CONNECTION_REFUSED @ http://localhost:5177/:0
[23509233ms] [ERROR] Failed to load resource: net::ERR_CONNECTION_REFUSED @ http://localhost:5177/:0
[23510238ms] [ERROR] Failed to load resource: net::ERR_CONNECTION_REFUSED @ http://localhost:5177/:0
[23511245ms] [ERROR] Failed to load resource: net::ERR_CONNECTION_REFUSED @ http://localhost:5177/:0
[23512250ms] [ERROR] Failed to load resource: net::ERR_CONNECTION_REFUSED @ http://localhost:5177/:0
[23513257ms] [ERROR] Failed to load resource: net::ERR_CONNECTION_REFUSED @ http://localhost:5177/:0
[23514260ms] [ERROR] Failed to load resource: net::ERR_CONNECTION_REFUSED @ http://localhost:5177/:0
[23515266ms] [ERROR] Failed to load resource: net::ERR_CONNECTION_REFUSED @ http://localhost:5177/:0
[23516271ms] [ERROR] Failed to load resource: net::ERR_CONNECTION_REFUSED @ http://localhost:5177/:0
[23517278ms] [ERROR] Failed to load resource: net::ERR_CONNECTION_REFUSED @ http://localhost:5177/:0
[23518285ms] [ERROR] Failed to load resource: net::ERR_CONNECTION_REFUSED @ http://localhost:5177/:0
[23519293ms] [ERROR] Failed to load resource: net::ERR_CONNECTION_REFUSED @ http://localhost:5177/:0
[23520300ms] [ERROR] Failed to load resource: net::ERR_CONNECTION_REFUSED @ http://localhost:5177/:0
[23521305ms] [ERROR] Failed to load resource: net::ERR_CONNECTION_REFUSED @ http://localhost:5177/:0
[23522310ms] [ERROR] Failed to load resource: net::ERR_CONNECTION_REFUSED @ http://localhost:5177/:0
[23523324ms] [ERROR] Failed to load resource: net::ERR_CONNECTION_REFUSED @ http://localhost:5177/:0
[23524406ms] [ERROR] Failed to load resource: net::ERR_CONNECTION_REFUSED @ http://localhost:5177/:0
[23525541ms] [ERROR] Failed to load resource: net::ERR_CONNECTION_REFUSED @ http://localhost:5177/:0
[23526547ms] [ERROR] Failed to load resource: net::ERR_CONNECTION_REFUSED @ http://localhost:5177/:0
[23527587ms] [ERROR] Failed to load resource: net::ERR_CONNECTION_REFUSED @ http://localhost:5177/:0
[23528598ms] [ERROR] Failed to load resource: net::ERR_CONNECTION_REFUSED @ http://localhost:5177/:0
[23529602ms] [ERROR] Failed to load resource: net::ERR_CONNECTION_REFUSED @ http://localhost:5177/:0
[23530609ms] [ERROR] Failed to load resource: net::ERR_CONNECTION_REFUSED @ http://localhost:5177/:0
[23531615ms] [ERROR] Failed to load resource: net::ERR_CONNECTION_REFUSED @ http://localhost:5177/:0
[23532621ms] [ERROR] Failed to load resource: net::ERR_CONNECTION_REFUSED @ http://localhost:5177/:0
[23533632ms] [ERROR] Failed to load resource: net::ERR_CONNECTION_REFUSED @ http://localhost:5177/:0
[23534636ms] [ERROR] Failed to load resource: net::ERR_CONNECTION_REFUSED @ http://localhost:5177/:0
[23535641ms] [ERROR] Failed to load resource: net::ERR_CONNECTION_REFUSED @ http://localhost:5177/:0
[23536645ms] [ERROR] Failed to load resource: net::ERR_CONNECTION_REFUSED @ http://localhost:5177/:0
[23537650ms] [ERROR] Failed to load resource: net::ERR_CONNECTION_REFUSED @ http://localhost:5177/:0
[23538656ms] [ERROR] Failed to load resource: net::ERR_CONNECTION_REFUSED @ http://localhost:5177/:0
[23539661ms] [ERROR] Failed to load resource: net::ERR_CONNECTION_REFUSED @ http://localhost:5177/:0
[23540667ms] [ERROR] Failed to load resource: net::ERR_CONNECTION_REFUSED @ http://localhost:5177/:0
[23541669ms] [ERROR] Failed to load resource: net::ERR_CONNECTION_REFUSED @ http://localhost:5177/:0
[23542676ms] [ERROR] Failed to load resource: net::ERR_CONNECTION_REFUSED @ http://localhost:5177/:0
[23543681ms] [ERROR] Failed to load resource: net::ERR_CONNECTION_REFUSED @ http://localhost:5177/:0
[23544685ms] [ERROR] Failed to load resource: net::ERR_CONNECTION_REFUSED @ http://localhost:5177/:0
[23545689ms] [ERROR] Failed to load resource: net::ERR_CONNECTION_REFUSED @ http://localhost:5177/:0
[23546695ms] [ERROR] Failed to load resource: net::ERR_CONNECTION_REFUSED @ http://localhost:5177/:0
[23547700ms] [ERROR] Failed to load resource: net::ERR_CONNECTION_REFUSED @ http://localhost:5177/:0
[23548702ms] [ERROR] Failed to load resource: net::ERR_CONNECTION_REFUSED @ http://localhost:5177/:0
[23549708ms] [ERROR] Failed to load resource: net::ERR_CONNECTION_REFUSED @ http://localhost:5177/:0
[23550713ms] [ERROR] Failed to load resource: net::ERR_CONNECTION_REFUSED @ http://localhost:5177/:0
[23551719ms] [ERROR] Failed to load resource: net::ERR_CONNECTION_REFUSED @ http://localhost:5177/:0
[23552722ms] [ERROR] Failed to load resource: net::ERR_CONNECTION_REFUSED @ http://localhost:5177/:0
[23553726ms] [ERROR] Failed to load resource: net::ERR_CONNECTION_REFUSED @ http://localhost:5177/:0
[23554731ms] [ERROR] Failed to load resource: net::ERR_CONNECTION_REFUSED @ http://localhost:5177/:0
[23555737ms] [ERROR] Failed to load resource: net::ERR_CONNECTION_REFUSED @ http://localhost:5177/:0
[23556743ms] [ERROR] Failed to load resource: net::ERR_CONNECTION_REFUSED @ http://localhost:5177/:0
[23557749ms] [ERROR] Failed to load resource: net::ERR_CONNECTION_REFUSED @ http://localhost:5177/:0
[23558754ms] [ERROR] Failed to load resource: net::ERR_CONNECTION_REFUSED @ http://localhost:5177/:0
[23559758ms] [ERROR] Failed to load resource: net::ERR_CONNECTION_REFUSED @ http://localhost:5177/:0
[23560766ms] [ERROR] Failed to load resource: net::ERR_CONNECTION_REFUSED @ http://localhost:5177/:0
[23561769ms] [ERROR] Failed to load resource: net::ERR_CONNECTION_REFUSED @ http://localhost:5177/:0
[23562774ms] [ERROR] Failed to load resource: net::ERR_CONNECTION_REFUSED @ http://localhost:5177/:0
[23563781ms] [ERROR] Failed to load resource: net::ERR_CONNECTION_REFUSED @ http://localhost:5177/:0
[23564787ms] [ERROR] Failed to load resource: net::ERR_CONNECTION_REFUSED @ http://localhost:5177/:0
[23565795ms] [ERROR] Failed to load resource: net::ERR_CONNECTION_REFUSED @ http://localhost:5177/:0
[23566801ms] [ERROR] Failed to load resource: net::ERR_CONNECTION_REFUSED @ http://localhost:5177/:0
[23567807ms] [ERROR] Failed to load resource: net::ERR_CONNECTION_REFUSED @ http://localhost:5177/:0
[23568816ms] [ERROR] Failed to load resource: net::ERR_CONNECTION_REFUSED @ http://localhost:5177/:0
[23569820ms] [ERROR] Failed to load resource: net::ERR_CONNECTION_REFUSED @ http://localhost:5177/:0
[23570829ms] [ERROR] Failed to load resource: net::ERR_CONNECTION_REFUSED @ http://localhost:5177/:0
[23571833ms] [ERROR] Failed to load resource: net::ERR_CONNECTION_REFUSED @ http://localhost:5177/:0
[23572838ms] [ERROR] Failed to load resource: net::ERR_CONNECTION_REFUSED @ http://localhost:5177/:0
[23573844ms] [ERROR] Failed to load resource: net::ERR_CONNECTION_REFUSED @ http://localhost:5177/:0
[23574851ms] [ERROR] Failed to load resource: net::ERR_CONNECTION_REFUSED @ http://localhost:5177/:0
[23575860ms] [ERROR] Failed to load resource: net::ERR_CONNECTION_REFUSED @ http://localhost:5177/:0
[23576863ms] [ERROR] Failed to load resource: net::ERR_CONNECTION_REFUSED @ http://localhost:5177/:0
[23577868ms] [ERROR] Failed to load resource: net::ERR_CONNECTION_REFUSED @ http://localhost:5177/:0
[23578874ms] [ERROR] Failed to load resource: net::ERR_CONNECTION_REFUSED @ http://localhost:5177/:0
[23579884ms] [ERROR] Failed to load resource: net::ERR_CONNECTION_REFUSED @ http://localhost:5177/:0
[23580889ms] [ERROR] Failed to load resource: net::ERR_CONNECTION_REFUSED @ http://localhost:5177/:0
[23581894ms] [ERROR] Failed to load resource: net::ERR_CONNECTION_REFUSED @ http://localhost:5177/:0
[23582902ms] [ERROR] Failed to load resource: net::ERR_CONNECTION_REFUSED @ http://localhost:5177/:0
[23583906ms] [ERROR] Failed to load resource: net::ERR_CONNECTION_REFUSED @ http://localhost:5177/:0
[23584917ms] [ERROR] Failed to load resource: net::ERR_CONNECTION_REFUSED @ http://localhost:5177/:0
[23585919ms] [ERROR] Failed to load resource: net::ERR_CONNECTION_REFUSED @ http://localhost:5177/:0
[23586922ms] [ERROR] Failed to load resource: net::ERR_CONNECTION_REFUSED @ http://localhost:5177/:0
[23587926ms] [ERROR] Failed to load resource: net::ERR_CONNECTION_REFUSED @ http://localhost:5177/:0
[23588930ms] [ERROR] Failed to load resource: net::ERR_CONNECTION_REFUSED @ http://localhost:5177/:0
[23589936ms] [ERROR] Failed to load resource: net::ERR_CONNECTION_REFUSED @ http://localhost:5177/:0
[23590940ms] [ERROR] Failed to load resource: net::ERR_CONNECTION_REFUSED @ http://localhost:5177/:0
[23591947ms] [ERROR] Failed to load resource: net::ERR_CONNECTION_REFUSED @ http://localhost:5177/:0
[23592953ms] [ERROR] Failed to load resource: net::ERR_CONNECTION_REFUSED @ http://localhost:5177/:0
[23593960ms] [ERROR] Failed to load resource: net::ERR_CONNECTION_REFUSED @ http://localhost:5177/:0
[23594965ms] [ERROR] Failed to load resource: net::ERR_CONNECTION_REFUSED @ http://localhost:5177/:0
[23595971ms] [ERROR] Failed to load resource: net::ERR_CONNECTION_REFUSED @ http://localhost:5177/:0
[23596977ms] [ERROR] Failed to load resource: net::ERR_CONNECTION_REFUSED @ http://localhost:5177/:0
[23597983ms] [ERROR] Failed to load resource: net::ERR_CONNECTION_REFUSED @ http://localhost:5177/:0
[23598988ms] [ERROR] Failed to load resource: net::ERR_CONNECTION_REFUSED @ http://localhost:5177/:0
[23599994ms] [ERROR] Failed to load resource: net::ERR_CONNECTION_REFUSED @ http://localhost:5177/:0
[23600998ms] [ERROR] Failed to load resource: net::ERR_CONNECTION_REFUSED @ http://localhost:5177/:0
[23602002ms] [ERROR] Failed to load resource: net::ERR_CONNECTION_REFUSED @ http://localhost:5177/:0
[23603009ms] [ERROR] Failed to load resource: net::ERR_CONNECTION_REFUSED @ http://localhost:5177/:0
[23604014ms] [ERROR] Failed to load resource: net::ERR_CONNECTION_REFUSED @ http://localhost:5177/:0
[23605017ms] [ERROR] Failed to load resource: net::ERR_CONNECTION_REFUSED @ http://localhost:5177/:0
[23606022ms] [ERROR] Failed to load resource: net::ERR_CONNECTION_REFUSED @ http://localhost:5177/:0
[23607031ms] [ERROR] Failed to load resource: net::ERR_CONNECTION_REFUSED @ http://localhost:5177/:0
[23608035ms] [ERROR] Failed to load resource: net::ERR_CONNECTION_REFUSED @ http://localhost:5177/:0
[23609039ms] [ERROR] Failed to load resource: net::ERR_CONNECTION_REFUSED @ http://localhost:5177/:0
[23610047ms] [ERROR] Failed to load resource: net::ERR_CONNECTION_REFUSED @ http://localhost:5177/:0
[23611051ms] [ERROR] Failed to load resource: net::ERR_CONNECTION_REFUSED @ http://localhost:5177/:0
[23612056ms] [ERROR] Failed to load resource: net::ERR_CONNECTION_REFUSED @ http://localhost:5177/:0
[23613061ms] [ERROR] Failed to load resource: net::ERR_CONNECTION_REFUSED @ http://localhost:5177/:0
[23614065ms] [ERROR] Failed to load resource: net::ERR_CONNECTION_REFUSED @ http://localhost:5177/:0
[23615069ms] [ERROR] Failed to load resource: net::ERR_CONNECTION_REFUSED @ http://localhost:5177/:0
[23616075ms] [ERROR] Failed to load resource: net::ERR_CONNECTION_REFUSED @ http://localhost:5177/:0
[23617080ms] [ERROR] Failed to load resource: net::ERR_CONNECTION_REFUSED @ http://localhost:5177/:0
[23618086ms] [ERROR] Failed to load resource: net::ERR_CONNECTION_REFUSED @ http://localhost:5177/:0
[23619091ms] [ERROR] Failed to load resource: net::ERR_CONNECTION_REFUSED @ http://localhost:5177/:0
[23620097ms] [ERROR] Failed to load resource: net::ERR_CONNECTION_REFUSED @ http://localhost:5177/:0
[23621102ms] [ERROR] Failed to load resource: net::ERR_CONNECTION_REFUSED @ http://localhost:5177/:0
[23622105ms] [ERROR] Failed to load resource: net::ERR_CONNECTION_REFUSED @ http://localhost:5177/:0
[23623109ms] [ERROR] Failed to load resource: net::ERR_CONNECTION_REFUSED @ http://localhost:5177/:0
[23624118ms] [ERROR] Failed to load resource: net::ERR_CONNECTION_REFUSED @ http://localhost:5177/:0
[23625121ms] [ERROR] Failed to load resource: net::ERR_CONNECTION_REFUSED @ http://localhost:5177/:0
[23626128ms] [ERROR] Failed to load resource: net::ERR_CONNECTION_REFUSED @ http://localhost:5177/:0
[23627132ms] [ERROR] Failed to load resource: net::ERR_CONNECTION_REFUSED @ http://localhost:5177/:0
[23628135ms] [ERROR] Failed to load resource: net::ERR_CONNECTION_REFUSED @ http://localhost:5177/:0
[23629139ms] [ERROR] Failed to load resource: net::ERR_CONNECTION_REFUSED @ http://localhost:5177/:0
[23630145ms] [ERROR] Failed to load resource: net::ERR_CONNECTION_REFUSED @ http://localhost:5177/:0
[23631149ms] [ERROR] Failed to load resource: net::ERR_CONNECTION_REFUSED @ http://localhost:5177/:0
[23632152ms] [ERROR] Failed to load resource: net::ERR_CONNECTION_REFUSED @ http://localhost:5177/:0
[23633155ms] [ERROR] Failed to load resource: net::ERR_CONNECTION_REFUSED @ http://localhost:5177/:0
[23634164ms] [ERROR] Failed to load resource: net::ERR_CONNECTION_REFUSED @ http://localhost:5177/:0
[23635167ms] [ERROR] Failed to load resource: net::ERR_CONNECTION_REFUSED @ http://localhost:5177/:0
[23636172ms] [ERROR] Failed to load resource: net::ERR_CONNECTION_REFUSED @ http://localhost:5177/:0
[23637178ms] [ERROR] Failed to load resource: net::ERR_CONNECTION_REFUSED @ http://localhost:5177/:0
[23638187ms] [ERROR] Failed to load resource: net::ERR_CONNECTION_REFUSED @ http://localhost:5177/:0
[23639189ms] [ERROR] Failed to load resource: net::ERR_CONNECTION_REFUSED @ http://localhost:5177/:0
[23640199ms] [ERROR] Failed to load resource: net::ERR_CONNECTION_REFUSED @ http://localhost:5177/:0
[23641203ms] [ERROR] Failed to load resource: net::ERR_CONNECTION_REFUSED @ http://localhost:5177/:0
[23642206ms] [ERROR] Failed to load resource: net::ERR_CONNECTION_REFUSED @ http://localhost:5177/:0
[23643213ms] [ERROR] Failed to load resource: net::ERR_CONNECTION_REFUSED @ http://localhost:5177/:0
[23644220ms] [ERROR] Failed to load resource: net::ERR_CONNECTION_REFUSED @ http://localhost:5177/:0
[23645223ms] [ERROR] Failed to load resource: net::ERR_CONNECTION_REFUSED @ http://localhost:5177/:0
[23646227ms] [ERROR] Failed to load resource: net::ERR_CONNECTION_REFUSED @ http://localhost:5177/:0
[23647233ms] [ERROR] Failed to load resource: net::ERR_CONNECTION_REFUSED @ http://localhost:5177/:0
[23648238ms] [ERROR] Failed to load resource: net::ERR_CONNECTION_REFUSED @ http://localhost:5177/:0
[23649242ms] [ERROR] Failed to load resource: net::ERR_CONNECTION_REFUSED @ http://localhost:5177/:0
[23650248ms] [ERROR] Failed to load resource: net::ERR_CONNECTION_REFUSED @ http://localhost:5177/:0
[23651250ms] [ERROR] Failed to load resource: net::ERR_CONNECTION_REFUSED @ http://localhost:5177/:0
[23652254ms] [ERROR] Failed to load resource: net::ERR_CONNECTION_REFUSED @ http://localhost:5177/:0
[23653262ms] [ERROR] Failed to load resource: net::ERR_CONNECTION_REFUSED @ http://localhost:5177/:0
[23654268ms] [ERROR] Failed to load resource: net::ERR_CONNECTION_REFUSED @ http://localhost:5177/:0
[23655272ms] [ERROR] Failed to load resource: net::ERR_CONNECTION_REFUSED @ http://localhost:5177/:0
[23656280ms] [ERROR] Failed to load resource: net::ERR_CONNECTION_REFUSED @ http://localhost:5177/:0
[23657284ms] [ERROR] Failed to load resource: net::ERR_CONNECTION_REFUSED @ http://localhost:5177/:0
[23658289ms] [ERROR] Failed to load resource: net::ERR_CONNECTION_REFUSED @ http://localhost:5177/:0
[23659299ms] [ERROR] Failed to load resource: net::ERR_CONNECTION_REFUSED @ http://localhost:5177/:0
[23660305ms] [ERROR] Failed to load resource: net::ERR_CONNECTION_REFUSED @ http://localhost:5177/:0
[23661310ms] [ERROR] Failed to load resource: net::ERR_CONNECTION_REFUSED @ http://localhost:5177/:0
[23662316ms] [ERROR] Failed to load resource: net::ERR_CONNECTION_REFUSED @ http://localhost:5177/:0
[23663321ms] [ERROR] Failed to load resource: net::ERR_CONNECTION_REFUSED @ http://localhost:5177/:0
[23664328ms] [ERROR] Failed to load resource: net::ERR_CONNECTION_REFUSED @ http://localhost:5177/:0
[23665333ms] [ERROR] Failed to load resource: net::ERR_CONNECTION_REFUSED @ http://localhost:5177/:0
[23666337ms] [ERROR] Failed to load resource: net::ERR_CONNECTION_REFUSED @ http://localhost:5177/:0
[23667343ms] [ERROR] Failed to load resource: net::ERR_CONNECTION_REFUSED @ http://localhost:5177/:0
[23668347ms] [ERROR] Failed to load resource: net::ERR_CONNECTION_REFUSED @ http://localhost:5177/:0
[23669351ms] [ERROR] Failed to load resource: net::ERR_CONNECTION_REFUSED @ http://localhost:5177/:0
[23670354ms] [ERROR] Failed to load resource: net::ERR_CONNECTION_REFUSED @ http://localhost:5177/:0
[23671360ms] [ERROR] Failed to load resource: net::ERR_CONNECTION_REFUSED @ http://localhost:5177/:0
[23672365ms] [ERROR] Failed to load resource: net::ERR_CONNECTION_REFUSED @ http://localhost:5177/:0
[23673371ms] [ERROR] Failed to load resource: net::ERR_CONNECTION_REFUSED @ http://localhost:5177/:0
[23674377ms] [ERROR] Failed to load resource: net::ERR_CONNECTION_REFUSED @ http://localhost:5177/:0
[23675383ms] [ERROR] Failed to load resource: net::ERR_CONNECTION_REFUSED @ http://localhost:5177/:0
[23676387ms] [ERROR] Failed to load resource: net::ERR_CONNECTION_REFUSED @ http://localhost:5177/:0
[23677390ms] [ERROR] Failed to load resource: net::ERR_CONNECTION_REFUSED @ http://localhost:5177/:0
[23678398ms] [ERROR] Failed to load resource: net::ERR_CONNECTION_REFUSED @ http://localhost:5177/:0
[23679401ms] [ERROR] Failed to load resource: net::ERR_CONNECTION_REFUSED @ http://localhost:5177/:0
[23680406ms] [ERROR] Failed to load resource: net::ERR_CONNECTION_REFUSED @ http://localhost:5177/:0
[23681413ms] [ERROR] Failed to load resource: net::ERR_CONNECTION_REFUSED @ http://localhost:5177/:0
[23682421ms] [ERROR] Failed to load resource: net::ERR_CONNECTION_REFUSED @ http://localhost:5177/:0
[23683429ms] [ERROR] Failed to load resource: net::ERR_CONNECTION_REFUSED @ http://localhost:5177/:0
[23684434ms] [ERROR] Failed to load resource: net::ERR_CONNECTION_REFUSED @ http://localhost:5177/:0
[23685438ms] [ERROR] Failed to load resource: net::ERR_CONNECTION_REFUSED @ http://localhost:5177/:0
[23686441ms] [ERROR] Failed to load resource: net::ERR_CONNECTION_REFUSED @ http://localhost:5177/:0
[23687444ms] [ERROR] Failed to load resource: net::ERR_CONNECTION_REFUSED @ http://localhost:5177/:0
[23688448ms] [ERROR] Failed to load resource: net::ERR_CONNECTION_REFUSED @ http://localhost:5177/:0
[23689454ms] [ERROR] Failed to load resource: net::ERR_CONNECTION_REFUSED @ http://localhost:5177/:0
[23690467ms] [ERROR] Failed to load resource: net::ERR_CONNECTION_REFUSED @ http://localhost:5177/:0
[23691470ms] [ERROR] Failed to load resource: net::ERR_CONNECTION_REFUSED @ http://localhost:5177/:0
[23692473ms] [ERROR] Failed to load resource: net::ERR_CONNECTION_REFUSED @ http://localhost:5177/:0
[23693478ms] [ERROR] Failed to load resource: net::ERR_CONNECTION_REFUSED @ http://localhost:5177/:0
[23694483ms] [ERROR] Failed to load resource: net::ERR_CONNECTION_REFUSED @ http://localhost:5177/:0
[23695489ms] [ERROR] Failed to load resource: net::ERR_CONNECTION_REFUSED @ http://localhost:5177/:0
[23696496ms] [ERROR] Failed to load resource: net::ERR_CONNECTION_REFUSED @ http://localhost:5177/:0
[23697498ms] [ERROR] Failed to load resource: net::ERR_CONNECTION_REFUSED @ http://localhost:5177/:0
[23698503ms] [ERROR] Failed to load resource: net::ERR_CONNECTION_REFUSED @ http://localhost:5177/:0
[23699511ms] [ERROR] Failed to load resource: net::ERR_CONNECTION_REFUSED @ http://localhost:5177/:0
[23700516ms] [ERROR] Failed to load resource: net::ERR_CONNECTION_REFUSED @ http://localhost:5177/:0
[23701521ms] [ERROR] Failed to load resource: net::ERR_CONNECTION_REFUSED @ http://localhost:5177/:0
[23702527ms] [ERROR] Failed to load resource: net::ERR_CONNECTION_REFUSED @ http://localhost:5177/:0
[23703534ms] [ERROR] Failed to load resource: net::ERR_CONNECTION_REFUSED @ http://localhost:5177/:0
[23704538ms] [ERROR] Failed to load resource: net::ERR_CONNECTION_REFUSED @ http://localhost:5177/:0
[23705547ms] [ERROR] Failed to load resource: net::ERR_CONNECTION_REFUSED @ http://localhost:5177/:0
[23706552ms] [ERROR] Failed to load resource: net::ERR_CONNECTION_REFUSED @ http://localhost:5177/:0
[23707556ms] [ERROR] Failed to load resource: net::ERR_CONNECTION_REFUSED @ http://localhost:5177/:0
[23708567ms] [ERROR] Failed to load resource: net::ERR_CONNECTION_REFUSED @ http://localhost:5177/:0
[23709570ms] [ERROR] Failed to load resource: net::ERR_CONNECTION_REFUSED @ http://localhost:5177/:0
[23710579ms] [ERROR] Failed to load resource: net::ERR_CONNECTION_REFUSED @ http://localhost:5177/:0
[23711584ms] [ERROR] Failed to load resource: net::ERR_CONNECTION_REFUSED @ http://localhost:5177/:0
[23712588ms] [ERROR] Failed to load resource: net::ERR_CONNECTION_REFUSED @ http://localhost:5177/:0
[23713590ms] [ERROR] Failed to load resource: net::ERR_CONNECTION_REFUSED @ http://localhost:5177/:0
[23714594ms] [ERROR] Failed to load resource: net::ERR_CONNECTION_REFUSED @ http://localhost:5177/:0
[23715600ms] [ERROR] Failed to load resource: net::ERR_CONNECTION_REFUSED @ http://localhost:5177/:0
[23716606ms] [ERROR] Failed to load resource: net::ERR_CONNECTION_REFUSED @ http://localhost:5177/:0
[23717616ms] [ERROR] Failed to load resource: net::ERR_CONNECTION_REFUSED @ http://localhost:5177/:0
[23718621ms] [ERROR] Failed to load resource: net::ERR_CONNECTION_REFUSED @ http://localhost:5177/:0
[23719630ms] [ERROR] Failed to load resource: net::ERR_CONNECTION_REFUSED @ http://localhost:5177/:0
[23720635ms] [ERROR] Failed to load resource: net::ERR_CONNECTION_REFUSED @ http://localhost:5177/:0
[23721641ms] [ERROR] Failed to load resource: net::ERR_CONNECTION_REFUSED @ http://localhost:5177/:0
[23722649ms] [ERROR] Failed to load resource: net::ERR_CONNECTION_REFUSED @ http://localhost:5177/:0
[23723654ms] [ERROR] Failed to load resource: net::ERR_CONNECTION_REFUSED @ http://localhost:5177/:0
[23724662ms] [ERROR] Failed to load resource: net::ERR_CONNECTION_REFUSED @ http://localhost:5177/:0
[23725670ms] [ERROR] Failed to load resource: net::ERR_CONNECTION_REFUSED @ http://localhost:5177/:0
[23726676ms] [ERROR] Failed to load resource: net::ERR_CONNECTION_REFUSED @ http://localhost:5177/:0
[23727679ms] [ERROR] Failed to load resource: net::ERR_CONNECTION_REFUSED @ http://localhost:5177/:0
[23728685ms] [ERROR] Failed to load resource: net::ERR_CONNECTION_REFUSED @ http://localhost:5177/:0
[23729696ms] [ERROR] Failed to load resource: net::ERR_CONNECTION_REFUSED @ http://localhost:5177/:0
[23730700ms] [ERROR] Failed to load resource: net::ERR_CONNECTION_REFUSED @ http://localhost:5177/:0
[23731704ms] [ERROR] Failed to load resource: net::ERR_CONNECTION_REFUSED @ http://localhost:5177/:0
[23732711ms] [ERROR] Failed to load resource: net::ERR_CONNECTION_REFUSED @ http://localhost:5177/:0
[23733718ms] [ERROR] Failed to load resource: net::ERR_CONNECTION_REFUSED @ http://localhost:5177/:0
[23734723ms] [ERROR] Failed to load resource: net::ERR_CONNECTION_REFUSED @ http://localhost:5177/:0
[23735731ms] [ERROR] Failed to load resource: net::ERR_CONNECTION_REFUSED @ http://localhost:5177/:0
[23736734ms] [ERROR] Failed to load resource: net::ERR_CONNECTION_REFUSED @ http://localhost:5177/:0
[23737738ms] [ERROR] Failed to load resource: net::ERR_CONNECTION_REFUSED @ http://localhost:5177/:0
[23738741ms] [ERROR] Failed to load resource: net::ERR_CONNECTION_REFUSED @ http://localhost:5177/:0
[23739747ms] [ERROR] Failed to load resource: net::ERR_CONNECTION_REFUSED @ http://localhost:5177/:0
[23740749ms] [ERROR] Failed to load resource: net::ERR_CONNECTION_REFUSED @ http://localhost:5177/:0
[23741755ms] [ERROR] Failed to load resource: net::ERR_CONNECTION_REFUSED @ http://localhost:5177/:0
[23742769ms] [ERROR] Failed to load resource: net::ERR_CONNECTION_REFUSED @ http://localhost:5177/:0
[23743774ms] [ERROR] Failed to load resource: net::ERR_CONNECTION_REFUSED @ http://localhost:5177/:0
[23744780ms] [ERROR] Failed to load resource: net::ERR_CONNECTION_REFUSED @ http://localhost:5177/:0
[23745784ms] [ERROR] Failed to load resource: net::ERR_CONNECTION_REFUSED @ http://localhost:5177/:0
[23746786ms] [ERROR] Failed to load resource: net::ERR_CONNECTION_REFUSED @ http://localhost:5177/:0
[23747789ms] [ERROR] Failed to load resource: net::ERR_CONNECTION_REFUSED @ http://localhost:5177/:0
[23748798ms] [ERROR] Failed to load resource: net::ERR_CONNECTION_REFUSED @ http://localhost:5177/:0
[23749803ms] [ERROR] Failed to load resource: net::ERR_CONNECTION_REFUSED @ http://localhost:5177/:0
[23750806ms] [ERROR] Failed to load resource: net::ERR_CONNECTION_REFUSED @ http://localhost:5177/:0
[23751811ms] [ERROR] Failed to load resource: net::ERR_CONNECTION_REFUSED @ http://localhost:5177/:0
[23752820ms] [ERROR] Failed to load resource: net::ERR_CONNECTION_REFUSED @ http://localhost:5177/:0
[23753827ms] [ERROR] Failed to load resource: net::ERR_CONNECTION_REFUSED @ http://localhost:5177/:0
[23754830ms] [ERROR] Failed to load resource: net::ERR_CONNECTION_REFUSED @ http://localhost:5177/:0
[23755833ms] [ERROR] Failed to load resource: net::ERR_CONNECTION_REFUSED @ http://localhost:5177/:0
[23756836ms] [ERROR] Failed to load resource: net::ERR_CONNECTION_REFUSED @ http://localhost:5177/:0
[23757841ms] [ERROR] Failed to load resource: net::ERR_CONNECTION_REFUSED @ http://localhost:5177/:0
[23758847ms] [ERROR] Failed to load resource: net::ERR_CONNECTION_REFUSED @ http://localhost:5177/:0
[23759853ms] [ERROR] Failed to load resource: net::ERR_CONNECTION_REFUSED @ http://localhost:5177/:0
[23760858ms] [ERROR] Failed to load resource: net::ERR_CONNECTION_REFUSED @ http://localhost:5177/:0
[23761867ms] [ERROR] Failed to load resource: net::ERR_CONNECTION_REFUSED @ http://localhost:5177/:0
[23762872ms] [ERROR] Failed to load resource: net::ERR_CONNECTION_REFUSED @ http://localhost:5177/:0
[23763877ms] [ERROR] Failed to load resource: net::ERR_CONNECTION_REFUSED @ http://localhost:5177/:0
[23764882ms] [ERROR] Failed to load resource: net::ERR_CONNECTION_REFUSED @ http://localhost:5177/:0
[23765888ms] [ERROR] Failed to load resource: net::ERR_CONNECTION_REFUSED @ http://localhost:5177/:0
[23766892ms] [ERROR] Failed to load resource: net::ERR_CONNECTION_REFUSED @ http://localhost:5177/:0
[23767899ms] [ERROR] Failed to load resource: net::ERR_CONNECTION_REFUSED @ http://localhost:5177/:0
[23768904ms] [ERROR] Failed to load resource: net::ERR_CONNECTION_REFUSED @ http://localhost:5177/:0
[23769909ms] [ERROR] Failed to load resource: net::ERR_CONNECTION_REFUSED @ http://localhost:5177/:0
[23770919ms] [ERROR] Failed to load resource: net::ERR_CONNECTION_REFUSED @ http://localhost:5177/:0
[23771924ms] [ERROR] Failed to load resource: net::ERR_CONNECTION_REFUSED @ http://localhost:5177/:0
[23772928ms] [ERROR] Failed to load resource: net::ERR_CONNECTION_REFUSED @ http://localhost:5177/:0
[23773932ms] [ERROR] Failed to load resource: net::ERR_CONNECTION_REFUSED @ http://localhost:5177/:0
[23774934ms] [ERROR] Failed to load resource: net::ERR_CONNECTION_REFUSED @ http://localhost:5177/:0
[23775939ms] [ERROR] Failed to load resource: net::ERR_CONNECTION_REFUSED @ http://localhost:5177/:0
[23776950ms] [ERROR] Failed to load resource: net::ERR_CONNECTION_REFUSED @ http://localhost:5177/:0
[23777954ms] [ERROR] Failed to load resource: net::ERR_CONNECTION_REFUSED @ http://localhost:5177/:0
[23778961ms] [ERROR] Failed to load resource: net::ERR_CONNECTION_REFUSED @ http://localhost:5177/:0
[23779966ms] [ERROR] Failed to load resource: net::ERR_CONNECTION_REFUSED @ http://localhost:5177/:0
[23780972ms] [ERROR] Failed to load resource: net::ERR_CONNECTION_REFUSED @ http://localhost:5177/:0
[23781979ms] [ERROR] Failed to load resource: net::ERR_CONNECTION_REFUSED @ http://localhost:5177/:0
[23782982ms] [ERROR] Failed to load resource: net::ERR_CONNECTION_REFUSED @ http://localhost:5177/:0
[23783989ms] [ERROR] Failed to load resource: net::ERR_CONNECTION_REFUSED @ http://localhost:5177/:0
[23784997ms] [ERROR] Failed to load resource: net::ERR_CONNECTION_REFUSED @ http://localhost:5177/:0
[23786000ms] [ERROR] Failed to load resource: net::ERR_CONNECTION_REFUSED @ http://localhost:5177/:0
[23787003ms] [ERROR] Failed to load resource: net::ERR_CONNECTION_REFUSED @ http://localhost:5177/:0
[23788014ms] [ERROR] Failed to load resource: net::ERR_CONNECTION_REFUSED @ http://localhost:5177/:0
[23789019ms] [ERROR] Failed to load resource: net::ERR_CONNECTION_REFUSED @ http://localhost:5177/:0
[23790023ms] [ERROR] Failed to load resource: net::ERR_CONNECTION_REFUSED @ http://localhost:5177/:0
[23791029ms] [ERROR] Failed to load resource: net::ERR_CONNECTION_REFUSED @ http://localhost:5177/:0
[23792033ms] [ERROR] Failed to load resource: net::ERR_CONNECTION_REFUSED @ http://localhost:5177/:0
[23793038ms] [ERROR] Failed to load resource: net::ERR_CONNECTION_REFUSED @ http://localhost:5177/:0
[23794043ms] [ERROR] Failed to load resource: net::ERR_CONNECTION_REFUSED @ http://localhost:5177/:0
[23795051ms] [ERROR] Failed to load resource: net::ERR_CONNECTION_REFUSED @ http://localhost:5177/:0
[23796056ms] [ERROR] Failed to load resource: net::ERR_CONNECTION_REFUSED @ http://localhost:5177/:0
[23797064ms] [ERROR] Failed to load resource: net::ERR_CONNECTION_REFUSED @ http://localhost:5177/:0
[23798073ms] [ERROR] Failed to load resource: net::ERR_CONNECTION_REFUSED @ http://localhost:5177/:0
[23799078ms] [ERROR] Failed to load resource: net::ERR_CONNECTION_REFUSED @ http://localhost:5177/:0
[23800083ms] [ERROR] Failed to load resource: net::ERR_CONNECTION_REFUSED @ http://localhost:5177/:0
[23801088ms] [ERROR] Failed to load resource: net::ERR_CONNECTION_REFUSED @ http://localhost:5177/:0
[23802090ms] [ERROR] Failed to load resource: net::ERR_CONNECTION_REFUSED @ http://localhost:5177/:0
[23803101ms] [ERROR] Failed to load resource: net::ERR_CONNECTION_REFUSED @ http://localhost:5177/:0
[23804106ms] [ERROR] Failed to load resource: net::ERR_CONNECTION_REFUSED @ http://localhost:5177/:0
[23805113ms] [ERROR] Failed to load resource: net::ERR_CONNECTION_REFUSED @ http://localhost:5177/:0
[23806119ms] [ERROR] Failed to load resource: net::ERR_CONNECTION_REFUSED @ http://localhost:5177/:0
[23807121ms] [ERROR] Failed to load resource: net::ERR_CONNECTION_REFUSED @ http://localhost:5177/:0
[23808129ms] [ERROR] Failed to load resource: net::ERR_CONNECTION_REFUSED @ http://localhost:5177/:0
[23809134ms] [ERROR] Failed to load resource: net::ERR_CONNECTION_REFUSED @ http://localhost:5177/:0
[23810139ms] [ERROR] Failed to load resource: net::ERR_CONNECTION_REFUSED @ http://localhost:5177/:0
[23811152ms] [ERROR] Failed to load resource: net::ERR_CONNECTION_REFUSED @ http://localhost:5177/:0
[23812157ms] [ERROR] Failed to load resource: net::ERR_CONNECTION_REFUSED @ http://localhost:5177/:0
[23813161ms] [ERROR] Failed to load resource: net::ERR_CONNECTION_REFUSED @ http://localhost:5177/:0
[23814167ms] [ERROR] Failed to load resource: net::ERR_CONNECTION_REFUSED @ http://localhost:5177/:0
[23815171ms] [ERROR] Failed to load resource: net::ERR_CONNECTION_REFUSED @ http://localhost:5177/:0
[23816176ms] [ERROR] Failed to load resource: net::ERR_CONNECTION_REFUSED @ http://localhost:5177/:0
[23817183ms] [ERROR] Failed to load resource: net::ERR_CONNECTION_REFUSED @ http://localhost:5177/:0
[23818187ms] [ERROR] Failed to load resource: net::ERR_CONNECTION_REFUSED @ http://localhost:5177/:0
[23819191ms] [ERROR] Failed to load resource: net::ERR_CONNECTION_REFUSED @ http://localhost:5177/:0
[23820198ms] [ERROR] Failed to load resource: net::ERR_CONNECTION_REFUSED @ http://localhost:5177/:0
[23821203ms] [ERROR] Failed to load resource: net::ERR_CONNECTION_REFUSED @ http://localhost:5177/:0
[23822206ms] [ERROR] Failed to load resource: net::ERR_CONNECTION_REFUSED @ http://localhost:5177/:0
[23823208ms] [ERROR] Failed to load resource: net::ERR_CONNECTION_REFUSED @ http://localhost:5177/:0
[23824210ms] [ERROR] Failed to load resource: net::ERR_CONNECTION_REFUSED @ http://localhost:5177/:0
[23825216ms] [ERROR] Failed to load resource: net::ERR_CONNECTION_REFUSED @ http://localhost:5177/:0
[23826224ms] [ERROR] Failed to load resource: net::ERR_CONNECTION_REFUSED @ http://localhost:5177/:0
[23827233ms] [ERROR] Failed to load resource: net::ERR_CONNECTION_REFUSED @ http://localhost:5177/:0
[23828239ms] [ERROR] Failed to load resource: net::ERR_CONNECTION_REFUSED @ http://localhost:5177/:0
[23829244ms] [ERROR] Failed to load resource: net::ERR_CONNECTION_REFUSED @ http://localhost:5177/:0
[23830251ms] [ERROR] Failed to load resource: net::ERR_CONNECTION_REFUSED @ http://localhost:5177/:0
[23831254ms] [ERROR] Failed to load resource: net::ERR_CONNECTION_REFUSED @ http://localhost:5177/:0
[23832258ms] [ERROR] Failed to load resource: net::ERR_CONNECTION_REFUSED @ http://localhost:5177/:0
[23833266ms] [ERROR] Failed to load resource: net::ERR_CONNECTION_REFUSED @ http://localhost:5177/:0
[23834271ms] [ERROR] Failed to load resource: net::ERR_CONNECTION_REFUSED @ http://localhost:5177/:0
[23835275ms] [ERROR] Failed to load resource: net::ERR_CONNECTION_REFUSED @ http://localhost:5177/:0
[23836282ms] [ERROR] Failed to load resource: net::ERR_CONNECTION_REFUSED @ http://localhost:5177/:0
[23837287ms] [ERROR] Failed to load resource: net::ERR_CONNECTION_REFUSED @ http://localhost:5177/:0
[23838294ms] [ERROR] Failed to load resource: net::ERR_CONNECTION_REFUSED @ http://localhost:5177/:0
[23839300ms] [ERROR] Failed to load resource: net::ERR_CONNECTION_REFUSED @ http://localhost:5177/:0
[23840304ms] [ERROR] Failed to load resource: net::ERR_CONNECTION_REFUSED @ http://localhost:5177/:0
[23841309ms] [ERROR] Failed to load resource: net::ERR_CONNECTION_REFUSED @ http://localhost:5177/:0
[23842319ms] [ERROR] Failed to load resource: net::ERR_CONNECTION_REFUSED @ http://localhost:5177/:0
[23843325ms] [ERROR] Failed to load resource: net::ERR_CONNECTION_REFUSED @ http://localhost:5177/:0
[23844332ms] [ERROR] Failed to load resource: net::ERR_CONNECTION_REFUSED @ http://localhost:5177/:0
[23845337ms] [ERROR] Failed to load resource: net::ERR_CONNECTION_REFUSED @ http://localhost:5177/:0
[23846341ms] [ERROR] Failed to load resource: net::ERR_CONNECTION_REFUSED @ http://localhost:5177/:0
[23847344ms] [ERROR] Failed to load resource: net::ERR_CONNECTION_REFUSED @ http://localhost:5177/:0
[23848352ms] [ERROR] Failed to load resource: net::ERR_CONNECTION_REFUSED @ http://localhost:5177/:0
[23849358ms] [ERROR] Failed to load resource: net::ERR_CONNECTION_REFUSED @ http://localhost:5177/:0
[23850365ms] [ERROR] Failed to load resource: net::ERR_CONNECTION_REFUSED @ http://localhost:5177/:0
[23851370ms] [ERROR] Failed to load resource: net::ERR_CONNECTION_REFUSED @ http://localhost:5177/:0
[23852374ms] [ERROR] Failed to load resource: net::ERR_CONNECTION_REFUSED @ http://localhost:5177/:0
[23853381ms] [ERROR] Failed to load resource: net::ERR_CONNECTION_REFUSED @ http://localhost:5177/:0
[23854387ms] [ERROR] Failed to load resource: net::ERR_CONNECTION_REFUSED @ http://localhost:5177/:0
[23855393ms] [ERROR] Failed to load resource: net::ERR_CONNECTION_REFUSED @ http://localhost:5177/:0
[23856401ms] [ERROR] Failed to load resource: net::ERR_CONNECTION_REFUSED @ http://localhost:5177/:0
[23857404ms] [ERROR] Failed to load resource: net::ERR_CONNECTION_REFUSED @ http://localhost:5177/:0
[23858410ms] [ERROR] Failed to load resource: net::ERR_CONNECTION_REFUSED @ http://localhost:5177/:0
[23859412ms] [ERROR] Failed to load resource: net::ERR_CONNECTION_REFUSED @ http://localhost:5177/:0
[23860418ms] [ERROR] Failed to load resource: net::ERR_CONNECTION_REFUSED @ http://localhost:5177/:0
[23861422ms] [ERROR] Failed to load resource: net::ERR_CONNECTION_REFUSED @ http://localhost:5177/:0
[23862426ms] [ERROR] Failed to load resource: net::ERR_CONNECTION_REFUSED @ http://localhost:5177/:0
[23863433ms] [ERROR] Failed to load resource: net::ERR_CONNECTION_REFUSED @ http://localhost:5177/:0
[23864438ms] [ERROR] Failed to load resource: net::ERR_CONNECTION_REFUSED @ http://localhost:5177/:0
[23865443ms] [ERROR] Failed to load resource: net::ERR_CONNECTION_REFUSED @ http://localhost:5177/:0
[23866451ms] [ERROR] Failed to load resource: net::ERR_CONNECTION_REFUSED @ http://localhost:5177/:0
[23867459ms] [ERROR] Failed to load resource: net::ERR_CONNECTION_REFUSED @ http://localhost:5177/:0
[23868464ms] [ERROR] Failed to load resource: net::ERR_CONNECTION_REFUSED @ http://localhost:5177/:0
[23869467ms] [ERROR] Failed to load resource: net::ERR_CONNECTION_REFUSED @ http://localhost:5177/:0
[23870474ms] [ERROR] Failed to load resource: net::ERR_CONNECTION_REFUSED @ http://localhost:5177/:0
[23871481ms] [ERROR] Failed to load resource: net::ERR_CONNECTION_REFUSED @ http://localhost:5177/:0
[23872485ms] [ERROR] Failed to load resource: net::ERR_CONNECTION_REFUSED @ http://localhost:5177/:0
[23873488ms] [ERROR] Failed to load resource: net::ERR_CONNECTION_REFUSED @ http://localhost:5177/:0
[23874495ms] [ERROR] Failed to load resource: net::ERR_CONNECTION_REFUSED @ http://localhost:5177/:0
[23875502ms] [ERROR] Failed to load resource: net::ERR_CONNECTION_REFUSED @ http://localhost:5177/:0
[23876506ms] [ERROR] Failed to load resource: net::ERR_CONNECTION_REFUSED @ http://localhost:5177/:0
[23877513ms] [ERROR] Failed to load resource: net::ERR_CONNECTION_REFUSED @ http://localhost:5177/:0
[23878519ms] [ERROR] Failed to load resource: net::ERR_CONNECTION_REFUSED @ http://localhost:5177/:0
[23879526ms] [ERROR] Failed to load resource: net::ERR_CONNECTION_REFUSED @ http://localhost:5177/:0
[23880530ms] [ERROR] Failed to load resource: net::ERR_CONNECTION_REFUSED @ http://localhost:5177/:0
[23881537ms] [ERROR] Failed to load resource: net::ERR_CONNECTION_REFUSED @ http://localhost:5177/:0
[23882542ms] [ERROR] Failed to load resource: net::ERR_CONNECTION_REFUSED @ http://localhost:5177/:0
[23883544ms] [ERROR] Failed to load resource: net::ERR_CONNECTION_REFUSED @ http://localhost:5177/:0
[23884549ms] [ERROR] Failed to load resource: net::ERR_CONNECTION_REFUSED @ http://localhost:5177/:0
[23885554ms] [ERROR] Failed to load resource: net::ERR_CONNECTION_REFUSED @ http://localhost:5177/:0
[23886562ms] [ERROR] Failed to load resource: net::ERR_CONNECTION_REFUSED @ http://localhost:5177/:0
[23887565ms] [ERROR] Failed to load resource: net::ERR_CONNECTION_REFUSED @ http://localhost:5177/:0
[23888569ms] [ERROR] Failed to load resource: net::ERR_CONNECTION_REFUSED @ http://localhost:5177/:0
[23889573ms] [ERROR] Failed to load resource: net::ERR_CONNECTION_REFUSED @ http://localhost:5177/:0
[23890578ms] [ERROR] Failed to load resource: net::ERR_CONNECTION_REFUSED @ http://localhost:5177/:0
[23891583ms] [ERROR] Failed to load resource: net::ERR_CONNECTION_REFUSED @ http://localhost:5177/:0
[23892589ms] [ERROR] Failed to load resource: net::ERR_CONNECTION_REFUSED @ http://localhost:5177/:0
[23893592ms] [ERROR] Failed to load resource: net::ERR_CONNECTION_REFUSED @ http://localhost:5177/:0
[23894597ms] [ERROR] Failed to load resource: net::ERR_CONNECTION_REFUSED @ http://localhost:5177/:0
[23895603ms] [ERROR] Failed to load resource: net::ERR_CONNECTION_REFUSED @ http://localhost:5177/:0
[23896605ms] [ERROR] Failed to load resource: net::ERR_CONNECTION_REFUSED @ http://localhost:5177/:0
[23897609ms] [ERROR] Failed to load resource: net::ERR_CONNECTION_REFUSED @ http://localhost:5177/:0
[23898613ms] [ERROR] Failed to load resource: net::ERR_CONNECTION_REFUSED @ http://localhost:5177/:0
[23899618ms] [ERROR] Failed to load resource: net::ERR_CONNECTION_REFUSED @ http://localhost:5177/:0
[23900625ms] [ERROR] Failed to load resource: net::ERR_CONNECTION_REFUSED @ http://localhost:5177/:0
[23901628ms] [ERROR] Failed to load resource: net::ERR_CONNECTION_REFUSED @ http://localhost:5177/:0
[23902632ms] [ERROR] Failed to load resource: net::ERR_CONNECTION_REFUSED @ http://localhost:5177/:0
[23903640ms] [ERROR] Failed to load resource: net::ERR_CONNECTION_REFUSED @ http://localhost:5177/:0
[23904645ms] [ERROR] Failed to load resource: net::ERR_CONNECTION_REFUSED @ http://localhost:5177/:0
[23905648ms] [ERROR] Failed to load resource: net::ERR_CONNECTION_REFUSED @ http://localhost:5177/:0
[23906657ms] [ERROR] Failed to load resource: net::ERR_CONNECTION_REFUSED @ http://localhost:5177/:0
[23907663ms] [ERROR] Failed to load resource: net::ERR_CONNECTION_REFUSED @ http://localhost:5177/:0
[23908672ms] [ERROR] Failed to load resource: net::ERR_CONNECTION_REFUSED @ http://localhost:5177/:0
[23909675ms] [ERROR] Failed to load resource: net::ERR_CONNECTION_REFUSED @ http://localhost:5177/:0
[23910680ms] [ERROR] Failed to load resource: net::ERR_CONNECTION_REFUSED @ http://localhost:5177/:0
[23911687ms] [ERROR] Failed to load resource: net::ERR_CONNECTION_REFUSED @ http://localhost:5177/:0
[23912690ms] [ERROR] Failed to load resource: net::ERR_CONNECTION_REFUSED @ http://localhost:5177/:0
[23913694ms] [ERROR] Failed to load resource: net::ERR_CONNECTION_REFUSED @ http://localhost:5177/:0
[23914700ms] [ERROR] Failed to load resource: net::ERR_CONNECTION_REFUSED @ http://localhost:5177/:0
[23915707ms] [ERROR] Failed to load resource: net::ERR_CONNECTION_REFUSED @ http://localhost:5177/:0
[23916711ms] [ERROR] Failed to load resource: net::ERR_CONNECTION_REFUSED @ http://localhost:5177/:0
[23917715ms] [ERROR] Failed to load resource: net::ERR_CONNECTION_REFUSED @ http://localhost:5177/:0
[23918723ms] [ERROR] Failed to load resource: net::ERR_CONNECTION_REFUSED @ http://localhost:5177/:0
[23919728ms] [ERROR] Failed to load resource: net::ERR_CONNECTION_REFUSED @ http://localhost:5177/:0
[23920732ms] [ERROR] Failed to load resource: net::ERR_CONNECTION_REFUSED @ http://localhost:5177/:0
[23921735ms] [ERROR] Failed to load resource: net::ERR_CONNECTION_REFUSED @ http://localhost:5177/:0
[23922744ms] [ERROR] Failed to load resource: net::ERR_CONNECTION_REFUSED @ http://localhost:5177/:0
[23923752ms] [ERROR] Failed to load resource: net::ERR_CONNECTION_REFUSED @ http://localhost:5177/:0
[23924756ms] [ERROR] Failed to load resource: net::ERR_CONNECTION_REFUSED @ http://localhost:5177/:0
[23925760ms] [ERROR] Failed to load resource: net::ERR_CONNECTION_REFUSED @ http://localhost:5177/:0
[23926764ms] [ERROR] Failed to load resource: net::ERR_CONNECTION_REFUSED @ http://localhost:5177/:0
[23927771ms] [ERROR] Failed to load resource: net::ERR_CONNECTION_REFUSED @ http://localhost:5177/:0
[23928774ms] [ERROR] Failed to load resource: net::ERR_CONNECTION_REFUSED @ http://localhost:5177/:0
[23929778ms] [ERROR] Failed to load resource: net::ERR_CONNECTION_REFUSED @ http://localhost:5177/:0
[23930782ms] [ERROR] Failed to load resource: net::ERR_CONNECTION_REFUSED @ http://localhost:5177/:0
[23931788ms] [ERROR] Failed to load resource: net::ERR_CONNECTION_REFUSED @ http://localhost:5177/:0
[23932792ms] [ERROR] Failed to load resource: net::ERR_CONNECTION_REFUSED @ http://localhost:5177/:0
[23933794ms] [ERROR] Failed to load resource: net::ERR_CONNECTION_REFUSED @ http://localhost:5177/:0
[23934799ms] [ERROR] Failed to load resource: net::ERR_CONNECTION_REFUSED @ http://localhost:5177/:0
[23935804ms] [ERROR] Failed to load resource: net::ERR_CONNECTION_REFUSED @ http://localhost:5177/:0
[23936809ms] [ERROR] Failed to load resource: net::ERR_CONNECTION_REFUSED @ http://localhost:5177/:0
[23937814ms] [ERROR] Failed to load resource: net::ERR_CONNECTION_REFUSED @ http://localhost:5177/:0
[23938820ms] [ERROR] Failed to load resource: net::ERR_CONNECTION_REFUSED @ http://localhost:5177/:0
[23939824ms] [ERROR] Failed to load resource: net::ERR_CONNECTION_REFUSED @ http://localhost:5177/:0
[23940827ms] [ERROR] Failed to load resource: net::ERR_CONNECTION_REFUSED @ http://localhost:5177/:0
[23941831ms] [ERROR] Failed to load resource: net::ERR_CONNECTION_REFUSED @ http://localhost:5177/:0
[23942840ms] [ERROR] Failed to load resource: net::ERR_CONNECTION_REFUSED @ http://localhost:5177/:0
[23943845ms] [ERROR] Failed to load resource: net::ERR_CONNECTION_REFUSED @ http://localhost:5177/:0
[23944849ms] [ERROR] Failed to load resource: net::ERR_CONNECTION_REFUSED @ http://localhost:5177/:0
[23945858ms] [ERROR] Failed to load resource: net::ERR_CONNECTION_REFUSED @ http://localhost:5177/:0
[23946864ms] [ERROR] Failed to load resource: net::ERR_CONNECTION_REFUSED @ http://localhost:5177/:0
[23947871ms] [ERROR] Failed to load resource: net::ERR_CONNECTION_REFUSED @ http://localhost:5177/:0
[23948874ms] [ERROR] Failed to load resource: net::ERR_CONNECTION_REFUSED @ http://localhost:5177/:0
[23949878ms] [ERROR] Failed to load resource: net::ERR_CONNECTION_REFUSED @ http://localhost:5177/:0
[23950882ms] [ERROR] Failed to load resource: net::ERR_CONNECTION_REFUSED @ http://localhost:5177/:0
[23951889ms] [ERROR] Failed to load resource: net::ERR_CONNECTION_REFUSED @ http://localhost:5177/:0
[23952894ms] [ERROR] Failed to load resource: net::ERR_CONNECTION_REFUSED @ http://localhost:5177/:0
[23953899ms] [ERROR] Failed to load resource: net::ERR_CONNECTION_REFUSED @ http://localhost:5177/:0
[23954912ms] [ERROR] Failed to load resource: net::ERR_CONNECTION_REFUSED @ http://localhost:5177/:0
[23955915ms] [ERROR] Failed to load resource: net::ERR_CONNECTION_REFUSED @ http://localhost:5177/:0
[23956921ms] [ERROR] Failed to load resource: net::ERR_CONNECTION_REFUSED @ http://localhost:5177/:0
[23957927ms] [ERROR] Failed to load resource: net::ERR_CONNECTION_REFUSED @ http://localhost:5177/:0
[23958933ms] [ERROR] Failed to load resource: net::ERR_CONNECTION_REFUSED @ http://localhost:5177/:0
[23959945ms] [ERROR] Failed to load resource: net::ERR_CONNECTION_REFUSED @ http://localhost:5177/:0
[23960952ms] [ERROR] Failed to load resource: net::ERR_CONNECTION_REFUSED @ http://localhost:5177/:0
[23961961ms] [ERROR] Failed to load resource: net::ERR_CONNECTION_REFUSED @ http://localhost:5177/:0
[23962967ms] [ERROR] Failed to load resource: net::ERR_CONNECTION_REFUSED @ http://localhost:5177/:0
[23963972ms] [ERROR] Failed to load resource: net::ERR_CONNECTION_REFUSED @ http://localhost:5177/:0
[23964978ms] [ERROR] Failed to load resource: net::ERR_CONNECTION_REFUSED @ http://localhost:5177/:0
[23965984ms] [ERROR] Failed to load resource: net::ERR_CONNECTION_REFUSED @ http://localhost:5177/:0
[23966989ms] [ERROR] Failed to load resource: net::ERR_CONNECTION_REFUSED @ http://localhost:5177/:0
[23967994ms] [ERROR] Failed to load resource: net::ERR_CONNECTION_REFUSED @ http://localhost:5177/:0
[23968999ms] [ERROR] Failed to load resource: net::ERR_CONNECTION_REFUSED @ http://localhost:5177/:0
[23970004ms] [ERROR] Failed to load resource: net::ERR_CONNECTION_REFUSED @ http://localhost:5177/:0
[23971008ms] [ERROR] Failed to load resource: net::ERR_CONNECTION_REFUSED @ http://localhost:5177/:0
[23972012ms] [ERROR] Failed to load resource: net::ERR_CONNECTION_REFUSED @ http://localhost:5177/:0
[23973023ms] [ERROR] Failed to load resource: net::ERR_CONNECTION_REFUSED @ http://localhost:5177/:0
[23974028ms] [ERROR] Failed to load resource: net::ERR_CONNECTION_REFUSED @ http://localhost:5177/:0
[23975032ms] [ERROR] Failed to load resource: net::ERR_CONNECTION_REFUSED @ http://localhost:5177/:0
[23976035ms] [ERROR] Failed to load resource: net::ERR_CONNECTION_REFUSED @ http://localhost:5177/:0
[23977037ms] [ERROR] Failed to load resource: net::ERR_CONNECTION_REFUSED @ http://localhost:5177/:0
[23978041ms] [ERROR] Failed to load resource: net::ERR_CONNECTION_REFUSED @ http://localhost:5177/:0
[23979046ms] [ERROR] Failed to load resource: net::ERR_CONNECTION_REFUSED @ http://localhost:5177/:0
[23980050ms] [ERROR] Failed to load resource: net::ERR_CONNECTION_REFUSED @ http://localhost:5177/:0
[23981059ms] [ERROR] Failed to load resource: net::ERR_CONNECTION_REFUSED @ http://localhost:5177/:0
[23982062ms] [ERROR] Failed to load resource: net::ERR_CONNECTION_REFUSED @ http://localhost:5177/:0
[23983073ms] [ERROR] Failed to load resource: net::ERR_CONNECTION_REFUSED @ http://localhost:5177/:0
[23984076ms] [ERROR] Failed to load resource: net::ERR_CONNECTION_REFUSED @ http://localhost:5177/:0
[23985081ms] [ERROR] Failed to load resource: net::ERR_CONNECTION_REFUSED @ http://localhost:5177/:0
[23986087ms] [ERROR] Failed to load resource: net::ERR_CONNECTION_REFUSED @ http://localhost:5177/:0
[23987091ms] [ERROR] Failed to load resource: net::ERR_CONNECTION_REFUSED @ http://localhost:5177/:0
[23988096ms] [ERROR] Failed to load resource: net::ERR_CONNECTION_REFUSED @ http://localhost:5177/:0
[23989104ms] [ERROR] Failed to load resource: net::ERR_CONNECTION_REFUSED @ http://localhost:5177/:0
[23990108ms] [ERROR] Failed to load resource: net::ERR_CONNECTION_REFUSED @ http://localhost:5177/:0
[23991114ms] [ERROR] Failed to load resource: net::ERR_CONNECTION_REFUSED @ http://localhost:5177/:0
[23992118ms] [ERROR] Failed to load resource: net::ERR_CONNECTION_REFUSED @ http://localhost:5177/:0
[23993127ms] [ERROR] Failed to load resource: net::ERR_CONNECTION_REFUSED @ http://localhost:5177/:0
[23994131ms] [ERROR] Failed to load resource: net::ERR_CONNECTION_REFUSED @ http://localhost:5177/:0
[23995133ms] [ERROR] Failed to load resource: net::ERR_CONNECTION_REFUSED @ http://localhost:5177/:0
[23996138ms] [ERROR] Failed to load resource: net::ERR_CONNECTION_REFUSED @ http://localhost:5177/:0
[23997142ms] [ERROR] Failed to load resource: net::ERR_CONNECTION_REFUSED @ http://localhost:5177/:0
[23998147ms] [ERROR] Failed to load resource: net::ERR_CONNECTION_REFUSED @ http://localhost:5177/:0
[23999151ms] [ERROR] Failed to load resource: net::ERR_CONNECTION_REFUSED @ http://localhost:5177/:0
[24000156ms] [ERROR] Failed to load resource: net::ERR_CONNECTION_REFUSED @ http://localhost:5177/:0
[24001161ms] [ERROR] Failed to load resource: net::ERR_CONNECTION_REFUSED @ http://localhost:5177/:0
[24002164ms] [ERROR] Failed to load resource: net::ERR_CONNECTION_REFUSED @ http://localhost:5177/:0
[24003170ms] [ERROR] Failed to load resource: net::ERR_CONNECTION_REFUSED @ http://localhost:5177/:0
[24004178ms] [ERROR] Failed to load resource: net::ERR_CONNECTION_REFUSED @ http://localhost:5177/:0
[24005184ms] [ERROR] Failed to load resource: net::ERR_CONNECTION_REFUSED @ http://localhost:5177/:0
[24006193ms] [ERROR] Failed to load resource: net::ERR_CONNECTION_REFUSED @ http://localhost:5177/:0
[24007198ms] [ERROR] Failed to load resource: net::ERR_CONNECTION_REFUSED @ http://localhost:5177/:0
[24008204ms] [ERROR] Failed to load resource: net::ERR_CONNECTION_REFUSED @ http://localhost:5177/:0
[24009208ms] [ERROR] Failed to load resource: net::ERR_CONNECTION_REFUSED @ http://localhost:5177/:0
[24010211ms] [ERROR] Failed to load resource: net::ERR_CONNECTION_REFUSED @ http://localhost:5177/:0
[24011214ms] [ERROR] Failed to load resource: net::ERR_CONNECTION_REFUSED @ http://localhost:5177/:0
[24012221ms] [ERROR] Failed to load resource: net::ERR_CONNECTION_REFUSED @ http://localhost:5177/:0
[24013227ms] [ERROR] Failed to load resource: net::ERR_CONNECTION_REFUSED @ http://localhost:5177/:0
[24014233ms] [ERROR] Failed to load resource: net::ERR_CONNECTION_REFUSED @ http://localhost:5177/:0
[24015237ms] [ERROR] Failed to load resource: net::ERR_CONNECTION_REFUSED @ http://localhost:5177/:0
[24016245ms] [ERROR] Failed to load resource: net::ERR_CONNECTION_REFUSED @ http://localhost:5177/:0
[24017248ms] [ERROR] Failed to load resource: net::ERR_CONNECTION_REFUSED @ http://localhost:5177/:0
[24018256ms] [ERROR] Failed to load resource: net::ERR_CONNECTION_REFUSED @ http://localhost:5177/:0
[24019259ms] [ERROR] Failed to load resource: net::ERR_CONNECTION_REFUSED @ http://localhost:5177/:0
[24020274ms] [ERROR] Failed to load resource: net::ERR_CONNECTION_REFUSED @ http://localhost:5177/:0
[24021277ms] [ERROR] Failed to load resource: net::ERR_CONNECTION_REFUSED @ http://localhost:5177/:0
[24022278ms] [ERROR] Failed to load resource: net::ERR_CONNECTION_REFUSED @ http://localhost:5177/:0
[24023282ms] [ERROR] Failed to load resource: net::ERR_CONNECTION_REFUSED @ http://localhost:5177/:0
[24024289ms] [ERROR] Failed to load resource: net::ERR_CONNECTION_REFUSED @ http://localhost:5177/:0
[24025293ms] [ERROR] Failed to load resource: net::ERR_CONNECTION_REFUSED @ http://localhost:5177/:0
[24026297ms] [ERROR] Failed to load resource: net::ERR_CONNECTION_REFUSED @ http://localhost:5177/:0
[24027301ms] [ERROR] Failed to load resource: net::ERR_CONNECTION_REFUSED @ http://localhost:5177/:0
[24028307ms] [ERROR] Failed to load resource: net::ERR_CONNECTION_REFUSED @ http://localhost:5177/:0
[24029316ms] [ERROR] Failed to load resource: net::ERR_CONNECTION_REFUSED @ http://localhost:5177/:0
[24030325ms] [ERROR] Failed to load resource: net::ERR_CONNECTION_REFUSED @ http://localhost:5177/:0
[24031329ms] [ERROR] Failed to load resource: net::ERR_CONNECTION_REFUSED @ http://localhost:5177/:0
[24032336ms] [ERROR] Failed to load resource: net::ERR_CONNECTION_REFUSED @ http://localhost:5177/:0
[24033348ms] [ERROR] Failed to load resource: net::ERR_CONNECTION_REFUSED @ http://localhost:5177/:0
[24034353ms] [ERROR] Failed to load resource: net::ERR_CONNECTION_REFUSED @ http://localhost:5177/:0
[24035358ms] [ERROR] Failed to load resource: net::ERR_CONNECTION_REFUSED @ http://localhost:5177/:0
[24036361ms] [ERROR] Failed to load resource: net::ERR_CONNECTION_REFUSED @ http://localhost:5177/:0
[24037364ms] [ERROR] Failed to load resource: net::ERR_CONNECTION_REFUSED @ http://localhost:5177/:0
[24038371ms] [ERROR] Failed to load resource: net::ERR_CONNECTION_REFUSED @ http://localhost:5177/:0
[24039376ms] [ERROR] Failed to load resource: net::ERR_CONNECTION_REFUSED @ http://localhost:5177/:0
[24040381ms] [ERROR] Failed to load resource: net::ERR_CONNECTION_REFUSED @ http://localhost:5177/:0
[24041385ms] [ERROR] Failed to load resource: net::ERR_CONNECTION_REFUSED @ http://localhost:5177/:0
[24042390ms] [ERROR] Failed to load resource: net::ERR_CONNECTION_REFUSED @ http://localhost:5177/:0
[24043394ms] [ERROR] Failed to load resource: net::ERR_CONNECTION_REFUSED @ http://localhost:5177/:0
[24044396ms] [ERROR] Failed to load resource: net::ERR_CONNECTION_REFUSED @ http://localhost:5177/:0
[24045401ms] [ERROR] Failed to load resource: net::ERR_CONNECTION_REFUSED @ http://localhost:5177/:0
[24046409ms] [ERROR] Failed to load resource: net::ERR_CONNECTION_REFUSED @ http://localhost:5177/:0
[24047415ms] [ERROR] Failed to load resource: net::ERR_CONNECTION_REFUSED @ http://localhost:5177/:0
[24048422ms] [ERROR] Failed to load resource: net::ERR_CONNECTION_REFUSED @ http://localhost:5177/:0
[24049427ms] [ERROR] Failed to load resource: net::ERR_CONNECTION_REFUSED @ http://localhost:5177/:0
[24050429ms] [ERROR] Failed to load resource: net::ERR_CONNECTION_REFUSED @ http://localhost:5177/:0
[24051435ms] [ERROR] Failed to load resource: net::ERR_CONNECTION_REFUSED @ http://localhost:5177/:0
[24052443ms] [ERROR] Failed to load resource: net::ERR_CONNECTION_REFUSED @ http://localhost:5177/:0
[24053449ms] [ERROR] Failed to load resource: net::ERR_CONNECTION_REFUSED @ http://localhost:5177/:0
[24054456ms] [ERROR] Failed to load resource: net::ERR_CONNECTION_REFUSED @ http://localhost:5177/:0
[24055459ms] [ERROR] Failed to load resource: net::ERR_CONNECTION_REFUSED @ http://localhost:5177/:0
[24056465ms] [ERROR] Failed to load resource: net::ERR_CONNECTION_REFUSED @ http://localhost:5177/:0
[24057472ms] [ERROR] Failed to load resource: net::ERR_CONNECTION_REFUSED @ http://localhost:5177/:0
[24058482ms] [ERROR] Failed to load resource: net::ERR_CONNECTION_REFUSED @ http://localhost:5177/:0
[24059485ms] [ERROR] Failed to load resource: net::ERR_CONNECTION_REFUSED @ http://localhost:5177/:0
[24060493ms] [ERROR] Failed to load resource: net::ERR_CONNECTION_REFUSED @ http://localhost:5177/:0
[24061496ms] [ERROR] Failed to load resource: net::ERR_CONNECTION_REFUSED @ http://localhost:5177/:0
[24062504ms] [ERROR] Failed to load resource: net::ERR_CONNECTION_REFUSED @ http://localhost:5177/:0
[24063509ms] [ERROR] Failed to load resource: net::ERR_CONNECTION_REFUSED @ http://localhost:5177/:0
[24064515ms] [ERROR] Failed to load resource: net::ERR_CONNECTION_REFUSED @ http://localhost:5177/:0
[24065523ms] [ERROR] Failed to load resource: net::ERR_CONNECTION_REFUSED @ http://localhost:5177/:0
[24066527ms] [ERROR] Failed to load resource: net::ERR_CONNECTION_REFUSED @ http://localhost:5177/:0
[24067532ms] [ERROR] Failed to load resource: net::ERR_CONNECTION_REFUSED @ http://localhost:5177/:0
[24068538ms] [ERROR] Failed to load resource: net::ERR_CONNECTION_REFUSED @ http://localhost:5177/:0
[24069545ms] [ERROR] Failed to load resource: net::ERR_CONNECTION_REFUSED @ http://localhost:5177/:0
[24070558ms] [ERROR] Failed to load resource: net::ERR_CONNECTION_REFUSED @ http://localhost:5177/:0
[24071564ms] [ERROR] Failed to load resource: net::ERR_CONNECTION_REFUSED @ http://localhost:5177/:0
[24072573ms] [ERROR] Failed to load resource: net::ERR_CONNECTION_REFUSED @ http://localhost:5177/:0
[24073578ms] [ERROR] Failed to load resource: net::ERR_CONNECTION_REFUSED @ http://localhost:5177/:0
[24074582ms] [ERROR] Failed to load resource: net::ERR_CONNECTION_REFUSED @ http://localhost:5177/:0
[24075589ms] [ERROR] Failed to load resource: net::ERR_CONNECTION_REFUSED @ http://localhost:5177/:0
[24076592ms] [ERROR] Failed to load resource: net::ERR_CONNECTION_REFUSED @ http://localhost:5177/:0
[24077598ms] [ERROR] Failed to load resource: net::ERR_CONNECTION_REFUSED @ http://localhost:5177/:0
[24078602ms] [ERROR] Failed to load resource: net::ERR_CONNECTION_REFUSED @ http://localhost:5177/:0
[24079605ms] [ERROR] Failed to load resource: net::ERR_CONNECTION_REFUSED @ http://localhost:5177/:0
[24080611ms] [ERROR] Failed to load resource: net::ERR_CONNECTION_REFUSED @ http://localhost:5177/:0
[24081617ms] [ERROR] Failed to load resource: net::ERR_CONNECTION_REFUSED @ http://localhost:5177/:0
[24082624ms] [ERROR] Failed to load resource: net::ERR_CONNECTION_REFUSED @ http://localhost:5177/:0
[24083630ms] [ERROR] Failed to load resource: net::ERR_CONNECTION_REFUSED @ http://localhost:5177/:0
[24084636ms] [ERROR] Failed to load resource: net::ERR_CONNECTION_REFUSED @ http://localhost:5177/:0
[24085645ms] [ERROR] Failed to load resource: net::ERR_CONNECTION_REFUSED @ http://localhost:5177/:0
[24086649ms] [ERROR] Failed to load resource: net::ERR_CONNECTION_REFUSED @ http://localhost:5177/:0
[24087652ms] [ERROR] Failed to load resource: net::ERR_CONNECTION_REFUSED @ http://localhost:5177/:0
[24088659ms] [ERROR] Failed to load resource: net::ERR_CONNECTION_REFUSED @ http://localhost:5177/:0
[24089663ms] [ERROR] Failed to load resource: net::ERR_CONNECTION_REFUSED @ http://localhost:5177/:0
[24090669ms] [ERROR] Failed to load resource: net::ERR_CONNECTION_REFUSED @ http://localhost:5177/:0
[24091677ms] [ERROR] Failed to load resource: net::ERR_CONNECTION_REFUSED @ http://localhost:5177/:0
[24092682ms] [ERROR] Failed to load resource: net::ERR_CONNECTION_REFUSED @ http://localhost:5177/:0
[24093691ms] [ERROR] Failed to load resource: net::ERR_CONNECTION_REFUSED @ http://localhost:5177/:0
[24094696ms] [ERROR] Failed to load resource: net::ERR_CONNECTION_REFUSED @ http://localhost:5177/:0
[24095711ms] [ERROR] Failed to load resource: net::ERR_CONNECTION_REFUSED @ http://localhost:5177/:0
[24096715ms] [ERROR] Failed to load resource: net::ERR_CONNECTION_REFUSED @ http://localhost:5177/:0
[24097719ms] [ERROR] Failed to load resource: net::ERR_CONNECTION_REFUSED @ http://localhost:5177/:0
[24098735ms] [ERROR] Failed to load resource: net::ERR_CONNECTION_REFUSED @ http://localhost:5177/:0
[24099737ms] [ERROR] Failed to load resource: net::ERR_CONNECTION_REFUSED @ http://localhost:5177/:0
[24100741ms] [ERROR] Failed to load resource: net::ERR_CONNECTION_REFUSED @ http://localhost:5177/:0
[24101745ms] [ERROR] Failed to load resource: net::ERR_CONNECTION_REFUSED @ http://localhost:5177/:0
[24102750ms] [ERROR] Failed to load resource: net::ERR_CONNECTION_REFUSED @ http://localhost:5177/:0
[24103755ms] [ERROR] Failed to load resource: net::ERR_CONNECTION_REFUSED @ http://localhost:5177/:0
[24104760ms] [ERROR] Failed to load resource: net::ERR_CONNECTION_REFUSED @ http://localhost:5177/:0
[24105765ms] [ERROR] Failed to load resource: net::ERR_CONNECTION_REFUSED @ http://localhost:5177/:0
[24106770ms] [ERROR] Failed to load resource: net::ERR_CONNECTION_REFUSED @ http://localhost:5177/:0
[24107773ms] [ERROR] Failed to load resource: net::ERR_CONNECTION_REFUSED @ http://localhost:5177/:0
[24108778ms] [ERROR] Failed to load resource: net::ERR_CONNECTION_REFUSED @ http://localhost:5177/:0
[24109782ms] [ERROR] Failed to load resource: net::ERR_CONNECTION_REFUSED @ http://localhost:5177/:0
[24110789ms] [ERROR] Failed to load resource: net::ERR_CONNECTION_REFUSED @ http://localhost:5177/:0
[24111795ms] [ERROR] Failed to load resource: net::ERR_CONNECTION_REFUSED @ http://localhost:5177/:0
[24112799ms] [ERROR] Failed to load resource: net::ERR_CONNECTION_REFUSED @ http://localhost:5177/:0
[24113805ms] [ERROR] Failed to load resource: net::ERR_CONNECTION_REFUSED @ http://localhost:5177/:0
[24114810ms] [ERROR] Failed to load resource: net::ERR_CONNECTION_REFUSED @ http://localhost:5177/:0
[24115815ms] [ERROR] Failed to load resource: net::ERR_CONNECTION_REFUSED @ http://localhost:5177/:0
[24116823ms] [ERROR] Failed to load resource: net::ERR_CONNECTION_REFUSED @ http://localhost:5177/:0
[24117831ms] [ERROR] Failed to load resource: net::ERR_CONNECTION_REFUSED @ http://localhost:5177/:0
[24118838ms] [ERROR] Failed to load resource: net::ERR_CONNECTION_REFUSED @ http://localhost:5177/:0
[24119844ms] [ERROR] Failed to load resource: net::ERR_CONNECTION_REFUSED @ http://localhost:5177/:0
[24120849ms] [ERROR] Failed to load resource: net::ERR_CONNECTION_REFUSED @ http://localhost:5177/:0
[24121856ms] [ERROR] Failed to load resource: net::ERR_CONNECTION_REFUSED @ http://localhost:5177/:0
[24122861ms] [ERROR] Failed to load resource: net::ERR_CONNECTION_REFUSED @ http://localhost:5177/:0
[24123867ms] [ERROR] Failed to load resource: net::ERR_CONNECTION_REFUSED @ http://localhost:5177/:0
[24124874ms] [ERROR] Failed to load resource: net::ERR_CONNECTION_REFUSED @ http://localhost:5177/:0
[24125880ms] [ERROR] Failed to load resource: net::ERR_CONNECTION_REFUSED @ http://localhost:5177/:0
[24126887ms] [ERROR] Failed to load resource: net::ERR_CONNECTION_REFUSED @ http://localhost:5177/:0
[24127896ms] [ERROR] Failed to load resource: net::ERR_CONNECTION_REFUSED @ http://localhost:5177/:0
[24128900ms] [ERROR] Failed to load resource: net::ERR_CONNECTION_REFUSED @ http://localhost:5177/:0
[24129908ms] [ERROR] Failed to load resource: net::ERR_CONNECTION_REFUSED @ http://localhost:5177/:0
[24130917ms] [ERROR] Failed to load resource: net::ERR_CONNECTION_REFUSED @ http://localhost:5177/:0
[24131924ms] [ERROR] Failed to load resource: net::ERR_CONNECTION_REFUSED @ http://localhost:5177/:0
[24132929ms] [ERROR] Failed to load resource: net::ERR_CONNECTION_REFUSED @ http://localhost:5177/:0
[24133934ms] [ERROR] Failed to load resource: net::ERR_CONNECTION_REFUSED @ http://localhost:5177/:0
[24134944ms] [ERROR] Failed to load resource: net::ERR_CONNECTION_REFUSED @ http://localhost:5177/:0
[24135949ms] [ERROR] Failed to load resource: net::ERR_CONNECTION_REFUSED @ http://localhost:5177/:0
[24136954ms] [ERROR] Failed to load resource: net::ERR_CONNECTION_REFUSED @ http://localhost:5177/:0
[24137959ms] [ERROR] Failed to load resource: net::ERR_CONNECTION_REFUSED @ http://localhost:5177/:0
[24138964ms] [ERROR] Failed to load resource: net::ERR_CONNECTION_REFUSED @ http://localhost:5177/:0
[24139971ms] [ERROR] Failed to load resource: net::ERR_CONNECTION_REFUSED @ http://localhost:5177/:0
[24140976ms] [ERROR] Failed to load resource: net::ERR_CONNECTION_REFUSED @ http://localhost:5177/:0
[24141979ms] [ERROR] Failed to load resource: net::ERR_CONNECTION_REFUSED @ http://localhost:5177/:0
[24142989ms] [ERROR] Failed to load resource: net::ERR_CONNECTION_REFUSED @ http://localhost:5177/:0
[24143994ms] [ERROR] Failed to load resource: net::ERR_CONNECTION_REFUSED @ http://localhost:5177/:0
[24144998ms] [ERROR] Failed to load resource: net::ERR_CONNECTION_REFUSED @ http://localhost:5177/:0
[24146004ms] [ERROR] Failed to load resource: net::ERR_CONNECTION_REFUSED @ http://localhost:5177/:0
[24147014ms] [ERROR] Failed to load resource: net::ERR_CONNECTION_REFUSED @ http://localhost:5177/:0
[24148018ms] [ERROR] Failed to load resource: net::ERR_CONNECTION_REFUSED @ http://localhost:5177/:0
[24149027ms] [ERROR] Failed to load resource: net::ERR_CONNECTION_REFUSED @ http://localhost:5177/:0
[24150032ms] [ERROR] Failed to load resource: net::ERR_CONNECTION_REFUSED @ http://localhost:5177/:0
[24151037ms] [ERROR] Failed to load resource: net::ERR_CONNECTION_REFUSED @ http://localhost:5177/:0
[24152044ms] [ERROR] Failed to load resource: net::ERR_CONNECTION_REFUSED @ http://localhost:5177/:0
[24153051ms] [ERROR] Failed to load resource: net::ERR_CONNECTION_REFUSED @ http://localhost:5177/:0
[24154060ms] [ERROR] Failed to load resource: net::ERR_CONNECTION_REFUSED @ http://localhost:5177/:0
[24155063ms] [ERROR] Failed to load resource: net::ERR_CONNECTION_REFUSED @ http://localhost:5177/:0
[24156068ms] [ERROR] Failed to load resource: net::ERR_CONNECTION_REFUSED @ http://localhost:5177/:0
[24157076ms] [ERROR] Failed to load resource: net::ERR_CONNECTION_REFUSED @ http://localhost:5177/:0
[24158083ms] [ERROR] Failed to load resource: net::ERR_CONNECTION_REFUSED @ http://localhost:5177/:0
[24159087ms] [ERROR] Failed to load resource: net::ERR_CONNECTION_REFUSED @ http://localhost:5177/:0
[24160090ms] [ERROR] Failed to load resource: net::ERR_CONNECTION_REFUSED @ http://localhost:5177/:0
[24161095ms] [ERROR] Failed to load resource: net::ERR_CONNECTION_REFUSED @ http://localhost:5177/:0
[24162100ms] [ERROR] Failed to load resource: net::ERR_CONNECTION_REFUSED @ http://localhost:5177/:0
[24163107ms] [ERROR] Failed to load resource: net::ERR_CONNECTION_REFUSED @ http://localhost:5177/:0
[24164113ms] [ERROR] Failed to load resource: net::ERR_CONNECTION_REFUSED @ http://localhost:5177/:0
[24165118ms] [ERROR] Failed to load resource: net::ERR_CONNECTION_REFUSED @ http://localhost:5177/:0
[24166122ms] [ERROR] Failed to load resource: net::ERR_CONNECTION_REFUSED @ http://localhost:5177/:0
[24167130ms] [ERROR] Failed to load resource: net::ERR_CONNECTION_REFUSED @ http://localhost:5177/:0
[24168135ms] [ERROR] Failed to load resource: net::ERR_CONNECTION_REFUSED @ http://localhost:5177/:0
[24169144ms] [ERROR] Failed to load resource: net::ERR_CONNECTION_REFUSED @ http://localhost:5177/:0
[24170150ms] [ERROR] Failed to load resource: net::ERR_CONNECTION_REFUSED @ http://localhost:5177/:0
[24171157ms] [ERROR] Failed to load resource: net::ERR_CONNECTION_REFUSED @ http://localhost:5177/:0
[24172161ms] [ERROR] Failed to load resource: net::ERR_CONNECTION_REFUSED @ http://localhost:5177/:0
[24173166ms] [ERROR] Failed to load resource: net::ERR_CONNECTION_REFUSED @ http://localhost:5177/:0
[24174173ms] [ERROR] Failed to load resource: net::ERR_CONNECTION_REFUSED @ http://localhost:5177/:0
[24175177ms] [ERROR] Failed to load resource: net::ERR_CONNECTION_REFUSED @ http://localhost:5177/:0
[24176183ms] [ERROR] Failed to load resource: net::ERR_CONNECTION_REFUSED @ http://localhost:5177/:0
[24177187ms] [ERROR] Failed to load resource: net::ERR_CONNECTION_REFUSED @ http://localhost:5177/:0
[24178191ms] [ERROR] Failed to load resource: net::ERR_CONNECTION_REFUSED @ http://localhost:5177/:0
[24179194ms] [ERROR] Failed to load resource: net::ERR_CONNECTION_REFUSED @ http://localhost:5177/:0
[24180198ms] [ERROR] Failed to load resource: net::ERR_CONNECTION_REFUSED @ http://localhost:5177/:0
[24181202ms] [ERROR] Failed to load resource: net::ERR_CONNECTION_REFUSED @ http://localhost:5177/:0
[24182210ms] [ERROR] Failed to load resource: net::ERR_CONNECTION_REFUSED @ http://localhost:5177/:0
[24183214ms] [ERROR] Failed to load resource: net::ERR_CONNECTION_REFUSED @ http://localhost:5177/:0
[24184218ms] [ERROR] Failed to load resource: net::ERR_CONNECTION_REFUSED @ http://localhost:5177/:0
[24185224ms] [ERROR] Failed to load resource: net::ERR_CONNECTION_REFUSED @ http://localhost:5177/:0
[24186228ms] [ERROR] Failed to load resource: net::ERR_CONNECTION_REFUSED @ http://localhost:5177/:0
[24187233ms] [ERROR] Failed to load resource: net::ERR_CONNECTION_REFUSED @ http://localhost:5177/:0
[24188237ms] [ERROR] Failed to load resource: net::ERR_CONNECTION_REFUSED @ http://localhost:5177/:0
[24189240ms] [ERROR] Failed to load resource: net::ERR_CONNECTION_REFUSED @ http://localhost:5177/:0
[24190245ms] [ERROR] Failed to load resource: net::ERR_CONNECTION_REFUSED @ http://localhost:5177/:0
[24191251ms] [ERROR] Failed to load resource: net::ERR_CONNECTION_REFUSED @ http://localhost:5177/:0
[24192259ms] [ERROR] Failed to load resource: net::ERR_CONNECTION_REFUSED @ http://localhost:5177/:0
[24193264ms] [ERROR] Failed to load resource: net::ERR_CONNECTION_REFUSED @ http://localhost:5177/:0
[24194268ms] [ERROR] Failed to load resource: net::ERR_CONNECTION_REFUSED @ http://localhost:5177/:0
[24195271ms] [ERROR] Failed to load resource: net::ERR_CONNECTION_REFUSED @ http://localhost:5177/:0
[24196280ms] [ERROR] Failed to load resource: net::ERR_CONNECTION_REFUSED @ http://localhost:5177/:0
[24197285ms] [ERROR] Failed to load resource: net::ERR_CONNECTION_REFUSED @ http://localhost:5177/:0
[24198293ms] [ERROR] Failed to load resource: net::ERR_CONNECTION_REFUSED @ http://localhost:5177/:0
[24199298ms] [ERROR] Failed to load resource: net::ERR_CONNECTION_REFUSED @ http://localhost:5177/:0
[24200301ms] [ERROR] Failed to load resource: net::ERR_CONNECTION_REFUSED @ http://localhost:5177/:0
[24201308ms] [ERROR] Failed to load resource: net::ERR_CONNECTION_REFUSED @ http://localhost:5177/:0
[24202312ms] [ERROR] Failed to load resource: net::ERR_CONNECTION_REFUSED @ http://localhost:5177/:0
[24203316ms] [ERROR] Failed to load resource: net::ERR_CONNECTION_REFUSED @ http://localhost:5177/:0
[24204319ms] [ERROR] Failed to load resource: net::ERR_CONNECTION_REFUSED @ http://localhost:5177/:0
[24205333ms] [ERROR] Failed to load resource: net::ERR_CONNECTION_REFUSED @ http://localhost:5177/:0
[24206340ms] [ERROR] Failed to load resource: net::ERR_CONNECTION_REFUSED @ http://localhost:5177/:0
[24207344ms] [ERROR] Failed to load resource: net::ERR_CONNECTION_REFUSED @ http://localhost:5177/:0
[24208346ms] [ERROR] Failed to load resource: net::ERR_CONNECTION_REFUSED @ http://localhost:5177/:0
[24209351ms] [ERROR] Failed to load resource: net::ERR_CONNECTION_REFUSED @ http://localhost:5177/:0
[24210358ms] [ERROR] Failed to load resource: net::ERR_CONNECTION_REFUSED @ http://localhost:5177/:0
[24211366ms] [ERROR] Failed to load resource: net::ERR_CONNECTION_REFUSED @ http://localhost:5177/:0
[24212373ms] [ERROR] Failed to load resource: net::ERR_CONNECTION_REFUSED @ http://localhost:5177/:0
[24213380ms] [ERROR] Failed to load resource: net::ERR_CONNECTION_REFUSED @ http://localhost:5177/:0
[24214385ms] [ERROR] Failed to load resource: net::ERR_CONNECTION_REFUSED @ http://localhost:5177/:0
[24215387ms] [ERROR] Failed to load resource: net::ERR_CONNECTION_REFUSED @ http://localhost:5177/:0
[24216394ms] [ERROR] Failed to load resource: net::ERR_CONNECTION_REFUSED @ http://localhost:5177/:0
[24217400ms] [ERROR] Failed to load resource: net::ERR_CONNECTION_REFUSED @ http://localhost:5177/:0
[24218404ms] [ERROR] Failed to load resource: net::ERR_CONNECTION_REFUSED @ http://localhost:5177/:0
[24219409ms] [ERROR] Failed to load resource: net::ERR_CONNECTION_REFUSED @ http://localhost:5177/:0
[24220418ms] [ERROR] Failed to load resource: net::ERR_CONNECTION_REFUSED @ http://localhost:5177/:0
[24221424ms] [ERROR] Failed to load resource: net::ERR_CONNECTION_REFUSED @ http://localhost:5177/:0
[24222428ms] [ERROR] Failed to load resource: net::ERR_CONNECTION_REFUSED @ http://localhost:5177/:0
[24223432ms] [ERROR] Failed to load resource: net::ERR_CONNECTION_REFUSED @ http://localhost:5177/:0
[24224435ms] [ERROR] Failed to load resource: net::ERR_CONNECTION_REFUSED @ http://localhost:5177/:0
[24225442ms] [ERROR] Failed to load resource: net::ERR_CONNECTION_REFUSED @ http://localhost:5177/:0
[24226446ms] [ERROR] Failed to load resource: net::ERR_CONNECTION_REFUSED @ http://localhost:5177/:0
[24227451ms] [ERROR] Failed to load resource: net::ERR_CONNECTION_REFUSED @ http://localhost:5177/:0
[24228458ms] [ERROR] Failed to load resource: net::ERR_CONNECTION_REFUSED @ http://localhost:5177/:0
[24229464ms] [ERROR] Failed to load resource: net::ERR_CONNECTION_REFUSED @ http://localhost:5177/:0
[24230469ms] [ERROR] Failed to load resource: net::ERR_CONNECTION_REFUSED @ http://localhost:5177/:0
[24231475ms] [ERROR] Failed to load resource: net::ERR_CONNECTION_REFUSED @ http://localhost:5177/:0
[24232483ms] [ERROR] Failed to load resource: net::ERR_CONNECTION_REFUSED @ http://localhost:5177/:0
[24233489ms] [ERROR] Failed to load resource: net::ERR_CONNECTION_REFUSED @ http://localhost:5177/:0
[24234495ms] [ERROR] Failed to load resource: net::ERR_CONNECTION_REFUSED @ http://localhost:5177/:0
[24235500ms] [ERROR] Failed to load resource: net::ERR_CONNECTION_REFUSED @ http://localhost:5177/:0
[24236503ms] [ERROR] Failed to load resource: net::ERR_CONNECTION_REFUSED @ http://localhost:5177/:0
[24237510ms] [ERROR] Failed to load resource: net::ERR_CONNECTION_REFUSED @ http://localhost:5177/:0
[24238516ms] [ERROR] Failed to load resource: net::ERR_CONNECTION_REFUSED @ http://localhost:5177/:0
[24239521ms] [ERROR] Failed to load resource: net::ERR_CONNECTION_REFUSED @ http://localhost:5177/:0
[24240526ms] [ERROR] Failed to load resource: net::ERR_CONNECTION_REFUSED @ http://localhost:5177/:0
[24241530ms] [ERROR] Failed to load resource: net::ERR_CONNECTION_REFUSED @ http://localhost:5177/:0
[24242535ms] [ERROR] Failed to load resource: net::ERR_CONNECTION_REFUSED @ http://localhost:5177/:0
[24243539ms] [ERROR] Failed to load resource: net::ERR_CONNECTION_REFUSED @ http://localhost:5177/:0
[24244543ms] [ERROR] Failed to load resource: net::ERR_CONNECTION_REFUSED @ http://localhost:5177/:0
[24245548ms] [ERROR] Failed to load resource: net::ERR_CONNECTION_REFUSED @ http://localhost:5177/:0
[24246552ms] [ERROR] Failed to load resource: net::ERR_CONNECTION_REFUSED @ http://localhost:5177/:0
[24247558ms] [ERROR] Failed to load resource: net::ERR_CONNECTION_REFUSED @ http://localhost:5177/:0
[24248564ms] [ERROR] Failed to load resource: net::ERR_CONNECTION_REFUSED @ http://localhost:5177/:0
[24249570ms] [ERROR] Failed to load resource: net::ERR_CONNECTION_REFUSED @ http://localhost:5177/:0
[24250579ms] [ERROR] Failed to load resource: net::ERR_CONNECTION_REFUSED @ http://localhost:5177/:0
[24251582ms] [ERROR] Failed to load resource: net::ERR_CONNECTION_REFUSED @ http://localhost:5177/:0
[24252599ms] [ERROR] Failed to load resource: net::ERR_CONNECTION_REFUSED @ http://localhost:5177/:0
[24253608ms] [ERROR] Failed to load resource: net::ERR_CONNECTION_REFUSED @ http://localhost:5177/:0
[24254611ms] [ERROR] Failed to load resource: net::ERR_CONNECTION_REFUSED @ http://localhost:5177/:0
[24255616ms] [ERROR] Failed to load resource: net::ERR_CONNECTION_REFUSED @ http://localhost:5177/:0
[24256618ms] [ERROR] Failed to load resource: net::ERR_CONNECTION_REFUSED @ http://localhost:5177/:0
[24257628ms] [ERROR] Failed to load resource: net::ERR_CONNECTION_REFUSED @ http://localhost:5177/:0
[24258633ms] [ERROR] Failed to load resource: net::ERR_CONNECTION_REFUSED @ http://localhost:5177/:0
[24259639ms] [ERROR] Failed to load resource: net::ERR_CONNECTION_REFUSED @ http://localhost:5177/:0
[24260645ms] [ERROR] Failed to load resource: net::ERR_CONNECTION_REFUSED @ http://localhost:5177/:0
[24261649ms] [ERROR] Failed to load resource: net::ERR_CONNECTION_REFUSED @ http://localhost:5177/:0
[24262656ms] [ERROR] Failed to load resource: net::ERR_CONNECTION_REFUSED @ http://localhost:5177/:0
[24263661ms] [ERROR] Failed to load resource: net::ERR_CONNECTION_REFUSED @ http://localhost:5177/:0
[24264665ms] [ERROR] Failed to load resource: net::ERR_CONNECTION_REFUSED @ http://localhost:5177/:0
[24265669ms] [ERROR] Failed to load resource: net::ERR_CONNECTION_REFUSED @ http://localhost:5177/:0
[24266682ms] [ERROR] Failed to load resource: net::ERR_CONNECTION_REFUSED @ http://localhost:5177/:0
[24267685ms] [ERROR] Failed to load resource: net::ERR_CONNECTION_REFUSED @ http://localhost:5177/:0
[24268693ms] [ERROR] Failed to load resource: net::ERR_CONNECTION_REFUSED @ http://localhost:5177/:0
[24269700ms] [ERROR] Failed to load resource: net::ERR_CONNECTION_REFUSED @ http://localhost:5177/:0
[24270705ms] [ERROR] Failed to load resource: net::ERR_CONNECTION_REFUSED @ http://localhost:5177/:0
[24271711ms] [ERROR] Failed to load resource: net::ERR_CONNECTION_REFUSED @ http://localhost:5177/:0
[24272715ms] [ERROR] Failed to load resource: net::ERR_CONNECTION_REFUSED @ http://localhost:5177/:0
[24273717ms] [ERROR] Failed to load resource: net::ERR_CONNECTION_REFUSED @ http://localhost:5177/:0
[24274729ms] [ERROR] Failed to load resource: net::ERR_CONNECTION_REFUSED @ http://localhost:5177/:0
[24275733ms] [ERROR] Failed to load resource: net::ERR_CONNECTION_REFUSED @ http://localhost:5177/:0
[24276739ms] [ERROR] Failed to load resource: net::ERR_CONNECTION_REFUSED @ http://localhost:5177/:0
[24277749ms] [ERROR] Failed to load resource: net::ERR_CONNECTION_REFUSED @ http://localhost:5177/:0
[24278756ms] [ERROR] Failed to load resource: net::ERR_CONNECTION_REFUSED @ http://localhost:5177/:0
[24279761ms] [ERROR] Failed to load resource: net::ERR_CONNECTION_REFUSED @ http://localhost:5177/:0
[24280765ms] [ERROR] Failed to load resource: net::ERR_CONNECTION_REFUSED @ http://localhost:5177/:0
[24281769ms] [ERROR] Failed to load resource: net::ERR_CONNECTION_REFUSED @ http://localhost:5177/:0
[24282772ms] [ERROR] Failed to load resource: net::ERR_CONNECTION_REFUSED @ http://localhost:5177/:0
[24283780ms] [ERROR] Failed to load resource: net::ERR_CONNECTION_REFUSED @ http://localhost:5177/:0
[24284785ms] [ERROR] Failed to load resource: net::ERR_CONNECTION_REFUSED @ http://localhost:5177/:0
[24285789ms] [ERROR] Failed to load resource: net::ERR_CONNECTION_REFUSED @ http://localhost:5177/:0
[24286793ms] [ERROR] Failed to load resource: net::ERR_CONNECTION_REFUSED @ http://localhost:5177/:0
[24287797ms] [ERROR] Failed to load resource: net::ERR_CONNECTION_REFUSED @ http://localhost:5177/:0
[24288801ms] [ERROR] Failed to load resource: net::ERR_CONNECTION_REFUSED @ http://localhost:5177/:0
[24289805ms] [ERROR] Failed to load resource: net::ERR_CONNECTION_REFUSED @ http://localhost:5177/:0
[24290810ms] [ERROR] Failed to load resource: net::ERR_CONNECTION_REFUSED @ http://localhost:5177/:0
[24291817ms] [ERROR] Failed to load resource: net::ERR_CONNECTION_REFUSED @ http://localhost:5177/:0
[24292820ms] [ERROR] Failed to load resource: net::ERR_CONNECTION_REFUSED @ http://localhost:5177/:0
[24293824ms] [ERROR] Failed to load resource: net::ERR_CONNECTION_REFUSED @ http://localhost:5177/:0
[24294828ms] [ERROR] Failed to load resource: net::ERR_CONNECTION_REFUSED @ http://localhost:5177/:0
[24295833ms] [ERROR] Failed to load resource: net::ERR_CONNECTION_REFUSED @ http://localhost:5177/:0
[24296841ms] [ERROR] Failed to load resource: net::ERR_CONNECTION_REFUSED @ http://localhost:5177/:0
[24297847ms] [ERROR] Failed to load resource: net::ERR_CONNECTION_REFUSED @ http://localhost:5177/:0
[24298852ms] [ERROR] Failed to load resource: net::ERR_CONNECTION_REFUSED @ http://localhost:5177/:0
[24299862ms] [ERROR] Failed to load resource: net::ERR_CONNECTION_REFUSED @ http://localhost:5177/:0
[24300865ms] [ERROR] Failed to load resource: net::ERR_CONNECTION_REFUSED @ http://localhost:5177/:0
[24301869ms] [ERROR] Failed to load resource: net::ERR_CONNECTION_REFUSED @ http://localhost:5177/:0
[24302873ms] [ERROR] Failed to load resource: net::ERR_CONNECTION_REFUSED @ http://localhost:5177/:0
[24303878ms] [ERROR] Failed to load resource: net::ERR_CONNECTION_REFUSED @ http://localhost:5177/:0
[24304883ms] [ERROR] Failed to load resource: net::ERR_CONNECTION_REFUSED @ http://localhost:5177/:0
[24305888ms] [ERROR] Failed to load resource: net::ERR_CONNECTION_REFUSED @ http://localhost:5177/:0
[24306897ms] [ERROR] Failed to load resource: net::ERR_CONNECTION_REFUSED @ http://localhost:5177/:0
[24307903ms] [ERROR] Failed to load resource: net::ERR_CONNECTION_REFUSED @ http://localhost:5177/:0
[24308908ms] [ERROR] Failed to load resource: net::ERR_CONNECTION_REFUSED @ http://localhost:5177/:0
[24309919ms] [ERROR] Failed to load resource: net::ERR_CONNECTION_REFUSED @ http://localhost:5177/:0
[24310923ms] [ERROR] Failed to load resource: net::ERR_CONNECTION_REFUSED @ http://localhost:5177/:0
[24311929ms] [ERROR] Failed to load resource: net::ERR_CONNECTION_REFUSED @ http://localhost:5177/:0
[24312933ms] [ERROR] Failed to load resource: net::ERR_CONNECTION_REFUSED @ http://localhost:5177/:0
[24313937ms] [ERROR] Failed to load resource: net::ERR_CONNECTION_REFUSED @ http://localhost:5177/:0
[24314968ms] [ERROR] Failed to load resource: net::ERR_CONNECTION_REFUSED @ http://localhost:5177/:0
[24315977ms] [ERROR] Failed to load resource: net::ERR_CONNECTION_REFUSED @ http://localhost:5177/:0
[24316983ms] [ERROR] Failed to load resource: net::ERR_CONNECTION_REFUSED @ http://localhost:5177/:0
[24317987ms] [ERROR] Failed to load resource: net::ERR_CONNECTION_REFUSED @ http://localhost:5177/:0
[24318995ms] [ERROR] Failed to load resource: net::ERR_CONNECTION_REFUSED @ http://localhost:5177/:0
[24320000ms] [ERROR] Failed to load resource: net::ERR_CONNECTION_REFUSED @ http://localhost:5177/:0
[24321005ms] [ERROR] Failed to load resource: net::ERR_CONNECTION_REFUSED @ http://localhost:5177/:0
[24322009ms] [ERROR] Failed to load resource: net::ERR_CONNECTION_REFUSED @ http://localhost:5177/:0
[24323014ms] [ERROR] Failed to load resource: net::ERR_CONNECTION_REFUSED @ http://localhost:5177/:0
[24324019ms] [ERROR] Failed to load resource: net::ERR_CONNECTION_REFUSED @ http://localhost:5177/:0
[24325022ms] [ERROR] Failed to load resource: net::ERR_CONNECTION_REFUSED @ http://localhost:5177/:0
[24326034ms] [ERROR] Failed to load resource: net::ERR_CONNECTION_REFUSED @ http://localhost:5177/:0
[24327044ms] [ERROR] Failed to load resource: net::ERR_CONNECTION_REFUSED @ http://localhost:5177/:0
[24328050ms] [ERROR] Failed to load resource: net::ERR_CONNECTION_REFUSED @ http://localhost:5177/:0
[24329059ms] [ERROR] Failed to load resource: net::ERR_CONNECTION_REFUSED @ http://localhost:5177/:0
[24330064ms] [ERROR] Failed to load resource: net::ERR_CONNECTION_REFUSED @ http://localhost:5177/:0
[24331067ms] [ERROR] Failed to load resource: net::ERR_CONNECTION_REFUSED @ http://localhost:5177/:0
[24332073ms] [ERROR] Failed to load resource: net::ERR_CONNECTION_REFUSED @ http://localhost:5177/:0
[24333078ms] [ERROR] Failed to load resource: net::ERR_CONNECTION_REFUSED @ http://localhost:5177/:0
[24334084ms] [ERROR] Failed to load resource: net::ERR_CONNECTION_REFUSED @ http://localhost:5177/:0
[24335088ms] [ERROR] Failed to load resource: net::ERR_CONNECTION_REFUSED @ http://localhost:5177/:0
[24336100ms] [ERROR] Failed to load resource: net::ERR_CONNECTION_REFUSED @ http://localhost:5177/:0
[24337104ms] [ERROR] Failed to load resource: net::ERR_CONNECTION_REFUSED @ http://localhost:5177/:0
[24338106ms] [ERROR] Failed to load resource: net::ERR_CONNECTION_REFUSED @ http://localhost:5177/:0
[24339112ms] [ERROR] Failed to load resource: net::ERR_CONNECTION_REFUSED @ http://localhost:5177/:0
[24340117ms] [ERROR] Failed to load resource: net::ERR_CONNECTION_REFUSED @ http://localhost:5177/:0
[24341120ms] [ERROR] Failed to load resource: net::ERR_CONNECTION_REFUSED @ http://localhost:5177/:0
[24342127ms] [ERROR] Failed to load resource: net::ERR_CONNECTION_REFUSED @ http://localhost:5177/:0
[24343135ms] [ERROR] Failed to load resource: net::ERR_CONNECTION_REFUSED @ http://localhost:5177/:0
[24344140ms] [ERROR] Failed to load resource: net::ERR_CONNECTION_REFUSED @ http://localhost:5177/:0
[24345143ms] [ERROR] Failed to load resource: net::ERR_CONNECTION_REFUSED @ http://localhost:5177/:0
[24346145ms] [ERROR] Failed to load resource: net::ERR_CONNECTION_REFUSED @ http://localhost:5177/:0
[24347147ms] [ERROR] Failed to load resource: net::ERR_CONNECTION_REFUSED @ http://localhost:5177/:0
[24348151ms] [ERROR] Failed to load resource: net::ERR_CONNECTION_REFUSED @ http://localhost:5177/:0
[24349157ms] [ERROR] Failed to load resource: net::ERR_CONNECTION_REFUSED @ http://localhost:5177/:0
[24350159ms] [ERROR] Failed to load resource: net::ERR_CONNECTION_REFUSED @ http://localhost:5177/:0
[24351161ms] [ERROR] Failed to load resource: net::ERR_CONNECTION_REFUSED @ http://localhost:5177/:0
[24352164ms] [ERROR] Failed to load resource: net::ERR_CONNECTION_REFUSED @ http://localhost:5177/:0
[24353168ms] [ERROR] Failed to load resource: net::ERR_CONNECTION_REFUSED @ http://localhost:5177/:0
[24354176ms] [ERROR] Failed to load resource: net::ERR_CONNECTION_REFUSED @ http://localhost:5177/:0
[24355182ms] [ERROR] Failed to load resource: net::ERR_CONNECTION_REFUSED @ http://localhost:5177/:0
[24356187ms] [ERROR] Failed to load resource: net::ERR_CONNECTION_REFUSED @ http://localhost:5177/:0
[24357196ms] [ERROR] Failed to load resource: net::ERR_CONNECTION_REFUSED @ http://localhost:5177/:0
[24358201ms] [ERROR] Failed to load resource: net::ERR_CONNECTION_REFUSED @ http://localhost:5177/:0
[24359204ms] [ERROR] Failed to load resource: net::ERR_CONNECTION_REFUSED @ http://localhost:5177/:0
[24360208ms] [ERROR] Failed to load resource: net::ERR_CONNECTION_REFUSED @ http://localhost:5177/:0
[24361213ms] [ERROR] Failed to load resource: net::ERR_CONNECTION_REFUSED @ http://localhost:5177/:0
[24362217ms] [ERROR] Failed to load resource: net::ERR_CONNECTION_REFUSED @ http://localhost:5177/:0
[24363222ms] [ERROR] Failed to load resource: net::ERR_CONNECTION_REFUSED @ http://localhost:5177/:0
[24364224ms] [ERROR] Failed to load resource: net::ERR_CONNECTION_REFUSED @ http://localhost:5177/:0
[24365229ms] [ERROR] Failed to load resource: net::ERR_CONNECTION_REFUSED @ http://localhost:5177/:0
[24366233ms] [ERROR] Failed to load resource: net::ERR_CONNECTION_REFUSED @ http://localhost:5177/:0
[24367235ms] [ERROR] Failed to load resource: net::ERR_CONNECTION_REFUSED @ http://localhost:5177/:0
[24368239ms] [ERROR] Failed to load resource: net::ERR_CONNECTION_REFUSED @ http://localhost:5177/:0
[24369245ms] [ERROR] Failed to load resource: net::ERR_CONNECTION_REFUSED @ http://localhost:5177/:0
[24370251ms] [ERROR] Failed to load resource: net::ERR_CONNECTION_REFUSED @ http://localhost:5177/:0
[24371255ms] [ERROR] Failed to load resource: net::ERR_CONNECTION_REFUSED @ http://localhost:5177/:0
[24372262ms] [ERROR] Failed to load resource: net::ERR_CONNECTION_REFUSED @ http://localhost:5177/:0
[24373267ms] [ERROR] Failed to load resource: net::ERR_CONNECTION_REFUSED @ http://localhost:5177/:0
[24374270ms] [ERROR] Failed to load resource: net::ERR_CONNECTION_REFUSED @ http://localhost:5177/:0
[24375277ms] [ERROR] Failed to load resource: net::ERR_CONNECTION_REFUSED @ http://localhost:5177/:0
[24376283ms] [ERROR] Failed to load resource: net::ERR_CONNECTION_REFUSED @ http://localhost:5177/:0
[24377291ms] [ERROR] Failed to load resource: net::ERR_CONNECTION_REFUSED @ http://localhost:5177/:0
[24378297ms] [ERROR] Failed to load resource: net::ERR_CONNECTION_REFUSED @ http://localhost:5177/:0
[24379300ms] [ERROR] Failed to load resource: net::ERR_CONNECTION_REFUSED @ http://localhost:5177/:0
[24380304ms] [ERROR] Failed to load resource: net::ERR_CONNECTION_REFUSED @ http://localhost:5177/:0
[24381312ms] [ERROR] Failed to load resource: net::ERR_CONNECTION_REFUSED @ http://localhost:5177/:0
[24382316ms] [ERROR] Failed to load resource: net::ERR_CONNECTION_REFUSED @ http://localhost:5177/:0
[24383320ms] [ERROR] Failed to load resource: net::ERR_CONNECTION_REFUSED @ http://localhost:5177/:0
[24384330ms] [ERROR] Failed to load resource: net::ERR_CONNECTION_REFUSED @ http://localhost:5177/:0
[24385335ms] [ERROR] Failed to load resource: net::ERR_CONNECTION_REFUSED @ http://localhost:5177/:0
[24386339ms] [ERROR] Failed to load resource: net::ERR_CONNECTION_REFUSED @ http://localhost:5177/:0
[24387343ms] [ERROR] Failed to load resource: net::ERR_CONNECTION_REFUSED @ http://localhost:5177/:0
[24388350ms] [ERROR] Failed to load resource: net::ERR_CONNECTION_REFUSED @ http://localhost:5177/:0
[24389359ms] [ERROR] Failed to load resource: net::ERR_CONNECTION_REFUSED @ http://localhost:5177/:0
[24390365ms] [ERROR] Failed to load resource: net::ERR_CONNECTION_REFUSED @ http://localhost:5177/:0
[24391369ms] [ERROR] Failed to load resource: net::ERR_CONNECTION_REFUSED @ http://localhost:5177/:0
[24392373ms] [ERROR] Failed to load resource: net::ERR_CONNECTION_REFUSED @ http://localhost:5177/:0
[24393381ms] [ERROR] Failed to load resource: net::ERR_CONNECTION_REFUSED @ http://localhost:5177/:0
[24394385ms] [ERROR] Failed to load resource: net::ERR_CONNECTION_REFUSED @ http://localhost:5177/:0
[24395388ms] [ERROR] Failed to load resource: net::ERR_CONNECTION_REFUSED @ http://localhost:5177/:0
[24396395ms] [ERROR] Failed to load resource: net::ERR_CONNECTION_REFUSED @ http://localhost:5177/:0
[24397400ms] [ERROR] Failed to load resource: net::ERR_CONNECTION_REFUSED @ http://localhost:5177/:0
[24398404ms] [ERROR] Failed to load resource: net::ERR_CONNECTION_REFUSED @ http://localhost:5177/:0
[24399410ms] [ERROR] Failed to load resource: net::ERR_CONNECTION_REFUSED @ http://localhost:5177/:0
[24400418ms] [ERROR] Failed to load resource: net::ERR_CONNECTION_REFUSED @ http://localhost:5177/:0
[24401422ms] [ERROR] Failed to load resource: net::ERR_CONNECTION_REFUSED @ http://localhost:5177/:0
[24402427ms] [ERROR] Failed to load resource: net::ERR_CONNECTION_REFUSED @ http://localhost:5177/:0
[24403431ms] [ERROR] Failed to load resource: net::ERR_CONNECTION_REFUSED @ http://localhost:5177/:0
[24404436ms] [ERROR] Failed to load resource: net::ERR_CONNECTION_REFUSED @ http://localhost:5177/:0
[24405443ms] [ERROR] Failed to load resource: net::ERR_CONNECTION_REFUSED @ http://localhost:5177/:0
[24406451ms] [ERROR] Failed to load resource: net::ERR_CONNECTION_REFUSED @ http://localhost:5177/:0
[24407456ms] [ERROR] Failed to load resource: net::ERR_CONNECTION_REFUSED @ http://localhost:5177/:0
[24408460ms] [ERROR] Failed to load resource: net::ERR_CONNECTION_REFUSED @ http://localhost:5177/:0
[24409469ms] [ERROR] Failed to load resource: net::ERR_CONNECTION_REFUSED @ http://localhost:5177/:0
[24410482ms] [ERROR] Failed to load resource: net::ERR_CONNECTION_REFUSED @ http://localhost:5177/:0
[24411488ms] [ERROR] Failed to load resource: net::ERR_CONNECTION_REFUSED @ http://localhost:5177/:0
[24412492ms] [ERROR] Failed to load resource: net::ERR_CONNECTION_REFUSED @ http://localhost:5177/:0
[24413500ms] [ERROR] Failed to load resource: net::ERR_CONNECTION_REFUSED @ http://localhost:5177/:0
[24414502ms] [ERROR] Failed to load resource: net::ERR_CONNECTION_REFUSED @ http://localhost:5177/:0
[24415505ms] [ERROR] Failed to load resource: net::ERR_CONNECTION_REFUSED @ http://localhost:5177/:0
[24416511ms] [ERROR] Failed to load resource: net::ERR_CONNECTION_REFUSED @ http://localhost:5177/:0
[24417515ms] [ERROR] Failed to load resource: net::ERR_CONNECTION_REFUSED @ http://localhost:5177/:0
[24418519ms] [ERROR] Failed to load resource: net::ERR_CONNECTION_REFUSED @ http://localhost:5177/:0
[24419523ms] [ERROR] Failed to load resource: net::ERR_CONNECTION_REFUSED @ http://localhost:5177/:0
[24420528ms] [ERROR] Failed to load resource: net::ERR_CONNECTION_REFUSED @ http://localhost:5177/:0
[24421533ms] [ERROR] Failed to load resource: net::ERR_CONNECTION_REFUSED @ http://localhost:5177/:0
[24422537ms] [ERROR] Failed to load resource: net::ERR_CONNECTION_REFUSED @ http://localhost:5177/:0
[24423541ms] [ERROR] Failed to load resource: net::ERR_CONNECTION_REFUSED @ http://localhost:5177/:0
[24424547ms] [ERROR] Failed to load resource: net::ERR_CONNECTION_REFUSED @ http://localhost:5177/:0
[24425554ms] [ERROR] Failed to load resource: net::ERR_CONNECTION_REFUSED @ http://localhost:5177/:0
[24426561ms] [ERROR] Failed to load resource: net::ERR_CONNECTION_REFUSED @ http://localhost:5177/:0
[24427565ms] [ERROR] Failed to load resource: net::ERR_CONNECTION_REFUSED @ http://localhost:5177/:0
[24428570ms] [ERROR] Failed to load resource: net::ERR_CONNECTION_REFUSED @ http://localhost:5177/:0
[24429581ms] [ERROR] Failed to load resource: net::ERR_CONNECTION_REFUSED @ http://localhost:5177/:0
[24430587ms] [ERROR] Failed to load resource: net::ERR_CONNECTION_REFUSED @ http://localhost:5177/:0
[24431598ms] [ERROR] Failed to load resource: net::ERR_CONNECTION_REFUSED @ http://localhost:5177/:0
[24432602ms] [ERROR] Failed to load resource: net::ERR_CONNECTION_REFUSED @ http://localhost:5177/:0
[24433609ms] [ERROR] Failed to load resource: net::ERR_CONNECTION_REFUSED @ http://localhost:5177/:0
[24434614ms] [ERROR] Failed to load resource: net::ERR_CONNECTION_REFUSED @ http://localhost:5177/:0
[24435618ms] [ERROR] Failed to load resource: net::ERR_CONNECTION_REFUSED @ http://localhost:5177/:0
[24436631ms] [ERROR] Failed to load resource: net::ERR_CONNECTION_REFUSED @ http://localhost:5177/:0
[24437636ms] [ERROR] Failed to load resource: net::ERR_CONNECTION_REFUSED @ http://localhost:5177/:0
[24438644ms] [ERROR] Failed to load resource: net::ERR_CONNECTION_REFUSED @ http://localhost:5177/:0
[24439649ms] [ERROR] Failed to load resource: net::ERR_CONNECTION_REFUSED @ http://localhost:5177/:0
[24440651ms] [ERROR] Failed to load resource: net::ERR_CONNECTION_REFUSED @ http://localhost:5177/:0
[24441655ms] [ERROR] Failed to load resource: net::ERR_CONNECTION_REFUSED @ http://localhost:5177/:0
[24442660ms] [ERROR] Failed to load resource: net::ERR_CONNECTION_REFUSED @ http://localhost:5177/:0
[24443664ms] [ERROR] Failed to load resource: net::ERR_CONNECTION_REFUSED @ http://localhost:5177/:0
[24444668ms] [ERROR] Failed to load resource: net::ERR_CONNECTION_REFUSED @ http://localhost:5177/:0
[24445672ms] [ERROR] Failed to load resource: net::ERR_CONNECTION_REFUSED @ http://localhost:5177/:0
[24446677ms] [ERROR] Failed to load resource: net::ERR_CONNECTION_REFUSED @ http://localhost:5177/:0
[24447682ms] [ERROR] Failed to load resource: net::ERR_CONNECTION_REFUSED @ http://localhost:5177/:0
[24448689ms] [ERROR] Failed to load resource: net::ERR_CONNECTION_REFUSED @ http://localhost:5177/:0
[24449695ms] [ERROR] Failed to load resource: net::ERR_CONNECTION_REFUSED @ http://localhost:5177/:0
[24450700ms] [ERROR] Failed to load resource: net::ERR_CONNECTION_REFUSED @ http://localhost:5177/:0
[24451704ms] [ERROR] Failed to load resource: net::ERR_CONNECTION_REFUSED @ http://localhost:5177/:0
[24452715ms] [ERROR] Failed to load resource: net::ERR_CONNECTION_REFUSED @ http://localhost:5177/:0
[24453717ms] [ERROR] Failed to load resource: net::ERR_CONNECTION_REFUSED @ http://localhost:5177/:0
[24454722ms] [ERROR] Failed to load resource: net::ERR_CONNECTION_REFUSED @ http://localhost:5177/:0
[24455724ms] [ERROR] Failed to load resource: net::ERR_CONNECTION_REFUSED @ http://localhost:5177/:0
[24456728ms] [ERROR] Failed to load resource: net::ERR_CONNECTION_REFUSED @ http://localhost:5177/:0
[24457734ms] [ERROR] Failed to load resource: net::ERR_CONNECTION_REFUSED @ http://localhost:5177/:0
[24458740ms] [ERROR] Failed to load resource: net::ERR_CONNECTION_REFUSED @ http://localhost:5177/:0
[24459754ms] [ERROR] Failed to load resource: net::ERR_CONNECTION_REFUSED @ http://localhost:5177/:0
[24460758ms] [ERROR] Failed to load resource: net::ERR_CONNECTION_REFUSED @ http://localhost:5177/:0
[24461766ms] [ERROR] Failed to load resource: net::ERR_CONNECTION_REFUSED @ http://localhost:5177/:0
[24462776ms] [ERROR] Failed to load resource: net::ERR_CONNECTION_REFUSED @ http://localhost:5177/:0
[24463786ms] [ERROR] Failed to load resource: net::ERR_CONNECTION_REFUSED @ http://localhost:5177/:0
[24464793ms] [ERROR] Failed to load resource: net::ERR_CONNECTION_REFUSED @ http://localhost:5177/:0
[24465802ms] [ERROR] Failed to load resource: net::ERR_CONNECTION_REFUSED @ http://localhost:5177/:0
[24466809ms] [ERROR] Failed to load resource: net::ERR_CONNECTION_REFUSED @ http://localhost:5177/:0
[24467814ms] [ERROR] Failed to load resource: net::ERR_CONNECTION_REFUSED @ http://localhost:5177/:0
[24468822ms] [ERROR] Failed to load resource: net::ERR_CONNECTION_REFUSED @ http://localhost:5177/:0
[24469825ms] [ERROR] Failed to load resource: net::ERR_CONNECTION_REFUSED @ http://localhost:5177/:0
[24470830ms] [ERROR] Failed to load resource: net::ERR_CONNECTION_REFUSED @ http://localhost:5177/:0
[24471835ms] [ERROR] Failed to load resource: net::ERR_CONNECTION_REFUSED @ http://localhost:5177/:0
[24472839ms] [ERROR] Failed to load resource: net::ERR_CONNECTION_REFUSED @ http://localhost:5177/:0
[24473846ms] [ERROR] Failed to load resource: net::ERR_CONNECTION_REFUSED @ http://localhost:5177/:0
[24474853ms] [ERROR] Failed to load resource: net::ERR_CONNECTION_REFUSED @ http://localhost:5177/:0
[24475857ms] [ERROR] Failed to load resource: net::ERR_CONNECTION_REFUSED @ http://localhost:5177/:0
[24476868ms] [ERROR] Failed to load resource: net::ERR_CONNECTION_REFUSED @ http://localhost:5177/:0
[24477873ms] [ERROR] Failed to load resource: net::ERR_CONNECTION_REFUSED @ http://localhost:5177/:0
[24478877ms] [ERROR] Failed to load resource: net::ERR_CONNECTION_REFUSED @ http://localhost:5177/:0
[24479882ms] [ERROR] Failed to load resource: net::ERR_CONNECTION_REFUSED @ http://localhost:5177/:0
[24480886ms] [ERROR] Failed to load resource: net::ERR_CONNECTION_REFUSED @ http://localhost:5177/:0
[24481891ms] [ERROR] Failed to load resource: net::ERR_CONNECTION_REFUSED @ http://localhost:5177/:0
[24482896ms] [ERROR] Failed to load resource: net::ERR_CONNECTION_REFUSED @ http://localhost:5177/:0
[24483901ms] [ERROR] Failed to load resource: net::ERR_CONNECTION_REFUSED @ http://localhost:5177/:0
[24484904ms] [ERROR] Failed to load resource: net::ERR_CONNECTION_REFUSED @ http://localhost:5177/:0
[24485912ms] [ERROR] Failed to load resource: net::ERR_CONNECTION_REFUSED @ http://localhost:5177/:0
[24486915ms] [ERROR] Failed to load resource: net::ERR_CONNECTION_REFUSED @ http://localhost:5177/:0
[24487919ms] [ERROR] Failed to load resource: net::ERR_CONNECTION_REFUSED @ http://localhost:5177/:0
[24488926ms] [ERROR] Failed to load resource: net::ERR_CONNECTION_REFUSED @ http://localhost:5177/:0
[24489938ms] [ERROR] Failed to load resource: net::ERR_CONNECTION_REFUSED @ http://localhost:5177/:0
[24490950ms] [ERROR] Failed to load resource: net::ERR_CONNECTION_REFUSED @ http://localhost:5177/:0
[24491955ms] [ERROR] Failed to load resource: net::ERR_CONNECTION_REFUSED @ http://localhost:5177/:0
[24492963ms] [ERROR] Failed to load resource: net::ERR_CONNECTION_REFUSED @ http://localhost:5177/:0
[24493969ms] [ERROR] Failed to load resource: net::ERR_CONNECTION_REFUSED @ http://localhost:5177/:0
[24494976ms] [ERROR] Failed to load resource: net::ERR_CONNECTION_REFUSED @ http://localhost:5177/:0
[24495982ms] [ERROR] Failed to load resource: net::ERR_CONNECTION_REFUSED @ http://localhost:5177/:0
[24496987ms] [ERROR] Failed to load resource: net::ERR_CONNECTION_REFUSED @ http://localhost:5177/:0
[24497990ms] [ERROR] Failed to load resource: net::ERR_CONNECTION_REFUSED @ http://localhost:5177/:0
[24498997ms] [ERROR] Failed to load resource: net::ERR_CONNECTION_REFUSED @ http://localhost:5177/:0
[24500000ms] [ERROR] Failed to load resource: net::ERR_CONNECTION_REFUSED @ http://localhost:5177/:0
[24501005ms] [ERROR] Failed to load resource: net::ERR_CONNECTION_REFUSED @ http://localhost:5177/:0
[24502010ms] [ERROR] Failed to load resource: net::ERR_CONNECTION_REFUSED @ http://localhost:5177/:0
[24503016ms] [ERROR] Failed to load resource: net::ERR_CONNECTION_REFUSED @ http://localhost:5177/:0
[24504021ms] [ERROR] Failed to load resource: net::ERR_CONNECTION_REFUSED @ http://localhost:5177/:0
[24505028ms] [ERROR] Failed to load resource: net::ERR_CONNECTION_REFUSED @ http://localhost:5177/:0
[24506036ms] [ERROR] Failed to load resource: net::ERR_CONNECTION_REFUSED @ http://localhost:5177/:0
[24507040ms] [ERROR] Failed to load resource: net::ERR_CONNECTION_REFUSED @ http://localhost:5177/:0
[24508044ms] [ERROR] Failed to load resource: net::ERR_CONNECTION_REFUSED @ http://localhost:5177/:0
[24509050ms] [ERROR] Failed to load resource: net::ERR_CONNECTION_REFUSED @ http://localhost:5177/:0
[24510055ms] [ERROR] Failed to load resource: net::ERR_CONNECTION_REFUSED @ http://localhost:5177/:0
[24511059ms] [ERROR] Failed to load resource: net::ERR_CONNECTION_REFUSED @ http://localhost:5177/:0
[24512069ms] [ERROR] Failed to load resource: net::ERR_CONNECTION_REFUSED @ http://localhost:5177/:0
[24513074ms] [ERROR] Failed to load resource: net::ERR_CONNECTION_REFUSED @ http://localhost:5177/:0
[24514080ms] [ERROR] Failed to load resource: net::ERR_CONNECTION_REFUSED @ http://localhost:5177/:0
[24515085ms] [ERROR] Failed to load resource: net::ERR_CONNECTION_REFUSED @ http://localhost:5177/:0
[24516091ms] [ERROR] Failed to load resource: net::ERR_CONNECTION_REFUSED @ http://localhost:5177/:0
[24517094ms] [ERROR] Failed to load resource: net::ERR_CONNECTION_REFUSED @ http://localhost:5177/:0
[24518099ms] [ERROR] Failed to load resource: net::ERR_CONNECTION_REFUSED @ http://localhost:5177/:0
[24519104ms] [ERROR] Failed to load resource: net::ERR_CONNECTION_REFUSED @ http://localhost:5177/:0
[24520113ms] [ERROR] Failed to load resource: net::ERR_CONNECTION_REFUSED @ http://localhost:5177/:0
[24521118ms] [ERROR] Failed to load resource: net::ERR_CONNECTION_REFUSED @ http://localhost:5177/:0
[24522124ms] [ERROR] Failed to load resource: net::ERR_CONNECTION_REFUSED @ http://localhost:5177/:0
[24523130ms] [ERROR] Failed to load resource: net::ERR_CONNECTION_REFUSED @ http://localhost:5177/:0
[24524133ms] [ERROR] Failed to load resource: net::ERR_CONNECTION_REFUSED @ http://localhost:5177/:0
[24525139ms] [ERROR] Failed to load resource: net::ERR_CONNECTION_REFUSED @ http://localhost:5177/:0
[24526146ms] [ERROR] Failed to load resource: net::ERR_CONNECTION_REFUSED @ http://localhost:5177/:0
[24527151ms] [ERROR] Failed to load resource: net::ERR_CONNECTION_REFUSED @ http://localhost:5177/:0
[24528156ms] [ERROR] Failed to load resource: net::ERR_CONNECTION_REFUSED @ http://localhost:5177/:0
[24529163ms] [ERROR] Failed to load resource: net::ERR_CONNECTION_REFUSED @ http://localhost:5177/:0
[24530168ms] [ERROR] Failed to load resource: net::ERR_CONNECTION_REFUSED @ http://localhost:5177/:0
[24531171ms] [ERROR] Failed to load resource: net::ERR_CONNECTION_REFUSED @ http://localhost:5177/:0
[24532176ms] [ERROR] Failed to load resource: net::ERR_CONNECTION_REFUSED @ http://localhost:5177/:0
[24533181ms] [ERROR] Failed to load resource: net::ERR_CONNECTION_REFUSED @ http://localhost:5177/:0
[24534186ms] [ERROR] Failed to load resource: net::ERR_CONNECTION_REFUSED @ http://localhost:5177/:0
[24535190ms] [ERROR] Failed to load resource: net::ERR_CONNECTION_REFUSED @ http://localhost:5177/:0
[24536198ms] [ERROR] Failed to load resource: net::ERR_CONNECTION_REFUSED @ http://localhost:5177/:0
[24537205ms] [ERROR] Failed to load resource: net::ERR_CONNECTION_REFUSED @ http://localhost:5177/:0
[24538209ms] [ERROR] Failed to load resource: net::ERR_CONNECTION_REFUSED @ http://localhost:5177/:0
[24539215ms] [ERROR] Failed to load resource: net::ERR_CONNECTION_REFUSED @ http://localhost:5177/:0
[24540221ms] [ERROR] Failed to load resource: net::ERR_CONNECTION_REFUSED @ http://localhost:5177/:0
[24541227ms] [ERROR] Failed to load resource: net::ERR_CONNECTION_REFUSED @ http://localhost:5177/:0
[24542234ms] [ERROR] Failed to load resource: net::ERR_CONNECTION_REFUSED @ http://localhost:5177/:0
[24543239ms] [ERROR] Failed to load resource: net::ERR_CONNECTION_REFUSED @ http://localhost:5177/:0
[24544245ms] [ERROR] Failed to load resource: net::ERR_CONNECTION_REFUSED @ http://localhost:5177/:0
[24545249ms] [ERROR] Failed to load resource: net::ERR_CONNECTION_REFUSED @ http://localhost:5177/:0
[24546255ms] [ERROR] Failed to load resource: net::ERR_CONNECTION_REFUSED @ http://localhost:5177/:0
[24547259ms] [ERROR] Failed to load resource: net::ERR_CONNECTION_REFUSED @ http://localhost:5177/:0
[24548267ms] [ERROR] Failed to load resource: net::ERR_CONNECTION_REFUSED @ http://localhost:5177/:0
[24549272ms] [ERROR] Failed to load resource: net::ERR_CONNECTION_REFUSED @ http://localhost:5177/:0
[24550280ms] [ERROR] Failed to load resource: net::ERR_CONNECTION_REFUSED @ http://localhost:5177/:0
[24551282ms] [ERROR] Failed to load resource: net::ERR_CONNECTION_REFUSED @ http://localhost:5177/:0
[24552287ms] [ERROR] Failed to load resource: net::ERR_CONNECTION_REFUSED @ http://localhost:5177/:0
[24553291ms] [ERROR] Failed to load resource: net::ERR_CONNECTION_REFUSED @ http://localhost:5177/:0
[24554297ms] [ERROR] Failed to load resource: net::ERR_CONNECTION_REFUSED @ http://localhost:5177/:0
[24555303ms] [ERROR] Failed to load resource: net::ERR_CONNECTION_REFUSED @ http://localhost:5177/:0
[24556305ms] [ERROR] Failed to load resource: net::ERR_CONNECTION_REFUSED @ http://localhost:5177/:0
[24557308ms] [ERROR] Failed to load resource: net::ERR_CONNECTION_REFUSED @ http://localhost:5177/:0
[24558314ms] [ERROR] Failed to load resource: net::ERR_CONNECTION_REFUSED @ http://localhost:5177/:0
[24559319ms] [ERROR] Failed to load resource: net::ERR_CONNECTION_REFUSED @ http://localhost:5177/:0
[24560326ms] [ERROR] Failed to load resource: net::ERR_CONNECTION_REFUSED @ http://localhost:5177/:0
[24561332ms] [ERROR] Failed to load resource: net::ERR_CONNECTION_REFUSED @ http://localhost:5177/:0
[24562337ms] [ERROR] Failed to load resource: net::ERR_CONNECTION_REFUSED @ http://localhost:5177/:0
[24563341ms] [ERROR] Failed to load resource: net::ERR_CONNECTION_REFUSED @ http://localhost:5177/:0
[24564346ms] [ERROR] Failed to load resource: net::ERR_CONNECTION_REFUSED @ http://localhost:5177/:0
[24565349ms] [ERROR] Failed to load resource: net::ERR_CONNECTION_REFUSED @ http://localhost:5177/:0
[24566356ms] [ERROR] Failed to load resource: net::ERR_CONNECTION_REFUSED @ http://localhost:5177/:0
[24567361ms] [ERROR] Failed to load resource: net::ERR_CONNECTION_REFUSED @ http://localhost:5177/:0
[24568369ms] [ERROR] Failed to load resource: net::ERR_CONNECTION_REFUSED @ http://localhost:5177/:0
[24569373ms] [ERROR] Failed to load resource: net::ERR_CONNECTION_REFUSED @ http://localhost:5177/:0
[24570381ms] [ERROR] Failed to load resource: net::ERR_CONNECTION_REFUSED @ http://localhost:5177/:0
[24571387ms] [ERROR] Failed to load resource: net::ERR_CONNECTION_REFUSED @ http://localhost:5177/:0
[24572390ms] [ERROR] Failed to load resource: net::ERR_CONNECTION_REFUSED @ http://localhost:5177/:0
[24573397ms] [ERROR] Failed to load resource: net::ERR_CONNECTION_REFUSED @ http://localhost:5177/:0
[24574403ms] [ERROR] Failed to load resource: net::ERR_CONNECTION_REFUSED @ http://localhost:5177/:0
[24575411ms] [ERROR] Failed to load resource: net::ERR_CONNECTION_REFUSED @ http://localhost:5177/:0
[24576417ms] [ERROR] Failed to load resource: net::ERR_CONNECTION_REFUSED @ http://localhost:5177/:0
[24577420ms] [ERROR] Failed to load resource: net::ERR_CONNECTION_REFUSED @ http://localhost:5177/:0
[24578424ms] [ERROR] Failed to load resource: net::ERR_CONNECTION_REFUSED @ http://localhost:5177/:0
[24579428ms] [ERROR] Failed to load resource: net::ERR_CONNECTION_REFUSED @ http://localhost:5177/:0
[24580435ms] [ERROR] Failed to load resource: net::ERR_CONNECTION_REFUSED @ http://localhost:5177/:0
[24581439ms] [ERROR] Failed to load resource: net::ERR_CONNECTION_REFUSED @ http://localhost:5177/:0
[24582447ms] [ERROR] Failed to load resource: net::ERR_CONNECTION_REFUSED @ http://localhost:5177/:0
[24583452ms] [ERROR] Failed to load resource: net::ERR_CONNECTION_REFUSED @ http://localhost:5177/:0
[24584456ms] [ERROR] Failed to load resource: net::ERR_CONNECTION_REFUSED @ http://localhost:5177/:0
[24585461ms] [ERROR] Failed to load resource: net::ERR_CONNECTION_REFUSED @ http://localhost:5177/:0
[24586470ms] [ERROR] Failed to load resource: net::ERR_CONNECTION_REFUSED @ http://localhost:5177/:0
[24587475ms] [ERROR] Failed to load resource: net::ERR_CONNECTION_REFUSED @ http://localhost:5177/:0
[24588479ms] [ERROR] Failed to load resource: net::ERR_CONNECTION_REFUSED @ http://localhost:5177/:0
[24589484ms] [ERROR] Failed to load resource: net::ERR_CONNECTION_REFUSED @ http://localhost:5177/:0
[24590487ms] [ERROR] Failed to load resource: net::ERR_CONNECTION_REFUSED @ http://localhost:5177/:0
[24591496ms] [ERROR] Failed to load resource: net::ERR_CONNECTION_REFUSED @ http://localhost:5177/:0
[24592502ms] [ERROR] Failed to load resource: net::ERR_CONNECTION_REFUSED @ http://localhost:5177/:0
[24593504ms] [ERROR] Failed to load resource: net::ERR_CONNECTION_REFUSED @ http://localhost:5177/:0
[24594511ms] [ERROR] Failed to load resource: net::ERR_CONNECTION_REFUSED @ http://localhost:5177/:0
[24595516ms] [ERROR] Failed to load resource: net::ERR_CONNECTION_REFUSED @ http://localhost:5177/:0
[24596522ms] [ERROR] Failed to load resource: net::ERR_CONNECTION_REFUSED @ http://localhost:5177/:0
[24597530ms] [ERROR] Failed to load resource: net::ERR_CONNECTION_REFUSED @ http://localhost:5177/:0
[24598536ms] [ERROR] Failed to load resource: net::ERR_CONNECTION_REFUSED @ http://localhost:5177/:0
[24599541ms] [ERROR] Failed to load resource: net::ERR_CONNECTION_REFUSED @ http://localhost:5177/:0
[24600552ms] [ERROR] Failed to load resource: net::ERR_CONNECTION_REFUSED @ http://localhost:5177/:0
[24601559ms] [ERROR] Failed to load resource: net::ERR_CONNECTION_REFUSED @ http://localhost:5177/:0
[24602563ms] [ERROR] Failed to load resource: net::ERR_CONNECTION_REFUSED @ http://localhost:5177/:0
[24603572ms] [ERROR] Failed to load resource: net::ERR_CONNECTION_REFUSED @ http://localhost:5177/:0
[24604576ms] [ERROR] Failed to load resource: net::ERR_CONNECTION_REFUSED @ http://localhost:5177/:0
[24605585ms] [ERROR] Failed to load resource: net::ERR_CONNECTION_REFUSED @ http://localhost:5177/:0
[24606588ms] [ERROR] Failed to load resource: net::ERR_CONNECTION_REFUSED @ http://localhost:5177/:0
[24607596ms] [ERROR] Failed to load resource: net::ERR_CONNECTION_REFUSED @ http://localhost:5177/:0
[24608599ms] [ERROR] Failed to load resource: net::ERR_CONNECTION_REFUSED @ http://localhost:5177/:0
[24609606ms] [ERROR] Failed to load resource: net::ERR_CONNECTION_REFUSED @ http://localhost:5177/:0
[24610611ms] [ERROR] Failed to load resource: net::ERR_CONNECTION_REFUSED @ http://localhost:5177/:0
[24611619ms] [ERROR] Failed to load resource: net::ERR_CONNECTION_REFUSED @ http://localhost:5177/:0
[24612621ms] [ERROR] Failed to load resource: net::ERR_CONNECTION_REFUSED @ http://localhost:5177/:0
[24613626ms] [ERROR] Failed to load resource: net::ERR_CONNECTION_REFUSED @ http://localhost:5177/:0
[24614630ms] [ERROR] Failed to load resource: net::ERR_CONNECTION_REFUSED @ http://localhost:5177/:0
[24615635ms] [ERROR] Failed to load resource: net::ERR_CONNECTION_REFUSED @ http://localhost:5177/:0
[24616640ms] [ERROR] Failed to load resource: net::ERR_CONNECTION_REFUSED @ http://localhost:5177/:0
[24617647ms] [ERROR] Failed to load resource: net::ERR_CONNECTION_REFUSED @ http://localhost:5177/:0
[24618651ms] [ERROR] Failed to load resource: net::ERR_CONNECTION_REFUSED @ http://localhost:5177/:0
[24619655ms] [ERROR] Failed to load resource: net::ERR_CONNECTION_REFUSED @ http://localhost:5177/:0
[24620659ms] [ERROR] Failed to load resource: net::ERR_CONNECTION_REFUSED @ http://localhost:5177/:0
[24621666ms] [ERROR] Failed to load resource: net::ERR_CONNECTION_REFUSED @ http://localhost:5177/:0
[24622672ms] [ERROR] Failed to load resource: net::ERR_CONNECTION_REFUSED @ http://localhost:5177/:0
[24623679ms] [ERROR] Failed to load resource: net::ERR_CONNECTION_REFUSED @ http://localhost:5177/:0
[24624690ms] [ERROR] Failed to load resource: net::ERR_CONNECTION_REFUSED @ http://localhost:5177/:0
[24625696ms] [ERROR] Failed to load resource: net::ERR_CONNECTION_REFUSED @ http://localhost:5177/:0
[24626701ms] [ERROR] Failed to load resource: net::ERR_CONNECTION_REFUSED @ http://localhost:5177/:0
[24627707ms] [ERROR] Failed to load resource: net::ERR_CONNECTION_REFUSED @ http://localhost:5177/:0
[24628721ms] [ERROR] Failed to load resource: net::ERR_CONNECTION_REFUSED @ http://localhost:5177/:0
[24629725ms] [ERROR] Failed to load resource: net::ERR_CONNECTION_REFUSED @ http://localhost:5177/:0
[24630732ms] [ERROR] Failed to load resource: net::ERR_CONNECTION_REFUSED @ http://localhost:5177/:0
[24631735ms] [ERROR] Failed to load resource: net::ERR_CONNECTION_REFUSED @ http://localhost:5177/:0
[24632739ms] [ERROR] Failed to load resource: net::ERR_CONNECTION_REFUSED @ http://localhost:5177/:0
[24633743ms] [ERROR] Failed to load resource: net::ERR_CONNECTION_REFUSED @ http://localhost:5177/:0
[24634751ms] [ERROR] Failed to load resource: net::ERR_CONNECTION_REFUSED @ http://localhost:5177/:0
[24635754ms] [ERROR] Failed to load resource: net::ERR_CONNECTION_REFUSED @ http://localhost:5177/:0
[24636761ms] [ERROR] Failed to load resource: net::ERR_CONNECTION_REFUSED @ http://localhost:5177/:0
[24637769ms] [ERROR] Failed to load resource: net::ERR_CONNECTION_REFUSED @ http://localhost:5177/:0
[24638771ms] [ERROR] Failed to load resource: net::ERR_CONNECTION_REFUSED @ http://localhost:5177/:0
[24639774ms] [ERROR] Failed to load resource: net::ERR_CONNECTION_REFUSED @ http://localhost:5177/:0
[24640783ms] [ERROR] Failed to load resource: net::ERR_CONNECTION_REFUSED @ http://localhost:5177/:0
[24641787ms] [ERROR] Failed to load resource: net::ERR_CONNECTION_REFUSED @ http://localhost:5177/:0
[24642791ms] [ERROR] Failed to load resource: net::ERR_CONNECTION_REFUSED @ http://localhost:5177/:0
[24643798ms] [ERROR] Failed to load resource: net::ERR_CONNECTION_REFUSED @ http://localhost:5177/:0
[24644802ms] [ERROR] Failed to load resource: net::ERR_CONNECTION_REFUSED @ http://localhost:5177/:0
[24645808ms] [ERROR] Failed to load resource: net::ERR_CONNECTION_REFUSED @ http://localhost:5177/:0
[24646813ms] [ERROR] Failed to load resource: net::ERR_CONNECTION_REFUSED @ http://localhost:5177/:0
[24647818ms] [ERROR] Failed to load resource: net::ERR_CONNECTION_REFUSED @ http://localhost:5177/:0
[24648823ms] [ERROR] Failed to load resource: net::ERR_CONNECTION_REFUSED @ http://localhost:5177/:0
[24649830ms] [ERROR] Failed to load resource: net::ERR_CONNECTION_REFUSED @ http://localhost:5177/:0
[24650837ms] [ERROR] Failed to load resource: net::ERR_CONNECTION_REFUSED @ http://localhost:5177/:0
[24651843ms] [ERROR] Failed to load resource: net::ERR_CONNECTION_REFUSED @ http://localhost:5177/:0
[24652849ms] [ERROR] Failed to load resource: net::ERR_CONNECTION_REFUSED @ http://localhost:5177/:0
[24653853ms] [ERROR] Failed to load resource: net::ERR_CONNECTION_REFUSED @ http://localhost:5177/:0
[24654858ms] [ERROR] Failed to load resource: net::ERR_CONNECTION_REFUSED @ http://localhost:5177/:0
[24655868ms] [ERROR] Failed to load resource: net::ERR_CONNECTION_REFUSED @ http://localhost:5177/:0
[24656874ms] [ERROR] Failed to load resource: net::ERR_CONNECTION_REFUSED @ http://localhost:5177/:0
[24657884ms] [ERROR] Failed to load resource: net::ERR_CONNECTION_REFUSED @ http://localhost:5177/:0
[24658887ms] [ERROR] Failed to load resource: net::ERR_CONNECTION_REFUSED @ http://localhost:5177/:0
[24659892ms] [ERROR] Failed to load resource: net::ERR_CONNECTION_REFUSED @ http://localhost:5177/:0
[24660898ms] [ERROR] Failed to load resource: net::ERR_CONNECTION_REFUSED @ http://localhost:5177/:0
[24661904ms] [ERROR] Failed to load resource: net::ERR_CONNECTION_REFUSED @ http://localhost:5177/:0
[24662908ms] [ERROR] Failed to load resource: net::ERR_CONNECTION_REFUSED @ http://localhost:5177/:0
[24663914ms] [ERROR] Failed to load resource: net::ERR_CONNECTION_REFUSED @ http://localhost:5177/:0
[24664918ms] [ERROR] Failed to load resource: net::ERR_CONNECTION_REFUSED @ http://localhost:5177/:0
[24665924ms] [ERROR] Failed to load resource: net::ERR_CONNECTION_REFUSED @ http://localhost:5177/:0
[24666927ms] [ERROR] Failed to load resource: net::ERR_CONNECTION_REFUSED @ http://localhost:5177/:0
[24667937ms] [ERROR] Failed to load resource: net::ERR_CONNECTION_REFUSED @ http://localhost:5177/:0
[24668941ms] [ERROR] Failed to load resource: net::ERR_CONNECTION_REFUSED @ http://localhost:5177/:0
[24669948ms] [ERROR] Failed to load resource: net::ERR_CONNECTION_REFUSED @ http://localhost:5177/:0
[24670950ms] [ERROR] Failed to load resource: net::ERR_CONNECTION_REFUSED @ http://localhost:5177/:0
[24671958ms] [ERROR] Failed to load resource: net::ERR_CONNECTION_REFUSED @ http://localhost:5177/:0
[24672963ms] [ERROR] Failed to load resource: net::ERR_CONNECTION_REFUSED @ http://localhost:5177/:0
[24673968ms] [ERROR] Failed to load resource: net::ERR_CONNECTION_REFUSED @ http://localhost:5177/:0
[24674973ms] [ERROR] Failed to load resource: net::ERR_CONNECTION_REFUSED @ http://localhost:5177/:0
[24675981ms] [ERROR] Failed to load resource: net::ERR_CONNECTION_REFUSED @ http://localhost:5177/:0
[24676990ms] [ERROR] Failed to load resource: net::ERR_CONNECTION_REFUSED @ http://localhost:5177/:0
[24677998ms] [ERROR] Failed to load resource: net::ERR_CONNECTION_REFUSED @ http://localhost:5177/:0
[24679004ms] [ERROR] Failed to load resource: net::ERR_CONNECTION_REFUSED @ http://localhost:5177/:0
[24680010ms] [ERROR] Failed to load resource: net::ERR_CONNECTION_REFUSED @ http://localhost:5177/:0
[24681017ms] [ERROR] Failed to load resource: net::ERR_CONNECTION_REFUSED @ http://localhost:5177/:0
[24682021ms] [ERROR] Failed to load resource: net::ERR_CONNECTION_REFUSED @ http://localhost:5177/:0
[24683027ms] [ERROR] Failed to load resource: net::ERR_CONNECTION_REFUSED @ http://localhost:5177/:0
[24684032ms] [ERROR] Failed to load resource: net::ERR_CONNECTION_REFUSED @ http://localhost:5177/:0
[24685042ms] [ERROR] Failed to load resource: net::ERR_CONNECTION_REFUSED @ http://localhost:5177/:0
[24686050ms] [ERROR] Failed to load resource: net::ERR_CONNECTION_REFUSED @ http://localhost:5177/:0
[24687056ms] [ERROR] Failed to load resource: net::ERR_CONNECTION_REFUSED @ http://localhost:5177/:0
[24688062ms] [ERROR] Failed to load resource: net::ERR_CONNECTION_REFUSED @ http://localhost:5177/:0
[24689068ms] [ERROR] Failed to load resource: net::ERR_CONNECTION_REFUSED @ http://localhost:5177/:0
[24690075ms] [ERROR] Failed to load resource: net::ERR_CONNECTION_REFUSED @ http://localhost:5177/:0
[24691082ms] [ERROR] Failed to load resource: net::ERR_CONNECTION_REFUSED @ http://localhost:5177/:0
[24692087ms] [ERROR] Failed to load resource: net::ERR_CONNECTION_REFUSED @ http://localhost:5177/:0
[24693092ms] [ERROR] Failed to load resource: net::ERR_CONNECTION_REFUSED @ http://localhost:5177/:0
[24694099ms] [ERROR] Failed to load resource: net::ERR_CONNECTION_REFUSED @ http://localhost:5177/:0
[24695102ms] [ERROR] Failed to load resource: net::ERR_CONNECTION_REFUSED @ http://localhost:5177/:0
[24696107ms] [ERROR] Failed to load resource: net::ERR_CONNECTION_REFUSED @ http://localhost:5177/:0
[24697115ms] [ERROR] Failed to load resource: net::ERR_CONNECTION_REFUSED @ http://localhost:5177/:0
[24698119ms] [ERROR] Failed to load resource: net::ERR_CONNECTION_REFUSED @ http://localhost:5177/:0
[24699124ms] [ERROR] Failed to load resource: net::ERR_CONNECTION_REFUSED @ http://localhost:5177/:0
[24700131ms] [ERROR] Failed to load resource: net::ERR_CONNECTION_REFUSED @ http://localhost:5177/:0
[24701138ms] [ERROR] Failed to load resource: net::ERR_CONNECTION_REFUSED @ http://localhost:5177/:0
[24702144ms] [ERROR] Failed to load resource: net::ERR_CONNECTION_REFUSED @ http://localhost:5177/:0
[24703151ms] [ERROR] Failed to load resource: net::ERR_CONNECTION_REFUSED @ http://localhost:5177/:0
[24704155ms] [ERROR] Failed to load resource: net::ERR_CONNECTION_REFUSED @ http://localhost:5177/:0
[24705161ms] [ERROR] Failed to load resource: net::ERR_CONNECTION_REFUSED @ http://localhost:5177/:0
[24706170ms] [ERROR] Failed to load resource: net::ERR_CONNECTION_REFUSED @ http://localhost:5177/:0
[24707174ms] [ERROR] Failed to load resource: net::ERR_CONNECTION_REFUSED @ http://localhost:5177/:0
[24708179ms] [ERROR] Failed to load resource: net::ERR_CONNECTION_REFUSED @ http://localhost:5177/:0
[24709185ms] [ERROR] Failed to load resource: net::ERR_CONNECTION_REFUSED @ http://localhost:5177/:0
[24710190ms] [ERROR] Failed to load resource: net::ERR_CONNECTION_REFUSED @ http://localhost:5177/:0
[24711194ms] [ERROR] Failed to load resource: net::ERR_CONNECTION_REFUSED @ http://localhost:5177/:0
[24712201ms] [ERROR] Failed to load resource: net::ERR_CONNECTION_REFUSED @ http://localhost:5177/:0
[24713208ms] [ERROR] Failed to load resource: net::ERR_CONNECTION_REFUSED @ http://localhost:5177/:0
[24714211ms] [ERROR] Failed to load resource: net::ERR_CONNECTION_REFUSED @ http://localhost:5177/:0
[24715221ms] [ERROR] Failed to load resource: net::ERR_CONNECTION_REFUSED @ http://localhost:5177/:0
[24716226ms] [ERROR] Failed to load resource: net::ERR_CONNECTION_REFUSED @ http://localhost:5177/:0
[24717229ms] [ERROR] Failed to load resource: net::ERR_CONNECTION_REFUSED @ http://localhost:5177/:0
[24718232ms] [ERROR] Failed to load resource: net::ERR_CONNECTION_REFUSED @ http://localhost:5177/:0
[24719242ms] [ERROR] Failed to load resource: net::ERR_CONNECTION_REFUSED @ http://localhost:5177/:0
[24720246ms] [ERROR] Failed to load resource: net::ERR_CONNECTION_REFUSED @ http://localhost:5177/:0
[24721249ms] [ERROR] Failed to load resource: net::ERR_CONNECTION_REFUSED @ http://localhost:5177/:0
[24722255ms] [ERROR] Failed to load resource: net::ERR_CONNECTION_REFUSED @ http://localhost:5177/:0
[24723261ms] [ERROR] Failed to load resource: net::ERR_CONNECTION_REFUSED @ http://localhost:5177/:0
[24724266ms] [ERROR] Failed to load resource: net::ERR_CONNECTION_REFUSED @ http://localhost:5177/:0
[24725271ms] [ERROR] Failed to load resource: net::ERR_CONNECTION_REFUSED @ http://localhost:5177/:0
[24726275ms] [ERROR] Failed to load resource: net::ERR_CONNECTION_REFUSED @ http://localhost:5177/:0
[24727281ms] [ERROR] Failed to load resource: net::ERR_CONNECTION_REFUSED @ http://localhost:5177/:0
[24728287ms] [ERROR] Failed to load resource: net::ERR_CONNECTION_REFUSED @ http://localhost:5177/:0
[24729293ms] [ERROR] Failed to load resource: net::ERR_CONNECTION_REFUSED @ http://localhost:5177/:0
[24730300ms] [ERROR] Failed to load resource: net::ERR_CONNECTION_REFUSED @ http://localhost:5177/:0
[24731305ms] [ERROR] Failed to load resource: net::ERR_CONNECTION_REFUSED @ http://localhost:5177/:0
[24732311ms] [ERROR] Failed to load resource: net::ERR_CONNECTION_REFUSED @ http://localhost:5177/:0
[24733322ms] [ERROR] Failed to load resource: net::ERR_CONNECTION_REFUSED @ http://localhost:5177/:0
[24734327ms] [ERROR] Failed to load resource: net::ERR_CONNECTION_REFUSED @ http://localhost:5177/:0
[24735334ms] [ERROR] Failed to load resource: net::ERR_CONNECTION_REFUSED @ http://localhost:5177/:0
[24736338ms] [ERROR] Failed to load resource: net::ERR_CONNECTION_REFUSED @ http://localhost:5177/:0
[24737342ms] [ERROR] Failed to load resource: net::ERR_CONNECTION_REFUSED @ http://localhost:5177/:0
[24738349ms] [ERROR] Failed to load resource: net::ERR_CONNECTION_REFUSED @ http://localhost:5177/:0
[24739355ms] [ERROR] Failed to load resource: net::ERR_CONNECTION_REFUSED @ http://localhost:5177/:0
[24740359ms] [ERROR] Failed to load resource: net::ERR_CONNECTION_REFUSED @ http://localhost:5177/:0
[24741361ms] [ERROR] Failed to load resource: net::ERR_CONNECTION_REFUSED @ http://localhost:5177/:0
[24742366ms] [ERROR] Failed to load resource: net::ERR_CONNECTION_REFUSED @ http://localhost:5177/:0
[24743373ms] [ERROR] Failed to load resource: net::ERR_CONNECTION_REFUSED @ http://localhost:5177/:0
[24744375ms] [ERROR] Failed to load resource: net::ERR_CONNECTION_REFUSED @ http://localhost:5177/:0
[24745383ms] [ERROR] Failed to load resource: net::ERR_CONNECTION_REFUSED @ http://localhost:5177/:0
[24746387ms] [ERROR] Failed to load resource: net::ERR_CONNECTION_REFUSED @ http://localhost:5177/:0
[24747391ms] [ERROR] Failed to load resource: net::ERR_CONNECTION_REFUSED @ http://localhost:5177/:0
[24748397ms] [ERROR] Failed to load resource: net::ERR_CONNECTION_REFUSED @ http://localhost:5177/:0
[24749404ms] [ERROR] Failed to load resource: net::ERR_CONNECTION_REFUSED @ http://localhost:5177/:0
[24750409ms] [ERROR] Failed to load resource: net::ERR_CONNECTION_REFUSED @ http://localhost:5177/:0
[24751417ms] [ERROR] Failed to load resource: net::ERR_CONNECTION_REFUSED @ http://localhost:5177/:0
[24752421ms] [ERROR] Failed to load resource: net::ERR_CONNECTION_REFUSED @ http://localhost:5177/:0
[24753424ms] [ERROR] Failed to load resource: net::ERR_CONNECTION_REFUSED @ http://localhost:5177/:0
[24754428ms] [ERROR] Failed to load resource: net::ERR_CONNECTION_REFUSED @ http://localhost:5177/:0
[24755431ms] [ERROR] Failed to load resource: net::ERR_CONNECTION_REFUSED @ http://localhost:5177/:0
[24756436ms] [ERROR] Failed to load resource: net::ERR_CONNECTION_REFUSED @ http://localhost:5177/:0
[24757441ms] [ERROR] Failed to load resource: net::ERR_CONNECTION_REFUSED @ http://localhost:5177/:0
[24758447ms] [ERROR] Failed to load resource: net::ERR_CONNECTION_REFUSED @ http://localhost:5177/:0
[24759455ms] [ERROR] Failed to load resource: net::ERR_CONNECTION_REFUSED @ http://localhost:5177/:0
[24760461ms] [ERROR] Failed to load resource: net::ERR_CONNECTION_REFUSED @ http://localhost:5177/:0
[24761467ms] [ERROR] Failed to load resource: net::ERR_CONNECTION_REFUSED @ http://localhost:5177/:0
[24762476ms] [ERROR] Failed to load resource: net::ERR_CONNECTION_REFUSED @ http://localhost:5177/:0
[24763487ms] [ERROR] Failed to load resource: net::ERR_CONNECTION_REFUSED @ http://localhost:5177/:0
[24764490ms] [ERROR] Failed to load resource: net::ERR_CONNECTION_REFUSED @ http://localhost:5177/:0
[24765495ms] [ERROR] Failed to load resource: net::ERR_CONNECTION_REFUSED @ http://localhost:5177/:0
[24766503ms] [ERROR] Failed to load resource: net::ERR_CONNECTION_REFUSED @ http://localhost:5177/:0
[24767507ms] [ERROR] Failed to load resource: net::ERR_CONNECTION_REFUSED @ http://localhost:5177/:0
[24768511ms] [ERROR] Failed to load resource: net::ERR_CONNECTION_REFUSED @ http://localhost:5177/:0
[24769515ms] [ERROR] Failed to load resource: net::ERR_CONNECTION_REFUSED @ http://localhost:5177/:0
[24770522ms] [ERROR] Failed to load resource: net::ERR_CONNECTION_REFUSED @ http://localhost:5177/:0
[24771525ms] [ERROR] Failed to load resource: net::ERR_CONNECTION_REFUSED @ http://localhost:5177/:0
[24772529ms] [ERROR] Failed to load resource: net::ERR_CONNECTION_REFUSED @ http://localhost:5177/:0
[24773541ms] [ERROR] Failed to load resource: net::ERR_CONNECTION_REFUSED @ http://localhost:5177/:0
[24774543ms] [ERROR] Failed to load resource: net::ERR_CONNECTION_REFUSED @ http://localhost:5177/:0
[24775549ms] [ERROR] Failed to load resource: net::ERR_CONNECTION_REFUSED @ http://localhost:5177/:0
[24776556ms] [ERROR] Failed to load resource: net::ERR_CONNECTION_REFUSED @ http://localhost:5177/:0
[24777560ms] [ERROR] Failed to load resource: net::ERR_CONNECTION_REFUSED @ http://localhost:5177/:0
[24778569ms] [ERROR] Failed to load resource: net::ERR_CONNECTION_REFUSED @ http://localhost:5177/:0
[24779573ms] [ERROR] Failed to load resource: net::ERR_CONNECTION_REFUSED @ http://localhost:5177/:0
[24780578ms] [ERROR] Failed to load resource: net::ERR_CONNECTION_REFUSED @ http://localhost:5177/:0
[24781584ms] [ERROR] Failed to load resource: net::ERR_CONNECTION_REFUSED @ http://localhost:5177/:0
[24782590ms] [ERROR] Failed to load resource: net::ERR_CONNECTION_REFUSED @ http://localhost:5177/:0
[24783596ms] [ERROR] Failed to load resource: net::ERR_CONNECTION_REFUSED @ http://localhost:5177/:0
[24784602ms] [ERROR] Failed to load resource: net::ERR_CONNECTION_REFUSED @ http://localhost:5177/:0
[24785608ms] [ERROR] Failed to load resource: net::ERR_CONNECTION_REFUSED @ http://localhost:5177/:0
[24786611ms] [ERROR] Failed to load resource: net::ERR_CONNECTION_REFUSED @ http://localhost:5177/:0
[24787614ms] [ERROR] Failed to load resource: net::ERR_CONNECTION_REFUSED @ http://localhost:5177/:0
[24788619ms] [ERROR] Failed to load resource: net::ERR_CONNECTION_REFUSED @ http://localhost:5177/:0
[24789623ms] [ERROR] Failed to load resource: net::ERR_CONNECTION_REFUSED @ http://localhost:5177/:0
[24790627ms] [ERROR] Failed to load resource: net::ERR_CONNECTION_REFUSED @ http://localhost:5177/:0
[24791631ms] [ERROR] Failed to load resource: net::ERR_CONNECTION_REFUSED @ http://localhost:5177/:0
[24792638ms] [ERROR] Failed to load resource: net::ERR_CONNECTION_REFUSED @ http://localhost:5177/:0
[24793644ms] [ERROR] Failed to load resource: net::ERR_CONNECTION_REFUSED @ http://localhost:5177/:0
[24794650ms] [ERROR] Failed to load resource: net::ERR_CONNECTION_REFUSED @ http://localhost:5177/:0
[24795658ms] [ERROR] Failed to load resource: net::ERR_CONNECTION_REFUSED @ http://localhost:5177/:0
[24796665ms] [ERROR] Failed to load resource: net::ERR_CONNECTION_REFUSED @ http://localhost:5177/:0
[24797670ms] [ERROR] Failed to load resource: net::ERR_CONNECTION_REFUSED @ http://localhost:5177/:0
[24798674ms] [ERROR] Failed to load resource: net::ERR_CONNECTION_REFUSED @ http://localhost:5177/:0
[24799677ms] [ERROR] Failed to load resource: net::ERR_CONNECTION_REFUSED @ http://localhost:5177/:0
[24800682ms] [ERROR] Failed to load resource: net::ERR_CONNECTION_REFUSED @ http://localhost:5177/:0
[24801687ms] [ERROR] Failed to load resource: net::ERR_CONNECTION_REFUSED @ http://localhost:5177/:0
[24802691ms] [ERROR] Failed to load resource: net::ERR_CONNECTION_REFUSED @ http://localhost:5177/:0
[24803697ms] [ERROR] Failed to load resource: net::ERR_CONNECTION_REFUSED @ http://localhost:5177/:0
[24804704ms] [ERROR] Failed to load resource: net::ERR_CONNECTION_REFUSED @ http://localhost:5177/:0
[24805707ms] [ERROR] Failed to load resource: net::ERR_CONNECTION_REFUSED @ http://localhost:5177/:0
[24806712ms] [ERROR] Failed to load resource: net::ERR_CONNECTION_REFUSED @ http://localhost:5177/:0
[24807723ms] [ERROR] Failed to load resource: net::ERR_CONNECTION_REFUSED @ http://localhost:5177/:0
[24808727ms] [ERROR] Failed to load resource: net::ERR_CONNECTION_REFUSED @ http://localhost:5177/:0
[24809732ms] [ERROR] Failed to load resource: net::ERR_CONNECTION_REFUSED @ http://localhost:5177/:0
[24810738ms] [ERROR] Failed to load resource: net::ERR_CONNECTION_REFUSED @ http://localhost:5177/:0
[24811743ms] [ERROR] Failed to load resource: net::ERR_CONNECTION_REFUSED @ http://localhost:5177/:0
[24812755ms] [ERROR] Failed to load resource: net::ERR_CONNECTION_REFUSED @ http://localhost:5177/:0
[24813760ms] [ERROR] Failed to load resource: net::ERR_CONNECTION_REFUSED @ http://localhost:5177/:0
[24814769ms] [ERROR] Failed to load resource: net::ERR_CONNECTION_REFUSED @ http://localhost:5177/:0
[24815776ms] [ERROR] Failed to load resource: net::ERR_CONNECTION_REFUSED @ http://localhost:5177/:0
[24816779ms] [ERROR] Failed to load resource: net::ERR_CONNECTION_REFUSED @ http://localhost:5177/:0
[24817788ms] [ERROR] Failed to load resource: net::ERR_CONNECTION_REFUSED @ http://localhost:5177/:0
[24818791ms] [ERROR] Failed to load resource: net::ERR_CONNECTION_REFUSED @ http://localhost:5177/:0
[24819795ms] [ERROR] Failed to load resource: net::ERR_CONNECTION_REFUSED @ http://localhost:5177/:0
[24820796ms] [ERROR] Failed to load resource: net::ERR_CONNECTION_REFUSED @ http://localhost:5177/:0
[24821805ms] [ERROR] Failed to load resource: net::ERR_CONNECTION_REFUSED @ http://localhost:5177/:0
[24822808ms] [ERROR] Failed to load resource: net::ERR_CONNECTION_REFUSED @ http://localhost:5177/:0
[24823816ms] [ERROR] Failed to load resource: net::ERR_CONNECTION_REFUSED @ http://localhost:5177/:0
[24824822ms] [ERROR] Failed to load resource: net::ERR_CONNECTION_REFUSED @ http://localhost:5177/:0
[24825826ms] [ERROR] Failed to load resource: net::ERR_CONNECTION_REFUSED @ http://localhost:5177/:0
[24826831ms] [ERROR] Failed to load resource: net::ERR_CONNECTION_REFUSED @ http://localhost:5177/:0
[24827837ms] [ERROR] Failed to load resource: net::ERR_CONNECTION_REFUSED @ http://localhost:5177/:0
[24828841ms] [ERROR] Failed to load resource: net::ERR_CONNECTION_REFUSED @ http://localhost:5177/:0
[24829853ms] [ERROR] Failed to load resource: net::ERR_CONNECTION_REFUSED @ http://localhost:5177/:0
[24830858ms] [ERROR] Failed to load resource: net::ERR_CONNECTION_REFUSED @ http://localhost:5177/:0
[24831863ms] [ERROR] Failed to load resource: net::ERR_CONNECTION_REFUSED @ http://localhost:5177/:0
[24832869ms] [ERROR] Failed to load resource: net::ERR_CONNECTION_REFUSED @ http://localhost:5177/:0
[24833874ms] [ERROR] Failed to load resource: net::ERR_CONNECTION_REFUSED @ http://localhost:5177/:0
[24834878ms] [ERROR] Failed to load resource: net::ERR_CONNECTION_REFUSED @ http://localhost:5177/:0
[24835882ms] [ERROR] Failed to load resource: net::ERR_CONNECTION_REFUSED @ http://localhost:5177/:0
[24836886ms] [ERROR] Failed to load resource: net::ERR_CONNECTION_REFUSED @ http://localhost:5177/:0
[24837891ms] [ERROR] Failed to load resource: net::ERR_CONNECTION_REFUSED @ http://localhost:5177/:0
[24838899ms] [ERROR] Failed to load resource: net::ERR_CONNECTION_REFUSED @ http://localhost:5177/:0
[24839904ms] [ERROR] Failed to load resource: net::ERR_CONNECTION_REFUSED @ http://localhost:5177/:0
[24840912ms] [ERROR] Failed to load resource: net::ERR_CONNECTION_REFUSED @ http://localhost:5177/:0
[24841919ms] [ERROR] Failed to load resource: net::ERR_CONNECTION_REFUSED @ http://localhost:5177/:0
[24842922ms] [ERROR] Failed to load resource: net::ERR_CONNECTION_REFUSED @ http://localhost:5177/:0
[24843925ms] [ERROR] Failed to load resource: net::ERR_CONNECTION_REFUSED @ http://localhost:5177/:0
[24844932ms] [ERROR] Failed to load resource: net::ERR_CONNECTION_REFUSED @ http://localhost:5177/:0
[24845937ms] [ERROR] Failed to load resource: net::ERR_CONNECTION_REFUSED @ http://localhost:5177/:0
[24846942ms] [ERROR] Failed to load resource: net::ERR_CONNECTION_REFUSED @ http://localhost:5177/:0
[24847948ms] [ERROR] Failed to load resource: net::ERR_CONNECTION_REFUSED @ http://localhost:5177/:0
[24848958ms] [ERROR] Failed to load resource: net::ERR_CONNECTION_REFUSED @ http://localhost:5177/:0
[24849963ms] [ERROR] Failed to load resource: net::ERR_CONNECTION_REFUSED @ http://localhost:5177/:0
[24850973ms] [ERROR] Failed to load resource: net::ERR_CONNECTION_REFUSED @ http://localhost:5177/:0
[24851984ms] [ERROR] Failed to load resource: net::ERR_CONNECTION_REFUSED @ http://localhost:5177/:0
[24852989ms] [ERROR] Failed to load resource: net::ERR_CONNECTION_REFUSED @ http://localhost:5177/:0
[24853991ms] [ERROR] Failed to load resource: net::ERR_CONNECTION_REFUSED @ http://localhost:5177/:0
[24854995ms] [ERROR] Failed to load resource: net::ERR_CONNECTION_REFUSED @ http://localhost:5177/:0
[24855999ms] [ERROR] Failed to load resource: net::ERR_CONNECTION_REFUSED @ http://localhost:5177/:0
[24857005ms] [ERROR] Failed to load resource: net::ERR_CONNECTION_REFUSED @ http://localhost:5177/:0
[24858009ms] [ERROR] Failed to load resource: net::ERR_CONNECTION_REFUSED @ http://localhost:5177/:0
[24859013ms] [ERROR] Failed to load resource: net::ERR_CONNECTION_REFUSED @ http://localhost:5177/:0
[24860018ms] [ERROR] Failed to load resource: net::ERR_CONNECTION_REFUSED @ http://localhost:5177/:0
[24861026ms] [ERROR] Failed to load resource: net::ERR_CONNECTION_REFUSED @ http://localhost:5177/:0
[24862028ms] [ERROR] Failed to load resource: net::ERR_CONNECTION_REFUSED @ http://localhost:5177/:0
[24863036ms] [ERROR] Failed to load resource: net::ERR_CONNECTION_REFUSED @ http://localhost:5177/:0
[24864039ms] [ERROR] Failed to load resource: net::ERR_CONNECTION_REFUSED @ http://localhost:5177/:0
[24865043ms] [ERROR] Failed to load resource: net::ERR_CONNECTION_REFUSED @ http://localhost:5177/:0
[24866050ms] [ERROR] Failed to load resource: net::ERR_CONNECTION_REFUSED @ http://localhost:5177/:0
[24867056ms] [ERROR] Failed to load resource: net::ERR_CONNECTION_REFUSED @ http://localhost:5177/:0
[24868059ms] [ERROR] Failed to load resource: net::ERR_CONNECTION_REFUSED @ http://localhost:5177/:0
[24869062ms] [ERROR] Failed to load resource: net::ERR_CONNECTION_REFUSED @ http://localhost:5177/:0
[24870073ms] [ERROR] Failed to load resource: net::ERR_CONNECTION_REFUSED @ http://localhost:5177/:0
[24871077ms] [ERROR] Failed to load resource: net::ERR_CONNECTION_REFUSED @ http://localhost:5177/:0
[24872080ms] [ERROR] Failed to load resource: net::ERR_CONNECTION_REFUSED @ http://localhost:5177/:0
[24873086ms] [ERROR] Failed to load resource: net::ERR_CONNECTION_REFUSED @ http://localhost:5177/:0
[24874090ms] [ERROR] Failed to load resource: net::ERR_CONNECTION_REFUSED @ http://localhost:5177/:0
[24875094ms] [ERROR] Failed to load resource: net::ERR_CONNECTION_REFUSED @ http://localhost:5177/:0
[24876097ms] [ERROR] Failed to load resource: net::ERR_CONNECTION_REFUSED @ http://localhost:5177/:0
[24877103ms] [ERROR] Failed to load resource: net::ERR_CONNECTION_REFUSED @ http://localhost:5177/:0
[24878109ms] [ERROR] Failed to load resource: net::ERR_CONNECTION_REFUSED @ http://localhost:5177/:0
[24879121ms] [ERROR] Failed to load resource: net::ERR_CONNECTION_REFUSED @ http://localhost:5177/:0
[24880125ms] [ERROR] Failed to load resource: net::ERR_CONNECTION_REFUSED @ http://localhost:5177/:0
[24881132ms] [ERROR] Failed to load resource: net::ERR_CONNECTION_REFUSED @ http://localhost:5177/:0
[24882138ms] [ERROR] Failed to load resource: net::ERR_CONNECTION_REFUSED @ http://localhost:5177/:0
[24883144ms] [ERROR] Failed to load resource: net::ERR_CONNECTION_REFUSED @ http://localhost:5177/:0
[24884149ms] [ERROR] Failed to load resource: net::ERR_CONNECTION_REFUSED @ http://localhost:5177/:0
[24885154ms] [ERROR] Failed to load resource: net::ERR_CONNECTION_REFUSED @ http://localhost:5177/:0
[24886157ms] [ERROR] Failed to load resource: net::ERR_CONNECTION_REFUSED @ http://localhost:5177/:0
[24887164ms] [ERROR] Failed to load resource: net::ERR_CONNECTION_REFUSED @ http://localhost:5177/:0
[24888169ms] [ERROR] Failed to load resource: net::ERR_CONNECTION_REFUSED @ http://localhost:5177/:0
[24889173ms] [ERROR] Failed to load resource: net::ERR_CONNECTION_REFUSED @ http://localhost:5177/:0
[24890178ms] [ERROR] Failed to load resource: net::ERR_CONNECTION_REFUSED @ http://localhost:5177/:0
[24891184ms] [ERROR] Failed to load resource: net::ERR_CONNECTION_REFUSED @ http://localhost:5177/:0
[24892194ms] [ERROR] Failed to load resource: net::ERR_CONNECTION_REFUSED @ http://localhost:5177/:0
[24893199ms] [ERROR] Failed to load resource: net::ERR_CONNECTION_REFUSED @ http://localhost:5177/:0
[24894204ms] [ERROR] Failed to load resource: net::ERR_CONNECTION_REFUSED @ http://localhost:5177/:0
[24895208ms] [ERROR] Failed to load resource: net::ERR_CONNECTION_REFUSED @ http://localhost:5177/:0
[24896212ms] [ERROR] Failed to load resource: net::ERR_CONNECTION_REFUSED @ http://localhost:5177/:0
[24897220ms] [ERROR] Failed to load resource: net::ERR_CONNECTION_REFUSED @ http://localhost:5177/:0
[24898226ms] [ERROR] Failed to load resource: net::ERR_CONNECTION_REFUSED @ http://localhost:5177/:0
[24899231ms] [ERROR] Failed to load resource: net::ERR_CONNECTION_REFUSED @ http://localhost:5177/:0
[24900233ms] [ERROR] Failed to load resource: net::ERR_CONNECTION_REFUSED @ http://localhost:5177/:0
[24901238ms] [ERROR] Failed to load resource: net::ERR_CONNECTION_REFUSED @ http://localhost:5177/:0
[24902245ms] [ERROR] Failed to load resource: net::ERR_CONNECTION_REFUSED @ http://localhost:5177/:0
[24903253ms] [ERROR] Failed to load resource: net::ERR_CONNECTION_REFUSED @ http://localhost:5177/:0
[24904257ms] [ERROR] Failed to load resource: net::ERR_CONNECTION_REFUSED @ http://localhost:5177/:0
[24905261ms] [ERROR] Failed to load resource: net::ERR_CONNECTION_REFUSED @ http://localhost:5177/:0
[24906266ms] [ERROR] Failed to load resource: net::ERR_CONNECTION_REFUSED @ http://localhost:5177/:0
[24907269ms] [ERROR] Failed to load resource: net::ERR_CONNECTION_REFUSED @ http://localhost:5177/:0
[24908274ms] [ERROR] Failed to load resource: net::ERR_CONNECTION_REFUSED @ http://localhost:5177/:0
[24909279ms] [ERROR] Failed to load resource: net::ERR_CONNECTION_REFUSED @ http://localhost:5177/:0
[24910292ms] [ERROR] Failed to load resource: net::ERR_CONNECTION_REFUSED @ http://localhost:5177/:0
[24911296ms] [ERROR] Failed to load resource: net::ERR_CONNECTION_REFUSED @ http://localhost:5177/:0
[24912303ms] [ERROR] Failed to load resource: net::ERR_CONNECTION_REFUSED @ http://localhost:5177/:0
[24913311ms] [ERROR] Failed to load resource: net::ERR_CONNECTION_REFUSED @ http://localhost:5177/:0
[24914315ms] [ERROR] Failed to load resource: net::ERR_CONNECTION_REFUSED @ http://localhost:5177/:0
[24915325ms] [ERROR] Failed to load resource: net::ERR_CONNECTION_REFUSED @ http://localhost:5177/:0
[24916330ms] [ERROR] Failed to load resource: net::ERR_CONNECTION_REFUSED @ http://localhost:5177/:0
[24917334ms] [ERROR] Failed to load resource: net::ERR_CONNECTION_REFUSED @ http://localhost:5177/:0
[24918340ms] [ERROR] Failed to load resource: net::ERR_CONNECTION_REFUSED @ http://localhost:5177/:0
[24919344ms] [ERROR] Failed to load resource: net::ERR_CONNECTION_REFUSED @ http://localhost:5177/:0
[24920348ms] [ERROR] Failed to load resource: net::ERR_CONNECTION_REFUSED @ http://localhost:5177/:0
[24921354ms] [ERROR] Failed to load resource: net::ERR_CONNECTION_REFUSED @ http://localhost:5177/:0
[24922356ms] [ERROR] Failed to load resource: net::ERR_CONNECTION_REFUSED @ http://localhost:5177/:0
[24923361ms] [ERROR] Failed to load resource: net::ERR_CONNECTION_REFUSED @ http://localhost:5177/:0
[24924364ms] [ERROR] Failed to load resource: net::ERR_CONNECTION_REFUSED @ http://localhost:5177/:0
[24925371ms] [ERROR] Failed to load resource: net::ERR_CONNECTION_REFUSED @ http://localhost:5177/:0
[24926378ms] [ERROR] Failed to load resource: net::ERR_CONNECTION_REFUSED @ http://localhost:5177/:0
[24927381ms] [ERROR] Failed to load resource: net::ERR_CONNECTION_REFUSED @ http://localhost:5177/:0
[24928387ms] [ERROR] Failed to load resource: net::ERR_CONNECTION_REFUSED @ http://localhost:5177/:0
[24929393ms] [ERROR] Failed to load resource: net::ERR_CONNECTION_REFUSED @ http://localhost:5177/:0
[24930401ms] [ERROR] Failed to load resource: net::ERR_CONNECTION_REFUSED @ http://localhost:5177/:0
[24931408ms] [ERROR] Failed to load resource: net::ERR_CONNECTION_REFUSED @ http://localhost:5177/:0
[24932411ms] [ERROR] Failed to load resource: net::ERR_CONNECTION_REFUSED @ http://localhost:5177/:0
[24933419ms] [ERROR] Failed to load resource: net::ERR_CONNECTION_REFUSED @ http://localhost:5177/:0
[24934424ms] [ERROR] Failed to load resource: net::ERR_CONNECTION_REFUSED @ http://localhost:5177/:0
[24935427ms] [ERROR] Failed to load resource: net::ERR_CONNECTION_REFUSED @ http://localhost:5177/:0
[24936431ms] [ERROR] Failed to load resource: net::ERR_CONNECTION_REFUSED @ http://localhost:5177/:0
[24937434ms] [ERROR] Failed to load resource: net::ERR_CONNECTION_REFUSED @ http://localhost:5177/:0
[24938436ms] [ERROR] Failed to load resource: net::ERR_CONNECTION_REFUSED @ http://localhost:5177/:0
[24939441ms] [ERROR] Failed to load resource: net::ERR_CONNECTION_REFUSED @ http://localhost:5177/:0
[24940447ms] [ERROR] Failed to load resource: net::ERR_CONNECTION_REFUSED @ http://localhost:5177/:0
[24941453ms] [ERROR] Failed to load resource: net::ERR_CONNECTION_REFUSED @ http://localhost:5177/:0
[24942457ms] [ERROR] Failed to load resource: net::ERR_CONNECTION_REFUSED @ http://localhost:5177/:0
[24943459ms] [ERROR] Failed to load resource: net::ERR_CONNECTION_REFUSED @ http://localhost:5177/:0
[24944463ms] [ERROR] Failed to load resource: net::ERR_CONNECTION_REFUSED @ http://localhost:5177/:0
[24945466ms] [ERROR] Failed to load resource: net::ERR_CONNECTION_REFUSED @ http://localhost:5177/:0
[24946470ms] [ERROR] Failed to load resource: net::ERR_CONNECTION_REFUSED @ http://localhost:5177/:0
[24947477ms] [ERROR] Failed to load resource: net::ERR_CONNECTION_REFUSED @ http://localhost:5177/:0
[24948480ms] [ERROR] Failed to load resource: net::ERR_CONNECTION_REFUSED @ http://localhost:5177/:0
[24949484ms] [ERROR] Failed to load resource: net::ERR_CONNECTION_REFUSED @ http://localhost:5177/:0
[24950486ms] [ERROR] Failed to load resource: net::ERR_CONNECTION_REFUSED @ http://localhost:5177/:0
[24951492ms] [ERROR] Failed to load resource: net::ERR_CONNECTION_REFUSED @ http://localhost:5177/:0
[24952496ms] [ERROR] Failed to load resource: net::ERR_CONNECTION_REFUSED @ http://localhost:5177/:0
[24953504ms] [ERROR] Failed to load resource: net::ERR_CONNECTION_REFUSED @ http://localhost:5177/:0
[24954510ms] [ERROR] Failed to load resource: net::ERR_CONNECTION_REFUSED @ http://localhost:5177/:0
[24955516ms] [ERROR] Failed to load resource: net::ERR_CONNECTION_REFUSED @ http://localhost:5177/:0
[24956526ms] [ERROR] Failed to load resource: net::ERR_CONNECTION_REFUSED @ http://localhost:5177/:0
[24957533ms] [ERROR] Failed to load resource: net::ERR_CONNECTION_REFUSED @ http://localhost:5177/:0
[24958538ms] [ERROR] Failed to load resource: net::ERR_CONNECTION_REFUSED @ http://localhost:5177/:0
[24959543ms] [ERROR] Failed to load resource: net::ERR_CONNECTION_REFUSED @ http://localhost:5177/:0
[24960547ms] [ERROR] Failed to load resource: net::ERR_CONNECTION_REFUSED @ http://localhost:5177/:0
[24961555ms] [ERROR] Failed to load resource: net::ERR_CONNECTION_REFUSED @ http://localhost:5177/:0
[24962560ms] [ERROR] Failed to load resource: net::ERR_CONNECTION_REFUSED @ http://localhost:5177/:0
[24963564ms] [ERROR] Failed to load resource: net::ERR_CONNECTION_REFUSED @ http://localhost:5177/:0
[24964571ms] [ERROR] Failed to load resource: net::ERR_CONNECTION_REFUSED @ http://localhost:5177/:0
[24965576ms] [ERROR] Failed to load resource: net::ERR_CONNECTION_REFUSED @ http://localhost:5177/:0
[24966582ms] [ERROR] Failed to load resource: net::ERR_CONNECTION_REFUSED @ http://localhost:5177/:0
[24967590ms] [ERROR] Failed to load resource: net::ERR_CONNECTION_REFUSED @ http://localhost:5177/:0
[24968595ms] [ERROR] Failed to load resource: net::ERR_CONNECTION_REFUSED @ http://localhost:5177/:0
[24969613ms] [ERROR] Failed to load resource: net::ERR_CONNECTION_REFUSED @ http://localhost:5177/:0
[24970621ms] [ERROR] Failed to load resource: net::ERR_CONNECTION_REFUSED @ http://localhost:5177/:0
[24971626ms] [ERROR] Failed to load resource: net::ERR_CONNECTION_REFUSED @ http://localhost:5177/:0
[24972630ms] [ERROR] Failed to load resource: net::ERR_CONNECTION_REFUSED @ http://localhost:5177/:0
[24973636ms] [ERROR] Failed to load resource: net::ERR_CONNECTION_REFUSED @ http://localhost:5177/:0
[24974644ms] [ERROR] Failed to load resource: net::ERR_CONNECTION_REFUSED @ http://localhost:5177/:0
[24975648ms] [ERROR] Failed to load resource: net::ERR_CONNECTION_REFUSED @ http://localhost:5177/:0
[24976652ms] [ERROR] Failed to load resource: net::ERR_CONNECTION_REFUSED @ http://localhost:5177/:0
[24977656ms] [ERROR] Failed to load resource: net::ERR_CONNECTION_REFUSED @ http://localhost:5177/:0
[24978662ms] [ERROR] Failed to load resource: net::ERR_CONNECTION_REFUSED @ http://localhost:5177/:0
[24979668ms] [ERROR] Failed to load resource: net::ERR_CONNECTION_REFUSED @ http://localhost:5177/:0
[24980675ms] [ERROR] Failed to load resource: net::ERR_CONNECTION_REFUSED @ http://localhost:5177/:0
[24981679ms] [ERROR] Failed to load resource: net::ERR_CONNECTION_REFUSED @ http://localhost:5177/:0
[24982684ms] [ERROR] Failed to load resource: net::ERR_CONNECTION_REFUSED @ http://localhost:5177/:0
[24983690ms] [ERROR] Failed to load resource: net::ERR_CONNECTION_REFUSED @ http://localhost:5177/:0
[24984695ms] [ERROR] Failed to load resource: net::ERR_CONNECTION_REFUSED @ http://localhost:5177/:0
[24985705ms] [ERROR] Failed to load resource: net::ERR_CONNECTION_REFUSED @ http://localhost:5177/:0
[24986710ms] [ERROR] Failed to load resource: net::ERR_CONNECTION_REFUSED @ http://localhost:5177/:0
[24987715ms] [ERROR] Failed to load resource: net::ERR_CONNECTION_REFUSED @ http://localhost:5177/:0
[24988725ms] [ERROR] Failed to load resource: net::ERR_CONNECTION_REFUSED @ http://localhost:5177/:0
[24989729ms] [ERROR] Failed to load resource: net::ERR_CONNECTION_REFUSED @ http://localhost:5177/:0
[24990733ms] [ERROR] Failed to load resource: net::ERR_CONNECTION_REFUSED @ http://localhost:5177/:0
[24991739ms] [ERROR] Failed to load resource: net::ERR_CONNECTION_REFUSED @ http://localhost:5177/:0
[24992748ms] [ERROR] Failed to load resource: net::ERR_CONNECTION_REFUSED @ http://localhost:5177/:0
[24993754ms] [ERROR] Failed to load resource: net::ERR_CONNECTION_REFUSED @ http://localhost:5177/:0
[24994760ms] [ERROR] Failed to load resource: net::ERR_CONNECTION_REFUSED @ http://localhost:5177/:0
[24995763ms] [ERROR] Failed to load resource: net::ERR_CONNECTION_REFUSED @ http://localhost:5177/:0
[24996773ms] [ERROR] Failed to load resource: net::ERR_CONNECTION_REFUSED @ http://localhost:5177/:0
[24997777ms] [ERROR] Failed to load resource: net::ERR_CONNECTION_REFUSED @ http://localhost:5177/:0
[24998781ms] [ERROR] Failed to load resource: net::ERR_CONNECTION_REFUSED @ http://localhost:5177/:0
[24999784ms] [ERROR] Failed to load resource: net::ERR_CONNECTION_REFUSED @ http://localhost:5177/:0
[25000789ms] [ERROR] Failed to load resource: net::ERR_CONNECTION_REFUSED @ http://localhost:5177/:0
[25001794ms] [ERROR] Failed to load resource: net::ERR_CONNECTION_REFUSED @ http://localhost:5177/:0
[25002797ms] [ERROR] Failed to load resource: net::ERR_CONNECTION_REFUSED @ http://localhost:5177/:0
[25003805ms] [ERROR] Failed to load resource: net::ERR_CONNECTION_REFUSED @ http://localhost:5177/:0
[25004810ms] [ERROR] Failed to load resource: net::ERR_CONNECTION_REFUSED @ http://localhost:5177/:0
[25005812ms] [ERROR] Failed to load resource: net::ERR_CONNECTION_REFUSED @ http://localhost:5177/:0
[25006818ms] [ERROR] Failed to load resource: net::ERR_CONNECTION_REFUSED @ http://localhost:5177/:0
[25007826ms] [ERROR] Failed to load resource: net::ERR_CONNECTION_REFUSED @ http://localhost:5177/:0
[25008831ms] [ERROR] Failed to load resource: net::ERR_CONNECTION_REFUSED @ http://localhost:5177/:0
[25009834ms] [ERROR] Failed to load resource: net::ERR_CONNECTION_REFUSED @ http://localhost:5177/:0
[25010839ms] [ERROR] Failed to load resource: net::ERR_CONNECTION_REFUSED @ http://localhost:5177/:0
[25011846ms] [ERROR] Failed to load resource: net::ERR_CONNECTION_REFUSED @ http://localhost:5177/:0
[25012849ms] [ERROR] Failed to load resource: net::ERR_CONNECTION_REFUSED @ http://localhost:5177/:0
[25013857ms] [ERROR] Failed to load resource: net::ERR_CONNECTION_REFUSED @ http://localhost:5177/:0
[25014862ms] [ERROR] Failed to load resource: net::ERR_CONNECTION_REFUSED @ http://localhost:5177/:0
[25015870ms] [ERROR] Failed to load resource: net::ERR_CONNECTION_REFUSED @ http://localhost:5177/:0
[25016873ms] [ERROR] Failed to load resource: net::ERR_CONNECTION_REFUSED @ http://localhost:5177/:0
[25017877ms] [ERROR] Failed to load resource: net::ERR_CONNECTION_REFUSED @ http://localhost:5177/:0
[25018884ms] [ERROR] Failed to load resource: net::ERR_CONNECTION_REFUSED @ http://localhost:5177/:0
[25019889ms] [ERROR] Failed to load resource: net::ERR_CONNECTION_REFUSED @ http://localhost:5177/:0
[25020893ms] [ERROR] Failed to load resource: net::ERR_CONNECTION_REFUSED @ http://localhost:5177/:0
[25021897ms] [ERROR] Failed to load resource: net::ERR_CONNECTION_REFUSED @ http://localhost:5177/:0
[25022901ms] [ERROR] Failed to load resource: net::ERR_CONNECTION_REFUSED @ http://localhost:5177/:0
[25023905ms] [ERROR] Failed to load resource: net::ERR_CONNECTION_REFUSED @ http://localhost:5177/:0
[25024908ms] [ERROR] Failed to load resource: net::ERR_CONNECTION_REFUSED @ http://localhost:5177/:0
[25025913ms] [ERROR] Failed to load resource: net::ERR_CONNECTION_REFUSED @ http://localhost:5177/:0
[25026916ms] [ERROR] Failed to load resource: net::ERR_CONNECTION_REFUSED @ http://localhost:5177/:0
[25027918ms] [ERROR] Failed to load resource: net::ERR_CONNECTION_REFUSED @ http://localhost:5177/:0
[25028924ms] [ERROR] Failed to load resource: net::ERR_CONNECTION_REFUSED @ http://localhost:5177/:0
[25029931ms] [ERROR] Failed to load resource: net::ERR_CONNECTION_REFUSED @ http://localhost:5177/:0
[25030939ms] [ERROR] Failed to load resource: net::ERR_CONNECTION_REFUSED @ http://localhost:5177/:0
[25031942ms] [ERROR] Failed to load resource: net::ERR_CONNECTION_REFUSED @ http://localhost:5177/:0
[25032948ms] [ERROR] Failed to load resource: net::ERR_CONNECTION_REFUSED @ http://localhost:5177/:0
[25033952ms] [ERROR] Failed to load resource: net::ERR_CONNECTION_REFUSED @ http://localhost:5177/:0
[25034958ms] [ERROR] Failed to load resource: net::ERR_CONNECTION_REFUSED @ http://localhost:5177/:0
[25035964ms] [ERROR] Failed to load resource: net::ERR_CONNECTION_REFUSED @ http://localhost:5177/:0
[25036971ms] [ERROR] Failed to load resource: net::ERR_CONNECTION_REFUSED @ http://localhost:5177/:0
[25037977ms] [ERROR] Failed to load resource: net::ERR_CONNECTION_REFUSED @ http://localhost:5177/:0
[25038980ms] [ERROR] Failed to load resource: net::ERR_CONNECTION_REFUSED @ http://localhost:5177/:0
[25039988ms] [ERROR] Failed to load resource: net::ERR_CONNECTION_REFUSED @ http://localhost:5177/:0
[25040994ms] [ERROR] Failed to load resource: net::ERR_CONNECTION_REFUSED @ http://localhost:5177/:0
[25041998ms] [ERROR] Failed to load resource: net::ERR_CONNECTION_REFUSED @ http://localhost:5177/:0
[25043004ms] [ERROR] Failed to load resource: net::ERR_CONNECTION_REFUSED @ http://localhost:5177/:0
[25044009ms] [ERROR] Failed to load resource: net::ERR_CONNECTION_REFUSED @ http://localhost:5177/:0
[25045015ms] [ERROR] Failed to load resource: net::ERR_CONNECTION_REFUSED @ http://localhost:5177/:0
[25046021ms] [ERROR] Failed to load resource: net::ERR_CONNECTION_REFUSED @ http://localhost:5177/:0
[25047026ms] [ERROR] Failed to load resource: net::ERR_CONNECTION_REFUSED @ http://localhost:5177/:0
[25048031ms] [ERROR] Failed to load resource: net::ERR_CONNECTION_REFUSED @ http://localhost:5177/:0
[25049035ms] [ERROR] Failed to load resource: net::ERR_CONNECTION_REFUSED @ http://localhost:5177/:0
[25050039ms] [ERROR] Failed to load resource: net::ERR_CONNECTION_REFUSED @ http://localhost:5177/:0
[25051044ms] [ERROR] Failed to load resource: net::ERR_CONNECTION_REFUSED @ http://localhost:5177/:0
[25052049ms] [ERROR] Failed to load resource: net::ERR_CONNECTION_REFUSED @ http://localhost:5177/:0
[25053055ms] [ERROR] Failed to load resource: net::ERR_CONNECTION_REFUSED @ http://localhost:5177/:0
[25054060ms] [ERROR] Failed to load resource: net::ERR_CONNECTION_REFUSED @ http://localhost:5177/:0
[25055065ms] [ERROR] Failed to load resource: net::ERR_CONNECTION_REFUSED @ http://localhost:5177/:0
[25056072ms] [ERROR] Failed to load resource: net::ERR_CONNECTION_REFUSED @ http://localhost:5177/:0
[25057080ms] [ERROR] Failed to load resource: net::ERR_CONNECTION_REFUSED @ http://localhost:5177/:0
[25058086ms] [ERROR] Failed to load resource: net::ERR_CONNECTION_REFUSED @ http://localhost:5177/:0
[25059095ms] [ERROR] Failed to load resource: net::ERR_CONNECTION_REFUSED @ http://localhost:5177/:0
[25060099ms] [ERROR] Failed to load resource: net::ERR_CONNECTION_REFUSED @ http://localhost:5177/:0
[25061105ms] [ERROR] Failed to load resource: net::ERR_CONNECTION_REFUSED @ http://localhost:5177/:0
[25062115ms] [ERROR] Failed to load resource: net::ERR_CONNECTION_REFUSED @ http://localhost:5177/:0
[25063120ms] [ERROR] Failed to load resource: net::ERR_CONNECTION_REFUSED @ http://localhost:5177/:0
[25064123ms] [ERROR] Failed to load resource: net::ERR_CONNECTION_REFUSED @ http://localhost:5177/:0
[25065128ms] [ERROR] Failed to load resource: net::ERR_CONNECTION_REFUSED @ http://localhost:5177/:0
[25066132ms] [ERROR] Failed to load resource: net::ERR_CONNECTION_REFUSED @ http://localhost:5177/:0
[25067142ms] [ERROR] Failed to load resource: net::ERR_CONNECTION_REFUSED @ http://localhost:5177/:0
[25068146ms] [ERROR] Failed to load resource: net::ERR_CONNECTION_REFUSED @ http://localhost:5177/:0
[25069150ms] [ERROR] Failed to load resource: net::ERR_CONNECTION_REFUSED @ http://localhost:5177/:0
[25070152ms] [ERROR] Failed to load resource: net::ERR_CONNECTION_REFUSED @ http://localhost:5177/:0
[25071156ms] [ERROR] Failed to load resource: net::ERR_CONNECTION_REFUSED @ http://localhost:5177/:0
[25072161ms] [ERROR] Failed to load resource: net::ERR_CONNECTION_REFUSED @ http://localhost:5177/:0
[25073167ms] [ERROR] Failed to load resource: net::ERR_CONNECTION_REFUSED @ http://localhost:5177/:0
[25074173ms] [ERROR] Failed to load resource: net::ERR_CONNECTION_REFUSED @ http://localhost:5177/:0
[25075178ms] [ERROR] Failed to load resource: net::ERR_CONNECTION_REFUSED @ http://localhost:5177/:0
[25076183ms] [ERROR] Failed to load resource: net::ERR_CONNECTION_REFUSED @ http://localhost:5177/:0
[25077192ms] [ERROR] Failed to load resource: net::ERR_CONNECTION_REFUSED @ http://localhost:5177/:0
[25078197ms] [ERROR] Failed to load resource: net::ERR_CONNECTION_REFUSED @ http://localhost:5177/:0
[25079205ms] [ERROR] Failed to load resource: net::ERR_CONNECTION_REFUSED @ http://localhost:5177/:0
[25080209ms] [ERROR] Failed to load resource: net::ERR_CONNECTION_REFUSED @ http://localhost:5177/:0
[25081212ms] [ERROR] Failed to load resource: net::ERR_CONNECTION_REFUSED @ http://localhost:5177/:0
[25082216ms] [ERROR] Failed to load resource: net::ERR_CONNECTION_REFUSED @ http://localhost:5177/:0
[25083222ms] [ERROR] Failed to load resource: net::ERR_CONNECTION_REFUSED @ http://localhost:5177/:0
[25084225ms] [ERROR] Failed to load resource: net::ERR_CONNECTION_REFUSED @ http://localhost:5177/:0
[25085230ms] [ERROR] Failed to load resource: net::ERR_CONNECTION_REFUSED @ http://localhost:5177/:0
[25086233ms] [ERROR] Failed to load resource: net::ERR_CONNECTION_REFUSED @ http://localhost:5177/:0
[25087239ms] [ERROR] Failed to load resource: net::ERR_CONNECTION_REFUSED @ http://localhost:5177/:0
[25088248ms] [ERROR] Failed to load resource: net::ERR_CONNECTION_REFUSED @ http://localhost:5177/:0
[25089254ms] [ERROR] Failed to load resource: net::ERR_CONNECTION_REFUSED @ http://localhost:5177/:0
[25090262ms] [ERROR] Failed to load resource: net::ERR_CONNECTION_REFUSED @ http://localhost:5177/:0
[25091273ms] [ERROR] Failed to load resource: net::ERR_CONNECTION_REFUSED @ http://localhost:5177/:0
[25092277ms] [ERROR] Failed to load resource: net::ERR_CONNECTION_REFUSED @ http://localhost:5177/:0
[25093282ms] [ERROR] Failed to load resource: net::ERR_CONNECTION_REFUSED @ http://localhost:5177/:0
[25094290ms] [ERROR] Failed to load resource: net::ERR_CONNECTION_REFUSED @ http://localhost:5177/:0
[25095295ms] [ERROR] Failed to load resource: net::ERR_CONNECTION_REFUSED @ http://localhost:5177/:0
[25096300ms] [ERROR] Failed to load resource: net::ERR_CONNECTION_REFUSED @ http://localhost:5177/:0
[25097306ms] [ERROR] Failed to load resource: net::ERR_CONNECTION_REFUSED @ http://localhost:5177/:0
[25098309ms] [ERROR] Failed to load resource: net::ERR_CONNECTION_REFUSED @ http://localhost:5177/:0
[25099314ms] [ERROR] Failed to load resource: net::ERR_CONNECTION_REFUSED @ http://localhost:5177/:0
[25100318ms] [ERROR] Failed to load resource: net::ERR_CONNECTION_REFUSED @ http://localhost:5177/:0
[25101323ms] [ERROR] Failed to load resource: net::ERR_CONNECTION_REFUSED @ http://localhost:5177/:0
[25102327ms] [ERROR] Failed to load resource: net::ERR_CONNECTION_REFUSED @ http://localhost:5177/:0
[25103332ms] [ERROR] Failed to load resource: net::ERR_CONNECTION_REFUSED @ http://localhost:5177/:0
[25104337ms] [ERROR] Failed to load resource: net::ERR_CONNECTION_REFUSED @ http://localhost:5177/:0
[25105345ms] [ERROR] Failed to load resource: net::ERR_CONNECTION_REFUSED @ http://localhost:5177/:0
[25106353ms] [ERROR] Failed to load resource: net::ERR_CONNECTION_REFUSED @ http://localhost:5177/:0
[25107359ms] [ERROR] Failed to load resource: net::ERR_CONNECTION_REFUSED @ http://localhost:5177/:0
[25108364ms] [ERROR] Failed to load resource: net::ERR_CONNECTION_REFUSED @ http://localhost:5177/:0
[25109370ms] [ERROR] Failed to load resource: net::ERR_CONNECTION_REFUSED @ http://localhost:5177/:0
[25110376ms] [ERROR] Failed to load resource: net::ERR_CONNECTION_REFUSED @ http://localhost:5177/:0
[25111381ms] [ERROR] Failed to load resource: net::ERR_CONNECTION_REFUSED @ http://localhost:5177/:0
[25112392ms] [ERROR] Failed to load resource: net::ERR_CONNECTION_REFUSED @ http://localhost:5177/:0
[25113396ms] [ERROR] Failed to load resource: net::ERR_CONNECTION_REFUSED @ http://localhost:5177/:0
[25114400ms] [ERROR] Failed to load resource: net::ERR_CONNECTION_REFUSED @ http://localhost:5177/:0
[25115407ms] [ERROR] Failed to load resource: net::ERR_CONNECTION_REFUSED @ http://localhost:5177/:0
[25116412ms] [ERROR] Failed to load resource: net::ERR_CONNECTION_REFUSED @ http://localhost:5177/:0
[25117417ms] [ERROR] Failed to load resource: net::ERR_CONNECTION_REFUSED @ http://localhost:5177/:0
[25118424ms] [ERROR] Failed to load resource: net::ERR_CONNECTION_REFUSED @ http://localhost:5177/:0
[25119429ms] [ERROR] Failed to load resource: net::ERR_CONNECTION_REFUSED @ http://localhost:5177/:0
[25120431ms] [ERROR] Failed to load resource: net::ERR_CONNECTION_REFUSED @ http://localhost:5177/:0
[25121440ms] [ERROR] Failed to load resource: net::ERR_CONNECTION_REFUSED @ http://localhost:5177/:0
[25122447ms] [ERROR] Failed to load resource: net::ERR_CONNECTION_REFUSED @ http://localhost:5177/:0
[25123450ms] [ERROR] Failed to load resource: net::ERR_CONNECTION_REFUSED @ http://localhost:5177/:0
[25124456ms] [ERROR] Failed to load resource: net::ERR_CONNECTION_REFUSED @ http://localhost:5177/:0
[25125458ms] [ERROR] Failed to load resource: net::ERR_CONNECTION_REFUSED @ http://localhost:5177/:0
[25126464ms] [ERROR] Failed to load resource: net::ERR_CONNECTION_REFUSED @ http://localhost:5177/:0
[25127472ms] [ERROR] Failed to load resource: net::ERR_CONNECTION_REFUSED @ http://localhost:5177/:0
[25128477ms] [ERROR] Failed to load resource: net::ERR_CONNECTION_REFUSED @ http://localhost:5177/:0
[25129479ms] [ERROR] Failed to load resource: net::ERR_CONNECTION_REFUSED @ http://localhost:5177/:0
[25130487ms] [ERROR] Failed to load resource: net::ERR_CONNECTION_REFUSED @ http://localhost:5177/:0
[25131499ms] [ERROR] Failed to load resource: net::ERR_CONNECTION_REFUSED @ http://localhost:5177/:0
[25132507ms] [ERROR] Failed to load resource: net::ERR_CONNECTION_REFUSED @ http://localhost:5177/:0
[25133515ms] [ERROR] Failed to load resource: net::ERR_CONNECTION_REFUSED @ http://localhost:5177/:0
[25134519ms] [ERROR] Failed to load resource: net::ERR_CONNECTION_REFUSED @ http://localhost:5177/:0
[25135529ms] [ERROR] Failed to load resource: net::ERR_CONNECTION_REFUSED @ http://localhost:5177/:0
[25136534ms] [ERROR] Failed to load resource: net::ERR_CONNECTION_REFUSED @ http://localhost:5177/:0
[25137540ms] [ERROR] Failed to load resource: net::ERR_CONNECTION_REFUSED @ http://localhost:5177/:0
[25138546ms] [ERROR] Failed to load resource: net::ERR_CONNECTION_REFUSED @ http://localhost:5177/:0
[25139552ms] [ERROR] Failed to load resource: net::ERR_CONNECTION_REFUSED @ http://localhost:5177/:0
[25140558ms] [ERROR] Failed to load resource: net::ERR_CONNECTION_REFUSED @ http://localhost:5177/:0
[25141565ms] [ERROR] Failed to load resource: net::ERR_CONNECTION_REFUSED @ http://localhost:5177/:0
[25142570ms] [ERROR] Failed to load resource: net::ERR_CONNECTION_REFUSED @ http://localhost:5177/:0
[25143576ms] [ERROR] Failed to load resource: net::ERR_CONNECTION_REFUSED @ http://localhost:5177/:0
[25144581ms] [ERROR] Failed to load resource: net::ERR_CONNECTION_REFUSED @ http://localhost:5177/:0
[25145591ms] [ERROR] Failed to load resource: net::ERR_CONNECTION_REFUSED @ http://localhost:5177/:0
[25146597ms] [ERROR] Failed to load resource: net::ERR_CONNECTION_REFUSED @ http://localhost:5177/:0
[25147601ms] [ERROR] Failed to load resource: net::ERR_CONNECTION_REFUSED @ http://localhost:5177/:0
[25148608ms] [ERROR] Failed to load resource: net::ERR_CONNECTION_REFUSED @ http://localhost:5177/:0
[25149616ms] [ERROR] Failed to load resource: net::ERR_CONNECTION_REFUSED @ http://localhost:5177/:0
[25150623ms] [ERROR] Failed to load resource: net::ERR_CONNECTION_REFUSED @ http://localhost:5177/:0
[25151629ms] [ERROR] Failed to load resource: net::ERR_CONNECTION_REFUSED @ http://localhost:5177/:0
[25152635ms] [ERROR] Failed to load resource: net::ERR_CONNECTION_REFUSED @ http://localhost:5177/:0
[25153640ms] [ERROR] Failed to load resource: net::ERR_CONNECTION_REFUSED @ http://localhost:5177/:0
[25154645ms] [ERROR] Failed to load resource: net::ERR_CONNECTION_REFUSED @ http://localhost:5177/:0
[25155654ms] [ERROR] Failed to load resource: net::ERR_CONNECTION_REFUSED @ http://localhost:5177/:0
[25156658ms] [ERROR] Failed to load resource: net::ERR_CONNECTION_REFUSED @ http://localhost:5177/:0
[25157662ms] [ERROR] Failed to load resource: net::ERR_CONNECTION_REFUSED @ http://localhost:5177/:0
[25158667ms] [ERROR] Failed to load resource: net::ERR_CONNECTION_REFUSED @ http://localhost:5177/:0
[25159674ms] [ERROR] Failed to load resource: net::ERR_CONNECTION_REFUSED @ http://localhost:5177/:0
[25160679ms] [ERROR] Failed to load resource: net::ERR_CONNECTION_REFUSED @ http://localhost:5177/:0
[25161684ms] [ERROR] Failed to load resource: net::ERR_CONNECTION_REFUSED @ http://localhost:5177/:0
[25162690ms] [ERROR] Failed to load resource: net::ERR_CONNECTION_REFUSED @ http://localhost:5177/:0
[25163695ms] [ERROR] Failed to load resource: net::ERR_CONNECTION_REFUSED @ http://localhost:5177/:0
[25164699ms] [ERROR] Failed to load resource: net::ERR_CONNECTION_REFUSED @ http://localhost:5177/:0
[25165708ms] [ERROR] Failed to load resource: net::ERR_CONNECTION_REFUSED @ http://localhost:5177/:0
[25166712ms] [ERROR] Failed to load resource: net::ERR_CONNECTION_REFUSED @ http://localhost:5177/:0
[25167719ms] [ERROR] Failed to load resource: net::ERR_CONNECTION_REFUSED @ http://localhost:5177/:0
[25168728ms] [ERROR] Failed to load resource: net::ERR_CONNECTION_REFUSED @ http://localhost:5177/:0
[25169732ms] [ERROR] Failed to load resource: net::ERR_CONNECTION_REFUSED @ http://localhost:5177/:0
[25170737ms] [ERROR] Failed to load resource: net::ERR_CONNECTION_REFUSED @ http://localhost:5177/:0
[25171747ms] [ERROR] Failed to load resource: net::ERR_CONNECTION_REFUSED @ http://localhost:5177/:0
[25172751ms] [ERROR] Failed to load resource: net::ERR_CONNECTION_REFUSED @ http://localhost:5177/:0
[25173755ms] [ERROR] Failed to load resource: net::ERR_CONNECTION_REFUSED @ http://localhost:5177/:0
[25174760ms] [ERROR] Failed to load resource: net::ERR_CONNECTION_REFUSED @ http://localhost:5177/:0
[25175765ms] [ERROR] Failed to load resource: net::ERR_CONNECTION_REFUSED @ http://localhost:5177/:0
[25176773ms] [ERROR] Failed to load resource: net::ERR_CONNECTION_REFUSED @ http://localhost:5177/:0
[25177782ms] [ERROR] Failed to load resource: net::ERR_CONNECTION_REFUSED @ http://localhost:5177/:0
[25178787ms] [ERROR] Failed to load resource: net::ERR_CONNECTION_REFUSED @ http://localhost:5177/:0
[25179792ms] [ERROR] Failed to load resource: net::ERR_CONNECTION_REFUSED @ http://localhost:5177/:0
[25180798ms] [ERROR] Failed to load resource: net::ERR_CONNECTION_REFUSED @ http://localhost:5177/:0
[25181803ms] [ERROR] Failed to load resource: net::ERR_CONNECTION_REFUSED @ http://localhost:5177/:0
[25182806ms] [ERROR] Failed to load resource: net::ERR_CONNECTION_REFUSED @ http://localhost:5177/:0
[25183815ms] [ERROR] Failed to load resource: net::ERR_CONNECTION_REFUSED @ http://localhost:5177/:0
[25184821ms] [ERROR] Failed to load resource: net::ERR_CONNECTION_REFUSED @ http://localhost:5177/:0
[25185828ms] [ERROR] Failed to load resource: net::ERR_CONNECTION_REFUSED @ http://localhost:5177/:0
[25186834ms] [ERROR] Failed to load resource: net::ERR_CONNECTION_REFUSED @ http://localhost:5177/:0
[25187839ms] [ERROR] Failed to load resource: net::ERR_CONNECTION_REFUSED @ http://localhost:5177/:0
[25188844ms] [ERROR] Failed to load resource: net::ERR_CONNECTION_REFUSED @ http://localhost:5177/:0
[25189847ms] [ERROR] Failed to load resource: net::ERR_CONNECTION_REFUSED @ http://localhost:5177/:0
[25190852ms] [ERROR] Failed to load resource: net::ERR_CONNECTION_REFUSED @ http://localhost:5177/:0
[25191859ms] [ERROR] Failed to load resource: net::ERR_CONNECTION_REFUSED @ http://localhost:5177/:0
[25192868ms] [ERROR] Failed to load resource: net::ERR_CONNECTION_REFUSED @ http://localhost:5177/:0
[25193871ms] [ERROR] Failed to load resource: net::ERR_CONNECTION_REFUSED @ http://localhost:5177/:0
[25194878ms] [ERROR] Failed to load resource: net::ERR_CONNECTION_REFUSED @ http://localhost:5177/:0
[25195882ms] [ERROR] Failed to load resource: net::ERR_CONNECTION_REFUSED @ http://localhost:5177/:0
[25196888ms] [ERROR] Failed to load resource: net::ERR_CONNECTION_REFUSED @ http://localhost:5177/:0
[25197893ms] [ERROR] Failed to load resource: net::ERR_CONNECTION_REFUSED @ http://localhost:5177/:0
[25198899ms] [ERROR] Failed to load resource: net::ERR_CONNECTION_REFUSED @ http://localhost:5177/:0
[25199909ms] [ERROR] Failed to load resource: net::ERR_CONNECTION_REFUSED @ http://localhost:5177/:0
[25200913ms] [ERROR] Failed to load resource: net::ERR_CONNECTION_REFUSED @ http://localhost:5177/:0
[25201918ms] [ERROR] Failed to load resource: net::ERR_CONNECTION_REFUSED @ http://localhost:5177/:0
[25202923ms] [ERROR] Failed to load resource: net::ERR_CONNECTION_REFUSED @ http://localhost:5177/:0
[25203928ms] [ERROR] Failed to load resource: net::ERR_CONNECTION_REFUSED @ http://localhost:5177/:0
[25204931ms] [ERROR] Failed to load resource: net::ERR_CONNECTION_REFUSED @ http://localhost:5177/:0
[25205935ms] [ERROR] Failed to load resource: net::ERR_CONNECTION_REFUSED @ http://localhost:5177/:0
[25206947ms] [ERROR] Failed to load resource: net::ERR_CONNECTION_REFUSED @ http://localhost:5177/:0
[25207950ms] [ERROR] Failed to load resource: net::ERR_CONNECTION_REFUSED @ http://localhost:5177/:0
[25208955ms] [ERROR] Failed to load resource: net::ERR_CONNECTION_REFUSED @ http://localhost:5177/:0
[25209962ms] [ERROR] Failed to load resource: net::ERR_CONNECTION_REFUSED @ http://localhost:5177/:0
[25210968ms] [ERROR] Failed to load resource: net::ERR_CONNECTION_REFUSED @ http://localhost:5177/:0
[25211971ms] [ERROR] Failed to load resource: net::ERR_CONNECTION_REFUSED @ http://localhost:5177/:0
[25212978ms] [ERROR] Failed to load resource: net::ERR_CONNECTION_REFUSED @ http://localhost:5177/:0
[25213983ms] [ERROR] Failed to load resource: net::ERR_CONNECTION_REFUSED @ http://localhost:5177/:0
[25214988ms] [ERROR] Failed to load resource: net::ERR_CONNECTION_REFUSED @ http://localhost:5177/:0
[25215996ms] [ERROR] Failed to load resource: net::ERR_CONNECTION_REFUSED @ http://localhost:5177/:0
[25217001ms] [ERROR] Failed to load resource: net::ERR_CONNECTION_REFUSED @ http://localhost:5177/:0
[25218008ms] [ERROR] Failed to load resource: net::ERR_CONNECTION_REFUSED @ http://localhost:5177/:0
[25219016ms] [ERROR] Failed to load resource: net::ERR_CONNECTION_REFUSED @ http://localhost:5177/:0
[25220018ms] [ERROR] Failed to load resource: net::ERR_CONNECTION_REFUSED @ http://localhost:5177/:0
[25221026ms] [ERROR] Failed to load resource: net::ERR_CONNECTION_REFUSED @ http://localhost:5177/:0
[25222032ms] [ERROR] Failed to load resource: net::ERR_CONNECTION_REFUSED @ http://localhost:5177/:0
[25223036ms] [ERROR] Failed to load resource: net::ERR_CONNECTION_REFUSED @ http://localhost:5177/:0
[25224041ms] [ERROR] Failed to load resource: net::ERR_CONNECTION_REFUSED @ http://localhost:5177/:0
[25225043ms] [ERROR] Failed to load resource: net::ERR_CONNECTION_REFUSED @ http://localhost:5177/:0
[25226047ms] [ERROR] Failed to load resource: net::ERR_CONNECTION_REFUSED @ http://localhost:5177/:0
[25227053ms] [ERROR] Failed to load resource: net::ERR_CONNECTION_REFUSED @ http://localhost:5177/:0
[25228058ms] [ERROR] Failed to load resource: net::ERR_CONNECTION_REFUSED @ http://localhost:5177/:0
[25229061ms] [ERROR] Failed to load resource: net::ERR_CONNECTION_REFUSED @ http://localhost:5177/:0
[25230066ms] [ERROR] Failed to load resource: net::ERR_CONNECTION_REFUSED @ http://localhost:5177/:0
[25231070ms] [ERROR] Failed to load resource: net::ERR_CONNECTION_REFUSED @ http://localhost:5177/:0
[25232077ms] [ERROR] Failed to load resource: net::ERR_CONNECTION_REFUSED @ http://localhost:5177/:0
[25233082ms] [ERROR] Failed to load resource: net::ERR_CONNECTION_REFUSED @ http://localhost:5177/:0
[25234089ms] [ERROR] Failed to load resource: net::ERR_CONNECTION_REFUSED @ http://localhost:5177/:0
[25235093ms] [ERROR] Failed to load resource: net::ERR_CONNECTION_REFUSED @ http://localhost:5177/:0
[25236097ms] [ERROR] Failed to load resource: net::ERR_CONNECTION_REFUSED @ http://localhost:5177/:0
[25237102ms] [ERROR] Failed to load resource: net::ERR_CONNECTION_REFUSED @ http://localhost:5177/:0
[25238111ms] [ERROR] Failed to load resource: net::ERR_CONNECTION_REFUSED @ http://localhost:5177/:0
[25239118ms] [ERROR] Failed to load resource: net::ERR_CONNECTION_REFUSED @ http://localhost:5177/:0
[25240124ms] [ERROR] Failed to load resource: net::ERR_CONNECTION_REFUSED @ http://localhost:5177/:0
[25241131ms] [ERROR] Failed to load resource: net::ERR_CONNECTION_REFUSED @ http://localhost:5177/:0
[25242139ms] [ERROR] Failed to load resource: net::ERR_CONNECTION_REFUSED @ http://localhost:5177/:0
[25243145ms] [ERROR] Failed to load resource: net::ERR_CONNECTION_REFUSED @ http://localhost:5177/:0
[25244148ms] [ERROR] Failed to load resource: net::ERR_CONNECTION_REFUSED @ http://localhost:5177/:0
[25245153ms] [ERROR] Failed to load resource: net::ERR_CONNECTION_REFUSED @ http://localhost:5177/:0
[25246159ms] [ERROR] Failed to load resource: net::ERR_CONNECTION_REFUSED @ http://localhost:5177/:0
[25247162ms] [ERROR] Failed to load resource: net::ERR_CONNECTION_REFUSED @ http://localhost:5177/:0
[25248166ms] [ERROR] Failed to load resource: net::ERR_CONNECTION_REFUSED @ http://localhost:5177/:0
[25249174ms] [ERROR] Failed to load resource: net::ERR_CONNECTION_REFUSED @ http://localhost:5177/:0
[25250179ms] [ERROR] Failed to load resource: net::ERR_CONNECTION_REFUSED @ http://localhost:5177/:0
[25251185ms] [ERROR] Failed to load resource: net::ERR_CONNECTION_REFUSED @ http://localhost:5177/:0
[25252193ms] [ERROR] Failed to load resource: net::ERR_CONNECTION_REFUSED @ http://localhost:5177/:0
[25253197ms] [ERROR] Failed to load resource: net::ERR_CONNECTION_REFUSED @ http://localhost:5177/:0
[25254200ms] [ERROR] Failed to load resource: net::ERR_CONNECTION_REFUSED @ http://localhost:5177/:0
[25255207ms] [ERROR] Failed to load resource: net::ERR_CONNECTION_REFUSED @ http://localhost:5177/:0
[25256212ms] [ERROR] Failed to load resource: net::ERR_CONNECTION_REFUSED @ http://localhost:5177/:0
[25257219ms] [ERROR] Failed to load resource: net::ERR_CONNECTION_REFUSED @ http://localhost:5177/:0
[25258224ms] [ERROR] Failed to load resource: net::ERR_CONNECTION_REFUSED @ http://localhost:5177/:0
[25259229ms] [ERROR] Failed to load resource: net::ERR_CONNECTION_REFUSED @ http://localhost:5177/:0
[25260232ms] [ERROR] Failed to load resource: net::ERR_CONNECTION_REFUSED @ http://localhost:5177/:0
[25261235ms] [ERROR] Failed to load resource: net::ERR_CONNECTION_REFUSED @ http://localhost:5177/:0
[25262237ms] [ERROR] Failed to load resource: net::ERR_CONNECTION_REFUSED @ http://localhost:5177/:0
[25263243ms] [ERROR] Failed to load resource: net::ERR_CONNECTION_REFUSED @ http://localhost:5177/:0
[25264249ms] [ERROR] Failed to load resource: net::ERR_CONNECTION_REFUSED @ http://localhost:5177/:0
[25265255ms] [ERROR] Failed to load resource: net::ERR_CONNECTION_REFUSED @ http://localhost:5177/:0
[25266261ms] [ERROR] Failed to load resource: net::ERR_CONNECTION_REFUSED @ http://localhost:5177/:0
[25267268ms] [ERROR] Failed to load resource: net::ERR_CONNECTION_REFUSED @ http://localhost:5177/:0
[25268274ms] [ERROR] Failed to load resource: net::ERR_CONNECTION_REFUSED @ http://localhost:5177/:0
[25269279ms] [ERROR] Failed to load resource: net::ERR_CONNECTION_REFUSED @ http://localhost:5177/:0
[25270285ms] [ERROR] Failed to load resource: net::ERR_CONNECTION_REFUSED @ http://localhost:5177/:0
[25271291ms] [ERROR] Failed to load resource: net::ERR_CONNECTION_REFUSED @ http://localhost:5177/:0
[25272293ms] [ERROR] Failed to load resource: net::ERR_CONNECTION_REFUSED @ http://localhost:5177/:0
[25273300ms] [ERROR] Failed to load resource: net::ERR_CONNECTION_REFUSED @ http://localhost:5177/:0
[25274307ms] [ERROR] Failed to load resource: net::ERR_CONNECTION_REFUSED @ http://localhost:5177/:0
[25275311ms] [ERROR] Failed to load resource: net::ERR_CONNECTION_REFUSED @ http://localhost:5177/:0
[25276315ms] [ERROR] Failed to load resource: net::ERR_CONNECTION_REFUSED @ http://localhost:5177/:0
[25277319ms] [ERROR] Failed to load resource: net::ERR_CONNECTION_REFUSED @ http://localhost:5177/:0
[25278325ms] [ERROR] Failed to load resource: net::ERR_CONNECTION_REFUSED @ http://localhost:5177/:0
[25279330ms] [ERROR] Failed to load resource: net::ERR_CONNECTION_REFUSED @ http://localhost:5177/:0
[25280333ms] [ERROR] Failed to load resource: net::ERR_CONNECTION_REFUSED @ http://localhost:5177/:0
[25281336ms] [ERROR] Failed to load resource: net::ERR_CONNECTION_REFUSED @ http://localhost:5177/:0
[25282339ms] [ERROR] Failed to load resource: net::ERR_CONNECTION_REFUSED @ http://localhost:5177/:0
[25283345ms] [ERROR] Failed to load resource: net::ERR_CONNECTION_REFUSED @ http://localhost:5177/:0
[25284350ms] [ERROR] Failed to load resource: net::ERR_CONNECTION_REFUSED @ http://localhost:5177/:0
[25285353ms] [ERROR] Failed to load resource: net::ERR_CONNECTION_REFUSED @ http://localhost:5177/:0
[25286360ms] [ERROR] Failed to load resource: net::ERR_CONNECTION_REFUSED @ http://localhost:5177/:0
[25287366ms] [ERROR] Failed to load resource: net::ERR_CONNECTION_REFUSED @ http://localhost:5177/:0
[25288371ms] [ERROR] Failed to load resource: net::ERR_CONNECTION_REFUSED @ http://localhost:5177/:0
[25289375ms] [ERROR] Failed to load resource: net::ERR_CONNECTION_REFUSED @ http://localhost:5177/:0
[25290380ms] [ERROR] Failed to load resource: net::ERR_CONNECTION_REFUSED @ http://localhost:5177/:0
[25291384ms] [ERROR] Failed to load resource: net::ERR_CONNECTION_REFUSED @ http://localhost:5177/:0
[25292392ms] [ERROR] Failed to load resource: net::ERR_CONNECTION_REFUSED @ http://localhost:5177/:0
[25293396ms] [ERROR] Failed to load resource: net::ERR_CONNECTION_REFUSED @ http://localhost:5177/:0
[25294402ms] [ERROR] Failed to load resource: net::ERR_CONNECTION_REFUSED @ http://localhost:5177/:0
[25295408ms] [ERROR] Failed to load resource: net::ERR_CONNECTION_REFUSED @ http://localhost:5177/:0
[25296413ms] [ERROR] Failed to load resource: net::ERR_CONNECTION_REFUSED @ http://localhost:5177/:0
[25297418ms] [ERROR] Failed to load resource: net::ERR_CONNECTION_REFUSED @ http://localhost:5177/:0
[25298426ms] [ERROR] Failed to load resource: net::ERR_CONNECTION_REFUSED @ http://localhost:5177/:0
[25299432ms] [ERROR] Failed to load resource: net::ERR_CONNECTION_REFUSED @ http://localhost:5177/:0
[25300437ms] [ERROR] Failed to load resource: net::ERR_CONNECTION_REFUSED @ http://localhost:5177/:0
[25301442ms] [ERROR] Failed to load resource: net::ERR_CONNECTION_REFUSED @ http://localhost:5177/:0
[25302446ms] [ERROR] Failed to load resource: net::ERR_CONNECTION_REFUSED @ http://localhost:5177/:0
[25303452ms] [ERROR] Failed to load resource: net::ERR_CONNECTION_REFUSED @ http://localhost:5177/:0
[25304457ms] [ERROR] Failed to load resource: net::ERR_CONNECTION_REFUSED @ http://localhost:5177/:0
[25305461ms] [ERROR] Failed to load resource: net::ERR_CONNECTION_REFUSED @ http://localhost:5177/:0
[25306466ms] [ERROR] Failed to load resource: net::ERR_CONNECTION_REFUSED @ http://localhost:5177/:0
[25307470ms] [ERROR] Failed to load resource: net::ERR_CONNECTION_REFUSED @ http://localhost:5177/:0
[25308473ms] [ERROR] Failed to load resource: net::ERR_CONNECTION_REFUSED @ http://localhost:5177/:0
[25309480ms] [ERROR] Failed to load resource: net::ERR_CONNECTION_REFUSED @ http://localhost:5177/:0
[25310486ms] [ERROR] Failed to load resource: net::ERR_CONNECTION_REFUSED @ http://localhost:5177/:0
[25311495ms] [ERROR] Failed to load resource: net::ERR_CONNECTION_REFUSED @ http://localhost:5177/:0
[25312500ms] [ERROR] Failed to load resource: net::ERR_CONNECTION_REFUSED @ http://localhost:5177/:0
[25313504ms] [ERROR] Failed to load resource: net::ERR_CONNECTION_REFUSED @ http://localhost:5177/:0
[25314508ms] [ERROR] Failed to load resource: net::ERR_CONNECTION_REFUSED @ http://localhost:5177/:0
[25315518ms] [ERROR] Failed to load resource: net::ERR_CONNECTION_REFUSED @ http://localhost:5177/:0
[25316521ms] [ERROR] Failed to load resource: net::ERR_CONNECTION_REFUSED @ http://localhost:5177/:0
[25317525ms] [ERROR] Failed to load resource: net::ERR_CONNECTION_REFUSED @ http://localhost:5177/:0
[25318530ms] [ERROR] Failed to load resource: net::ERR_CONNECTION_REFUSED @ http://localhost:5177/:0
[25319535ms] [ERROR] Failed to load resource: net::ERR_CONNECTION_REFUSED @ http://localhost:5177/:0
[25320542ms] [ERROR] Failed to load resource: net::ERR_CONNECTION_REFUSED @ http://localhost:5177/:0
[25321548ms] [ERROR] Failed to load resource: net::ERR_CONNECTION_REFUSED @ http://localhost:5177/:0
[25322551ms] [ERROR] Failed to load resource: net::ERR_CONNECTION_REFUSED @ http://localhost:5177/:0
[25323557ms] [ERROR] Failed to load resource: net::ERR_CONNECTION_REFUSED @ http://localhost:5177/:0
[25324563ms] [ERROR] Failed to load resource: net::ERR_CONNECTION_REFUSED @ http://localhost:5177/:0
[25325569ms] [ERROR] Failed to load resource: net::ERR_CONNECTION_REFUSED @ http://localhost:5177/:0
[25326575ms] [ERROR] Failed to load resource: net::ERR_CONNECTION_REFUSED @ http://localhost:5177/:0
[25327580ms] [ERROR] Failed to load resource: net::ERR_CONNECTION_REFUSED @ http://localhost:5177/:0
[25328583ms] [ERROR] Failed to load resource: net::ERR_CONNECTION_REFUSED @ http://localhost:5177/:0
[25329594ms] [ERROR] Failed to load resource: net::ERR_CONNECTION_REFUSED @ http://localhost:5177/:0
[25330598ms] [ERROR] Failed to load resource: net::ERR_CONNECTION_REFUSED @ http://localhost:5177/:0
[25331601ms] [ERROR] Failed to load resource: net::ERR_CONNECTION_REFUSED @ http://localhost:5177/:0
[25332610ms] [ERROR] Failed to load resource: net::ERR_CONNECTION_REFUSED @ http://localhost:5177/:0
[25333614ms] [ERROR] Failed to load resource: net::ERR_CONNECTION_REFUSED @ http://localhost:5177/:0
[25334619ms] [ERROR] Failed to load resource: net::ERR_CONNECTION_REFUSED @ http://localhost:5177/:0
[25335630ms] [ERROR] Failed to load resource: net::ERR_CONNECTION_REFUSED @ http://localhost:5177/:0
[25336636ms] [ERROR] Failed to load resource: net::ERR_CONNECTION_REFUSED @ http://localhost:5177/:0
[25337644ms] [ERROR] Failed to load resource: net::ERR_CONNECTION_REFUSED @ http://localhost:5177/:0
[25338648ms] [ERROR] Failed to load resource: net::ERR_CONNECTION_REFUSED @ http://localhost:5177/:0
[25339653ms] [ERROR] Failed to load resource: net::ERR_CONNECTION_REFUSED @ http://localhost:5177/:0
[25340655ms] [ERROR] Failed to load resource: net::ERR_CONNECTION_REFUSED @ http://localhost:5177/:0
[25341661ms] [ERROR] Failed to load resource: net::ERR_CONNECTION_REFUSED @ http://localhost:5177/:0
[25342666ms] [ERROR] Failed to load resource: net::ERR_CONNECTION_REFUSED @ http://localhost:5177/:0
[25343669ms] [ERROR] Failed to load resource: net::ERR_CONNECTION_REFUSED @ http://localhost:5177/:0
[25344676ms] [ERROR] Failed to load resource: net::ERR_CONNECTION_REFUSED @ http://localhost:5177/:0
[25345681ms] [ERROR] Failed to load resource: net::ERR_CONNECTION_REFUSED @ http://localhost:5177/:0
[25346692ms] [ERROR] Failed to load resource: net::ERR_CONNECTION_REFUSED @ http://localhost:5177/:0
[25347697ms] [ERROR] Failed to load resource: net::ERR_CONNECTION_REFUSED @ http://localhost:5177/:0
[25348702ms] [ERROR] Failed to load resource: net::ERR_CONNECTION_REFUSED @ http://localhost:5177/:0
[25349714ms] [ERROR] Failed to load resource: net::ERR_CONNECTION_REFUSED @ http://localhost:5177/:0
[25350718ms] [ERROR] Failed to load resource: net::ERR_CONNECTION_REFUSED @ http://localhost:5177/:0
[25351727ms] [ERROR] Failed to load resource: net::ERR_CONNECTION_REFUSED @ http://localhost:5177/:0
[25352731ms] [ERROR] Failed to load resource: net::ERR_CONNECTION_REFUSED @ http://localhost:5177/:0
[25353738ms] [ERROR] Failed to load resource: net::ERR_CONNECTION_REFUSED @ http://localhost:5177/:0
[25354749ms] [ERROR] Failed to load resource: net::ERR_CONNECTION_REFUSED @ http://localhost:5177/:0
[25355755ms] [ERROR] Failed to load resource: net::ERR_CONNECTION_REFUSED @ http://localhost:5177/:0
[25356759ms] [ERROR] Failed to load resource: net::ERR_CONNECTION_REFUSED @ http://localhost:5177/:0
[25357764ms] [ERROR] Failed to load resource: net::ERR_CONNECTION_REFUSED @ http://localhost:5177/:0
[25358768ms] [ERROR] Failed to load resource: net::ERR_CONNECTION_REFUSED @ http://localhost:5177/:0
[25359777ms] [ERROR] Failed to load resource: net::ERR_CONNECTION_REFUSED @ http://localhost:5177/:0
[25360782ms] [ERROR] Failed to load resource: net::ERR_CONNECTION_REFUSED @ http://localhost:5177/:0
[25361785ms] [ERROR] Failed to load resource: net::ERR_CONNECTION_REFUSED @ http://localhost:5177/:0
[25362788ms] [ERROR] Failed to load resource: net::ERR_CONNECTION_REFUSED @ http://localhost:5177/:0
[25363796ms] [ERROR] Failed to load resource: net::ERR_CONNECTION_REFUSED @ http://localhost:5177/:0
[25364802ms] [ERROR] Failed to load resource: net::ERR_CONNECTION_REFUSED @ http://localhost:5177/:0
[25365811ms] [ERROR] Failed to load resource: net::ERR_CONNECTION_REFUSED @ http://localhost:5177/:0
[25366815ms] [ERROR] Failed to load resource: net::ERR_CONNECTION_REFUSED @ http://localhost:5177/:0
[25367822ms] [ERROR] Failed to load resource: net::ERR_CONNECTION_REFUSED @ http://localhost:5177/:0
[25368833ms] [ERROR] Failed to load resource: net::ERR_CONNECTION_REFUSED @ http://localhost:5177/:0
[25369838ms] [ERROR] Failed to load resource: net::ERR_CONNECTION_REFUSED @ http://localhost:5177/:0
[25370844ms] [ERROR] Failed to load resource: net::ERR_CONNECTION_REFUSED @ http://localhost:5177/:0
[25371850ms] [ERROR] Failed to load resource: net::ERR_CONNECTION_REFUSED @ http://localhost:5177/:0
[25372854ms] [ERROR] Failed to load resource: net::ERR_CONNECTION_REFUSED @ http://localhost:5177/:0
[25373860ms] [ERROR] Failed to load resource: net::ERR_CONNECTION_REFUSED @ http://localhost:5177/:0
[25374863ms] [ERROR] Failed to load resource: net::ERR_CONNECTION_REFUSED @ http://localhost:5177/:0
[25375868ms] [ERROR] Failed to load resource: net::ERR_CONNECTION_REFUSED @ http://localhost:5177/:0
[25376876ms] [ERROR] Failed to load resource: net::ERR_CONNECTION_REFUSED @ http://localhost:5177/:0
[25377881ms] [ERROR] Failed to load resource: net::ERR_CONNECTION_REFUSED @ http://localhost:5177/:0
[25378886ms] [ERROR] Failed to load resource: net::ERR_CONNECTION_REFUSED @ http://localhost:5177/:0
[25379893ms] [ERROR] Failed to load resource: net::ERR_CONNECTION_REFUSED @ http://localhost:5177/:0
[25380898ms] [ERROR] Failed to load resource: net::ERR_CONNECTION_REFUSED @ http://localhost:5177/:0
[25381903ms] [ERROR] Failed to load resource: net::ERR_CONNECTION_REFUSED @ http://localhost:5177/:0
[25382906ms] [ERROR] Failed to load resource: net::ERR_CONNECTION_REFUSED @ http://localhost:5177/:0
[25383912ms] [ERROR] Failed to load resource: net::ERR_CONNECTION_REFUSED @ http://localhost:5177/:0
[25384916ms] [ERROR] Failed to load resource: net::ERR_CONNECTION_REFUSED @ http://localhost:5177/:0
[25385921ms] [ERROR] Failed to load resource: net::ERR_CONNECTION_REFUSED @ http://localhost:5177/:0
[25386926ms] [ERROR] Failed to load resource: net::ERR_CONNECTION_REFUSED @ http://localhost:5177/:0
[25387933ms] [ERROR] Failed to load resource: net::ERR_CONNECTION_REFUSED @ http://localhost:5177/:0
[25388941ms] [ERROR] Failed to load resource: net::ERR_CONNECTION_REFUSED @ http://localhost:5177/:0
[25389948ms] [ERROR] Failed to load resource: net::ERR_CONNECTION_REFUSED @ http://localhost:5177/:0
[25390952ms] [ERROR] Failed to load resource: net::ERR_CONNECTION_REFUSED @ http://localhost:5177/:0
[25391956ms] [ERROR] Failed to load resource: net::ERR_CONNECTION_REFUSED @ http://localhost:5177/:0
[25392965ms] [ERROR] Failed to load resource: net::ERR_CONNECTION_REFUSED @ http://localhost:5177/:0
[25393969ms] [ERROR] Failed to load resource: net::ERR_CONNECTION_REFUSED @ http://localhost:5177/:0
[25394979ms] [ERROR] Failed to load resource: net::ERR_CONNECTION_REFUSED @ http://localhost:5177/:0
[25395985ms] [ERROR] Failed to load resource: net::ERR_CONNECTION_REFUSED @ http://localhost:5177/:0
[25396987ms] [ERROR] Failed to load resource: net::ERR_CONNECTION_REFUSED @ http://localhost:5177/:0
[25397991ms] [ERROR] Failed to load resource: net::ERR_CONNECTION_REFUSED @ http://localhost:5177/:0
[25398995ms] [ERROR] Failed to load resource: net::ERR_CONNECTION_REFUSED @ http://localhost:5177/:0
[25400002ms] [ERROR] Failed to load resource: net::ERR_CONNECTION_REFUSED @ http://localhost:5177/:0
[25401014ms] [ERROR] Failed to load resource: net::ERR_CONNECTION_REFUSED @ http://localhost:5177/:0
[25402019ms] [ERROR] Failed to load resource: net::ERR_CONNECTION_REFUSED @ http://localhost:5177/:0
[25403025ms] [ERROR] Failed to load resource: net::ERR_CONNECTION_REFUSED @ http://localhost:5177/:0
[25404028ms] [ERROR] Failed to load resource: net::ERR_CONNECTION_REFUSED @ http://localhost:5177/:0
[25405033ms] [ERROR] Failed to load resource: net::ERR_CONNECTION_REFUSED @ http://localhost:5177/:0
[25406037ms] [ERROR] Failed to load resource: net::ERR_CONNECTION_REFUSED @ http://localhost:5177/:0
[25407043ms] [ERROR] Failed to load resource: net::ERR_CONNECTION_REFUSED @ http://localhost:5177/:0
[25408049ms] [ERROR] Failed to load resource: net::ERR_CONNECTION_REFUSED @ http://localhost:5177/:0
[25409053ms] [ERROR] Failed to load resource: net::ERR_CONNECTION_REFUSED @ http://localhost:5177/:0
[25410057ms] [ERROR] Failed to load resource: net::ERR_CONNECTION_REFUSED @ http://localhost:5177/:0
[25411063ms] [ERROR] Failed to load resource: net::ERR_CONNECTION_REFUSED @ http://localhost:5177/:0
[25412069ms] [ERROR] Failed to load resource: net::ERR_CONNECTION_REFUSED @ http://localhost:5177/:0
[25413074ms] [ERROR] Failed to load resource: net::ERR_CONNECTION_REFUSED @ http://localhost:5177/:0
[25414078ms] [ERROR] Failed to load resource: net::ERR_CONNECTION_REFUSED @ http://localhost:5177/:0
[25415088ms] [ERROR] Failed to load resource: net::ERR_CONNECTION_REFUSED @ http://localhost:5177/:0
[25416092ms] [ERROR] Failed to load resource: net::ERR_CONNECTION_REFUSED @ http://localhost:5177/:0
[25417101ms] [ERROR] Failed to load resource: net::ERR_CONNECTION_REFUSED @ http://localhost:5177/:0
[25418104ms] [ERROR] Failed to load resource: net::ERR_CONNECTION_REFUSED @ http://localhost:5177/:0
[25419111ms] [ERROR] Failed to load resource: net::ERR_CONNECTION_REFUSED @ http://localhost:5177/:0
[25420117ms] [ERROR] Failed to load resource: net::ERR_CONNECTION_REFUSED @ http://localhost:5177/:0
[25421120ms] [ERROR] Failed to load resource: net::ERR_CONNECTION_REFUSED @ http://localhost:5177/:0
[25422122ms] [ERROR] Failed to load resource: net::ERR_CONNECTION_REFUSED @ http://localhost:5177/:0
[25423125ms] [ERROR] Failed to load resource: net::ERR_CONNECTION_REFUSED @ http://localhost:5177/:0
[25424129ms] [ERROR] Failed to load resource: net::ERR_CONNECTION_REFUSED @ http://localhost:5177/:0
[25425134ms] [ERROR] Failed to load resource: net::ERR_CONNECTION_REFUSED @ http://localhost:5177/:0
[25426137ms] [ERROR] Failed to load resource: net::ERR_CONNECTION_REFUSED @ http://localhost:5177/:0
[25427144ms] [ERROR] Failed to load resource: net::ERR_CONNECTION_REFUSED @ http://localhost:5177/:0
[25428149ms] [ERROR] Failed to load resource: net::ERR_CONNECTION_REFUSED @ http://localhost:5177/:0
[25429154ms] [ERROR] Failed to load resource: net::ERR_CONNECTION_REFUSED @ http://localhost:5177/:0
[25430156ms] [ERROR] Failed to load resource: net::ERR_CONNECTION_REFUSED @ http://localhost:5177/:0
[25431162ms] [ERROR] Failed to load resource: net::ERR_CONNECTION_REFUSED @ http://localhost:5177/:0
[25432169ms] [ERROR] Failed to load resource: net::ERR_CONNECTION_REFUSED @ http://localhost:5177/:0
[25433174ms] [ERROR] Failed to load resource: net::ERR_CONNECTION_REFUSED @ http://localhost:5177/:0
[25434185ms] [ERROR] Failed to load resource: net::ERR_CONNECTION_REFUSED @ http://localhost:5177/:0
[25435191ms] [ERROR] Failed to load resource: net::ERR_CONNECTION_REFUSED @ http://localhost:5177/:0
[25436198ms] [ERROR] Failed to load resource: net::ERR_CONNECTION_REFUSED @ http://localhost:5177/:0
[25437202ms] [ERROR] Failed to load resource: net::ERR_CONNECTION_REFUSED @ http://localhost:5177/:0
[25438208ms] [ERROR] Failed to load resource: net::ERR_CONNECTION_REFUSED @ http://localhost:5177/:0
[25439219ms] [ERROR] Failed to load resource: net::ERR_CONNECTION_REFUSED @ http://localhost:5177/:0
[25440225ms] [ERROR] Failed to load resource: net::ERR_CONNECTION_REFUSED @ http://localhost:5177/:0
[25441229ms] [ERROR] Failed to load resource: net::ERR_CONNECTION_REFUSED @ http://localhost:5177/:0
[25442233ms] [ERROR] Failed to load resource: net::ERR_CONNECTION_REFUSED @ http://localhost:5177/:0
[25443239ms] [ERROR] Failed to load resource: net::ERR_CONNECTION_REFUSED @ http://localhost:5177/:0
[25444248ms] [ERROR] Failed to load resource: net::ERR_CONNECTION_REFUSED @ http://localhost:5177/:0
[25445252ms] [ERROR] Failed to load resource: net::ERR_CONNECTION_REFUSED @ http://localhost:5177/:0
[25446260ms] [ERROR] Failed to load resource: net::ERR_CONNECTION_REFUSED @ http://localhost:5177/:0
[25447264ms] [ERROR] Failed to load resource: net::ERR_CONNECTION_REFUSED @ http://localhost:5177/:0
[25448269ms] [ERROR] Failed to load resource: net::ERR_CONNECTION_REFUSED @ http://localhost:5177/:0
[25449276ms] [ERROR] Failed to load resource: net::ERR_CONNECTION_REFUSED @ http://localhost:5177/:0
[25450287ms] [ERROR] Failed to load resource: net::ERR_CONNECTION_REFUSED @ http://localhost:5177/:0
[25451299ms] [ERROR] Failed to load resource: net::ERR_CONNECTION_REFUSED @ http://localhost:5177/:0
[25452304ms] [ERROR] Failed to load resource: net::ERR_CONNECTION_REFUSED @ http://localhost:5177/:0
[25453311ms] [ERROR] Failed to load resource: net::ERR_CONNECTION_REFUSED @ http://localhost:5177/:0
[25454315ms] [ERROR] Failed to load resource: net::ERR_CONNECTION_REFUSED @ http://localhost:5177/:0
[25455322ms] [ERROR] Failed to load resource: net::ERR_CONNECTION_REFUSED @ http://localhost:5177/:0
[25456327ms] [ERROR] Failed to load resource: net::ERR_CONNECTION_REFUSED @ http://localhost:5177/:0
[25457331ms] [ERROR] Failed to load resource: net::ERR_CONNECTION_REFUSED @ http://localhost:5177/:0
[25458336ms] [ERROR] Failed to load resource: net::ERR_CONNECTION_REFUSED @ http://localhost:5177/:0
[25459339ms] [ERROR] Failed to load resource: net::ERR_CONNECTION_REFUSED @ http://localhost:5177/:0
[25460353ms] [ERROR] Failed to load resource: net::ERR_CONNECTION_REFUSED @ http://localhost:5177/:0
[25461361ms] [ERROR] Failed to load resource: net::ERR_CONNECTION_REFUSED @ http://localhost:5177/:0
[25462366ms] [ERROR] Failed to load resource: net::ERR_CONNECTION_REFUSED @ http://localhost:5177/:0
[25463369ms] [ERROR] Failed to load resource: net::ERR_CONNECTION_REFUSED @ http://localhost:5177/:0
[25464374ms] [ERROR] Failed to load resource: net::ERR_CONNECTION_REFUSED @ http://localhost:5177/:0
[25465377ms] [ERROR] Failed to load resource: net::ERR_CONNECTION_REFUSED @ http://localhost:5177/:0
[25466380ms] [ERROR] Failed to load resource: net::ERR_CONNECTION_REFUSED @ http://localhost:5177/:0
[25467388ms] [ERROR] Failed to load resource: net::ERR_CONNECTION_REFUSED @ http://localhost:5177/:0
[25468395ms] [ERROR] Failed to load resource: net::ERR_CONNECTION_REFUSED @ http://localhost:5177/:0
[25469401ms] [ERROR] Failed to load resource: net::ERR_CONNECTION_REFUSED @ http://localhost:5177/:0
[25470408ms] [ERROR] Failed to load resource: net::ERR_CONNECTION_REFUSED @ http://localhost:5177/:0
[25471416ms] [ERROR] Failed to load resource: net::ERR_CONNECTION_REFUSED @ http://localhost:5177/:0
[25472421ms] [ERROR] Failed to load resource: net::ERR_CONNECTION_REFUSED @ http://localhost:5177/:0
[25473427ms] [ERROR] Failed to load resource: net::ERR_CONNECTION_REFUSED @ http://localhost:5177/:0
[25474432ms] [ERROR] Failed to load resource: net::ERR_CONNECTION_REFUSED @ http://localhost:5177/:0
[25475439ms] [ERROR] Failed to load resource: net::ERR_CONNECTION_REFUSED @ http://localhost:5177/:0
[25476448ms] [ERROR] Failed to load resource: net::ERR_CONNECTION_REFUSED @ http://localhost:5177/:0
[25477454ms] [ERROR] Failed to load resource: net::ERR_CONNECTION_REFUSED @ http://localhost:5177/:0
[25478463ms] [ERROR] Failed to load resource: net::ERR_CONNECTION_REFUSED @ http://localhost:5177/:0
[25479471ms] [ERROR] Failed to load resource: net::ERR_CONNECTION_REFUSED @ http://localhost:5177/:0
[25480475ms] [ERROR] Failed to load resource: net::ERR_CONNECTION_REFUSED @ http://localhost:5177/:0
[25481481ms] [ERROR] Failed to load resource: net::ERR_CONNECTION_REFUSED @ http://localhost:5177/:0
[25482488ms] [ERROR] Failed to load resource: net::ERR_CONNECTION_REFUSED @ http://localhost:5177/:0
[25483495ms] [ERROR] Failed to load resource: net::ERR_CONNECTION_REFUSED @ http://localhost:5177/:0
[25484501ms] [ERROR] Failed to load resource: net::ERR_CONNECTION_REFUSED @ http://localhost:5177/:0
[25485504ms] [ERROR] Failed to load resource: net::ERR_CONNECTION_REFUSED @ http://localhost:5177/:0
[25486510ms] [ERROR] Failed to load resource: net::ERR_CONNECTION_REFUSED @ http://localhost:5177/:0
[25487513ms] [ERROR] Failed to load resource: net::ERR_CONNECTION_REFUSED @ http://localhost:5177/:0
[25488516ms] [ERROR] Failed to load resource: net::ERR_CONNECTION_REFUSED @ http://localhost:5177/:0
[25489521ms] [ERROR] Failed to load resource: net::ERR_CONNECTION_REFUSED @ http://localhost:5177/:0
[25490532ms] [ERROR] Failed to load resource: net::ERR_CONNECTION_REFUSED @ http://localhost:5177/:0
[25491535ms] [ERROR] Failed to load resource: net::ERR_CONNECTION_REFUSED @ http://localhost:5177/:0
[25492539ms] [ERROR] Failed to load resource: net::ERR_CONNECTION_REFUSED @ http://localhost:5177/:0
[25493545ms] [ERROR] Failed to load resource: net::ERR_CONNECTION_REFUSED @ http://localhost:5177/:0
[25494554ms] [ERROR] Failed to load resource: net::ERR_CONNECTION_REFUSED @ http://localhost:5177/:0
[25495566ms] [ERROR] Failed to load resource: net::ERR_CONNECTION_REFUSED @ http://localhost:5177/:0
[25496571ms] [ERROR] Failed to load resource: net::ERR_CONNECTION_REFUSED @ http://localhost:5177/:0
[25497579ms] [ERROR] Failed to load resource: net::ERR_CONNECTION_REFUSED @ http://localhost:5177/:0
[25498583ms] [ERROR] Failed to load resource: net::ERR_CONNECTION_REFUSED @ http://localhost:5177/:0
[25499588ms] [ERROR] Failed to load resource: net::ERR_CONNECTION_REFUSED @ http://localhost:5177/:0
[25500595ms] [ERROR] Failed to load resource: net::ERR_CONNECTION_REFUSED @ http://localhost:5177/:0
[25501599ms] [ERROR] Failed to load resource: net::ERR_CONNECTION_REFUSED @ http://localhost:5177/:0
[25502603ms] [ERROR] Failed to load resource: net::ERR_CONNECTION_REFUSED @ http://localhost:5177/:0
[25503607ms] [ERROR] Failed to load resource: net::ERR_CONNECTION_REFUSED @ http://localhost:5177/:0
[25504614ms] [ERROR] Failed to load resource: net::ERR_CONNECTION_REFUSED @ http://localhost:5177/:0
[25505619ms] [ERROR] Failed to load resource: net::ERR_CONNECTION_REFUSED @ http://localhost:5177/:0
[25506624ms] [ERROR] Failed to load resource: net::ERR_CONNECTION_REFUSED @ http://localhost:5177/:0
[25507631ms] [ERROR] Failed to load resource: net::ERR_CONNECTION_REFUSED @ http://localhost:5177/:0
[25508636ms] [ERROR] Failed to load resource: net::ERR_CONNECTION_REFUSED @ http://localhost:5177/:0
[25509641ms] [ERROR] Failed to load resource: net::ERR_CONNECTION_REFUSED @ http://localhost:5177/:0
[25510647ms] [ERROR] Failed to load resource: net::ERR_CONNECTION_REFUSED @ http://localhost:5177/:0
[25511650ms] [ERROR] Failed to load resource: net::ERR_CONNECTION_REFUSED @ http://localhost:5177/:0
[25512656ms] [ERROR] Failed to load resource: net::ERR_CONNECTION_REFUSED @ http://localhost:5177/:0
[25513660ms] [ERROR] Failed to load resource: net::ERR_CONNECTION_REFUSED @ http://localhost:5177/:0
[25514699ms] [ERROR] Failed to load resource: net::ERR_CONNECTION_REFUSED @ http://localhost:5177/:0
[25515707ms] [ERROR] Failed to load resource: net::ERR_CONNECTION_REFUSED @ http://localhost:5177/:0
[25516718ms] [ERROR] Failed to load resource: net::ERR_CONNECTION_REFUSED @ http://localhost:5177/:0
[25517724ms] [ERROR] Failed to load resource: net::ERR_CONNECTION_REFUSED @ http://localhost:5177/:0
[25518729ms] [ERROR] Failed to load resource: net::ERR_CONNECTION_REFUSED @ http://localhost:5177/:0
[25519735ms] [ERROR] Failed to load resource: net::ERR_CONNECTION_REFUSED @ http://localhost:5177/:0
[25520740ms] [ERROR] Failed to load resource: net::ERR_CONNECTION_REFUSED @ http://localhost:5177/:0
[25521745ms] [ERROR] Failed to load resource: net::ERR_CONNECTION_REFUSED @ http://localhost:5177/:0
[25522748ms] [ERROR] Failed to load resource: net::ERR_CONNECTION_REFUSED @ http://localhost:5177/:0
[25523753ms] [ERROR] Failed to load resource: net::ERR_CONNECTION_REFUSED @ http://localhost:5177/:0
[25524757ms] [ERROR] Failed to load resource: net::ERR_CONNECTION_REFUSED @ http://localhost:5177/:0
[25525762ms] [ERROR] Failed to load resource: net::ERR_CONNECTION_REFUSED @ http://localhost:5177/:0
[25526767ms] [ERROR] Failed to load resource: net::ERR_CONNECTION_REFUSED @ http://localhost:5177/:0
[25527771ms] [ERROR] Failed to load resource: net::ERR_CONNECTION_REFUSED @ http://localhost:5177/:0
[25528775ms] [ERROR] Failed to load resource: net::ERR_CONNECTION_REFUSED @ http://localhost:5177/:0
[25529779ms] [ERROR] Failed to load resource: net::ERR_CONNECTION_REFUSED @ http://localhost:5177/:0
[25530786ms] [ERROR] Failed to load resource: net::ERR_CONNECTION_REFUSED @ http://localhost:5177/:0
[25531793ms] [ERROR] Failed to load resource: net::ERR_CONNECTION_REFUSED @ http://localhost:5177/:0
[25532797ms] [ERROR] Failed to load resource: net::ERR_CONNECTION_REFUSED @ http://localhost:5177/:0
[25533806ms] [ERROR] Failed to load resource: net::ERR_CONNECTION_REFUSED @ http://localhost:5177/:0
[25534810ms] [ERROR] Failed to load resource: net::ERR_CONNECTION_REFUSED @ http://localhost:5177/:0
[25535813ms] [ERROR] Failed to load resource: net::ERR_CONNECTION_REFUSED @ http://localhost:5177/:0
[25536816ms] [ERROR] Failed to load resource: net::ERR_CONNECTION_REFUSED @ http://localhost:5177/:0
[25537820ms] [ERROR] Failed to load resource: net::ERR_CONNECTION_REFUSED @ http://localhost:5177/:0
[25538826ms] [ERROR] Failed to load resource: net::ERR_CONNECTION_REFUSED @ http://localhost:5177/:0
[25539833ms] [ERROR] Failed to load resource: net::ERR_CONNECTION_REFUSED @ http://localhost:5177/:0
[25540838ms] [ERROR] Failed to load resource: net::ERR_CONNECTION_REFUSED @ http://localhost:5177/:0
[25541841ms] [ERROR] Failed to load resource: net::ERR_CONNECTION_REFUSED @ http://localhost:5177/:0
[25542849ms] [ERROR] Failed to load resource: net::ERR_CONNECTION_REFUSED @ http://localhost:5177/:0
[25543854ms] [ERROR] Failed to load resource: net::ERR_CONNECTION_REFUSED @ http://localhost:5177/:0
[25544858ms] [ERROR] Failed to load resource: net::ERR_CONNECTION_REFUSED @ http://localhost:5177/:0
[25545866ms] [ERROR] Failed to load resource: net::ERR_CONNECTION_REFUSED @ http://localhost:5177/:0
[25546873ms] [ERROR] Failed to load resource: net::ERR_CONNECTION_REFUSED @ http://localhost:5177/:0
[25547878ms] [ERROR] Failed to load resource: net::ERR_CONNECTION_REFUSED @ http://localhost:5177/:0
[25548880ms] [ERROR] Failed to load resource: net::ERR_CONNECTION_REFUSED @ http://localhost:5177/:0
[25549883ms] [ERROR] Failed to load resource: net::ERR_CONNECTION_REFUSED @ http://localhost:5177/:0
[25550888ms] [ERROR] Failed to load resource: net::ERR_CONNECTION_REFUSED @ http://localhost:5177/:0
[25551897ms] [ERROR] Failed to load resource: net::ERR_CONNECTION_REFUSED @ http://localhost:5177/:0
[25552902ms] [ERROR] Failed to load resource: net::ERR_CONNECTION_REFUSED @ http://localhost:5177/:0
[25553907ms] [ERROR] Failed to load resource: net::ERR_CONNECTION_REFUSED @ http://localhost:5177/:0
[25554914ms] [ERROR] Failed to load resource: net::ERR_CONNECTION_REFUSED @ http://localhost:5177/:0
[25555920ms] [ERROR] Failed to load resource: net::ERR_CONNECTION_REFUSED @ http://localhost:5177/:0
[25556925ms] [ERROR] Failed to load resource: net::ERR_CONNECTION_REFUSED @ http://localhost:5177/:0
[25557931ms] [ERROR] Failed to load resource: net::ERR_CONNECTION_REFUSED @ http://localhost:5177/:0
[25558940ms] [ERROR] Failed to load resource: net::ERR_CONNECTION_REFUSED @ http://localhost:5177/:0
[25559946ms] [ERROR] Failed to load resource: net::ERR_CONNECTION_REFUSED @ http://localhost:5177/:0
[25560951ms] [ERROR] Failed to load resource: net::ERR_CONNECTION_REFUSED @ http://localhost:5177/:0
[25561957ms] [ERROR] Failed to load resource: net::ERR_CONNECTION_REFUSED @ http://localhost:5177/:0
[25562963ms] [ERROR] Failed to load resource: net::ERR_CONNECTION_REFUSED @ http://localhost:5177/:0
[25563971ms] [ERROR] Failed to load resource: net::ERR_CONNECTION_REFUSED @ http://localhost:5177/:0
[25564979ms] [ERROR] Failed to load resource: net::ERR_CONNECTION_REFUSED @ http://localhost:5177/:0
[25565985ms] [ERROR] Failed to load resource: net::ERR_CONNECTION_REFUSED @ http://localhost:5177/:0
[25566990ms] [ERROR] Failed to load resource: net::ERR_CONNECTION_REFUSED @ http://localhost:5177/:0
[25568002ms] [ERROR] Failed to load resource: net::ERR_CONNECTION_REFUSED @ http://localhost:5177/:0
[25569006ms] [ERROR] Failed to load resource: net::ERR_CONNECTION_REFUSED @ http://localhost:5177/:0
[25570025ms] [ERROR] Failed to load resource: net::ERR_CONNECTION_REFUSED @ http://localhost:5177/:0
[25571030ms] [ERROR] Failed to load resource: net::ERR_CONNECTION_REFUSED @ http://localhost:5177/:0
[25572035ms] [ERROR] Failed to load resource: net::ERR_CONNECTION_REFUSED @ http://localhost:5177/:0
[25573041ms] [ERROR] Failed to load resource: net::ERR_CONNECTION_REFUSED @ http://localhost:5177/:0
[25574045ms] [ERROR] Failed to load resource: net::ERR_CONNECTION_REFUSED @ http://localhost:5177/:0
[25575053ms] [ERROR] Failed to load resource: net::ERR_CONNECTION_REFUSED @ http://localhost:5177/:0
[25576059ms] [ERROR] Failed to load resource: net::ERR_CONNECTION_REFUSED @ http://localhost:5177/:0
[25577071ms] [ERROR] Failed to load resource: net::ERR_CONNECTION_REFUSED @ http://localhost:5177/:0
[25578075ms] [ERROR] Failed to load resource: net::ERR_CONNECTION_REFUSED @ http://localhost:5177/:0
[25579079ms] [ERROR] Failed to load resource: net::ERR_CONNECTION_REFUSED @ http://localhost:5177/:0
[25580085ms] [ERROR] Failed to load resource: net::ERR_CONNECTION_REFUSED @ http://localhost:5177/:0
[25581090ms] [ERROR] Failed to load resource: net::ERR_CONNECTION_REFUSED @ http://localhost:5177/:0
[25582097ms] [ERROR] Failed to load resource: net::ERR_CONNECTION_REFUSED @ http://localhost:5177/:0
[25583102ms] [ERROR] Failed to load resource: net::ERR_CONNECTION_REFUSED @ http://localhost:5177/:0
[25584106ms] [ERROR] Failed to load resource: net::ERR_CONNECTION_REFUSED @ http://localhost:5177/:0
[25585112ms] [ERROR] Failed to load resource: net::ERR_CONNECTION_REFUSED @ http://localhost:5177/:0
[25586122ms] [ERROR] Failed to load resource: net::ERR_CONNECTION_REFUSED @ http://localhost:5177/:0
[25587130ms] [ERROR] Failed to load resource: net::ERR_CONNECTION_REFUSED @ http://localhost:5177/:0
[25588135ms] [ERROR] Failed to load resource: net::ERR_CONNECTION_REFUSED @ http://localhost:5177/:0
[25589139ms] [ERROR] Failed to load resource: net::ERR_CONNECTION_REFUSED @ http://localhost:5177/:0
[25590145ms] [ERROR] Failed to load resource: net::ERR_CONNECTION_REFUSED @ http://localhost:5177/:0
[25591150ms] [ERROR] Failed to load resource: net::ERR_CONNECTION_REFUSED @ http://localhost:5177/:0
[25592152ms] [ERROR] Failed to load resource: net::ERR_CONNECTION_REFUSED @ http://localhost:5177/:0
[25593164ms] [ERROR] Failed to load resource: net::ERR_CONNECTION_REFUSED @ http://localhost:5177/:0
[25594169ms] [ERROR] Failed to load resource: net::ERR_CONNECTION_REFUSED @ http://localhost:5177/:0
[25595172ms] [ERROR] Failed to load resource: net::ERR_CONNECTION_REFUSED @ http://localhost:5177/:0
[25596177ms] [ERROR] Failed to load resource: net::ERR_CONNECTION_REFUSED @ http://localhost:5177/:0
[25597183ms] [ERROR] Failed to load resource: net::ERR_CONNECTION_REFUSED @ http://localhost:5177/:0
[25598188ms] [ERROR] Failed to load resource: net::ERR_CONNECTION_REFUSED @ http://localhost:5177/:0
[25599195ms] [ERROR] Failed to load resource: net::ERR_CONNECTION_REFUSED @ http://localhost:5177/:0
[25600201ms] [ERROR] Failed to load resource: net::ERR_CONNECTION_REFUSED @ http://localhost:5177/:0
[25601205ms] [ERROR] Failed to load resource: net::ERR_CONNECTION_REFUSED @ http://localhost:5177/:0
[25602209ms] [ERROR] Failed to load resource: net::ERR_CONNECTION_REFUSED @ http://localhost:5177/:0
[25603211ms] [ERROR] Failed to load resource: net::ERR_CONNECTION_REFUSED @ http://localhost:5177/:0
[25604216ms] [ERROR] Failed to load resource: net::ERR_CONNECTION_REFUSED @ http://localhost:5177/:0
[25605221ms] [ERROR] Failed to load resource: net::ERR_CONNECTION_REFUSED @ http://localhost:5177/:0
[25606226ms] [ERROR] Failed to load resource: net::ERR_CONNECTION_REFUSED @ http://localhost:5177/:0
[25607234ms] [ERROR] Failed to load resource: net::ERR_CONNECTION_REFUSED @ http://localhost:5177/:0
[25608239ms] [ERROR] Failed to load resource: net::ERR_CONNECTION_REFUSED @ http://localhost:5177/:0
[25609242ms] [ERROR] Failed to load resource: net::ERR_CONNECTION_REFUSED @ http://localhost:5177/:0
[25610247ms] [ERROR] Failed to load resource: net::ERR_CONNECTION_REFUSED @ http://localhost:5177/:0
[25611253ms] [ERROR] Failed to load resource: net::ERR_CONNECTION_REFUSED @ http://localhost:5177/:0
[25612259ms] [ERROR] Failed to load resource: net::ERR_CONNECTION_REFUSED @ http://localhost:5177/:0
[25613271ms] [ERROR] Failed to load resource: net::ERR_CONNECTION_REFUSED @ http://localhost:5177/:0
[25614279ms] [ERROR] Failed to load resource: net::ERR_CONNECTION_REFUSED @ http://localhost:5177/:0
[25615283ms] [ERROR] Failed to load resource: net::ERR_CONNECTION_REFUSED @ http://localhost:5177/:0
[25616288ms] [ERROR] Failed to load resource: net::ERR_CONNECTION_REFUSED @ http://localhost:5177/:0
[25617295ms] [ERROR] Failed to load resource: net::ERR_CONNECTION_REFUSED @ http://localhost:5177/:0
[25618305ms] [ERROR] Failed to load resource: net::ERR_CONNECTION_REFUSED @ http://localhost:5177/:0
[25619309ms] [ERROR] Failed to load resource: net::ERR_CONNECTION_REFUSED @ http://localhost:5177/:0
[25620315ms] [ERROR] Failed to load resource: net::ERR_CONNECTION_REFUSED @ http://localhost:5177/:0
[25621318ms] [ERROR] Failed to load resource: net::ERR_CONNECTION_REFUSED @ http://localhost:5177/:0
[25622325ms] [ERROR] Failed to load resource: net::ERR_CONNECTION_REFUSED @ http://localhost:5177/:0
[25623332ms] [ERROR] Failed to load resource: net::ERR_CONNECTION_REFUSED @ http://localhost:5177/:0
[25624335ms] [ERROR] Failed to load resource: net::ERR_CONNECTION_REFUSED @ http://localhost:5177/:0
[25625342ms] [ERROR] Failed to load resource: net::ERR_CONNECTION_REFUSED @ http://localhost:5177/:0
[25626349ms] [ERROR] Failed to load resource: net::ERR_CONNECTION_REFUSED @ http://localhost:5177/:0
[25627354ms] [ERROR] Failed to load resource: net::ERR_CONNECTION_REFUSED @ http://localhost:5177/:0
[25628359ms] [ERROR] Failed to load resource: net::ERR_CONNECTION_REFUSED @ http://localhost:5177/:0
[25629367ms] [ERROR] Failed to load resource: net::ERR_CONNECTION_REFUSED @ http://localhost:5177/:0
[25630377ms] [ERROR] Failed to load resource: net::ERR_CONNECTION_REFUSED @ http://localhost:5177/:0
[25631382ms] [ERROR] Failed to load resource: net::ERR_CONNECTION_REFUSED @ http://localhost:5177/:0
[25632387ms] [ERROR] Failed to load resource: net::ERR_CONNECTION_REFUSED @ http://localhost:5177/:0
[25633391ms] [ERROR] Failed to load resource: net::ERR_CONNECTION_REFUSED @ http://localhost:5177/:0
[25634395ms] [ERROR] Failed to load resource: net::ERR_CONNECTION_REFUSED @ http://localhost:5177/:0
[25635404ms] [ERROR] Failed to load resource: net::ERR_CONNECTION_REFUSED @ http://localhost:5177/:0
[25636409ms] [ERROR] Failed to load resource: net::ERR_CONNECTION_REFUSED @ http://localhost:5177/:0
[25637417ms] [ERROR] Failed to load resource: net::ERR_CONNECTION_REFUSED @ http://localhost:5177/:0
[25638424ms] [ERROR] Failed to load resource: net::ERR_CONNECTION_REFUSED @ http://localhost:5177/:0
[25639430ms] [ERROR] Failed to load resource: net::ERR_CONNECTION_REFUSED @ http://localhost:5177/:0
[25640434ms] [ERROR] Failed to load resource: net::ERR_CONNECTION_REFUSED @ http://localhost:5177/:0
[25641440ms] [ERROR] Failed to load resource: net::ERR_CONNECTION_REFUSED @ http://localhost:5177/:0
[25642445ms] [ERROR] Failed to load resource: net::ERR_CONNECTION_REFUSED @ http://localhost:5177/:0
[25643451ms] [ERROR] Failed to load resource: net::ERR_CONNECTION_REFUSED @ http://localhost:5177/:0
[25644455ms] [ERROR] Failed to load resource: net::ERR_CONNECTION_REFUSED @ http://localhost:5177/:0
[25645460ms] [ERROR] Failed to load resource: net::ERR_CONNECTION_REFUSED @ http://localhost:5177/:0
[25646467ms] [ERROR] Failed to load resource: net::ERR_CONNECTION_REFUSED @ http://localhost:5177/:0
[25647472ms] [ERROR] Failed to load resource: net::ERR_CONNECTION_REFUSED @ http://localhost:5177/:0
[25648475ms] [ERROR] Failed to load resource: net::ERR_CONNECTION_REFUSED @ http://localhost:5177/:0
[25649481ms] [ERROR] Failed to load resource: net::ERR_CONNECTION_REFUSED @ http://localhost:5177/:0
[25650486ms] [ERROR] Failed to load resource: net::ERR_CONNECTION_REFUSED @ http://localhost:5177/:0
[25651491ms] [ERROR] Failed to load resource: net::ERR_CONNECTION_REFUSED @ http://localhost:5177/:0
[25652493ms] [ERROR] Failed to load resource: net::ERR_CONNECTION_REFUSED @ http://localhost:5177/:0
[25653498ms] [ERROR] Failed to load resource: net::ERR_CONNECTION_REFUSED @ http://localhost:5177/:0
[25654504ms] [ERROR] Failed to load resource: net::ERR_CONNECTION_REFUSED @ http://localhost:5177/:0
[25655508ms] [ERROR] Failed to load resource: net::ERR_CONNECTION_REFUSED @ http://localhost:5177/:0
[25656518ms] [ERROR] Failed to load resource: net::ERR_CONNECTION_REFUSED @ http://localhost:5177/:0
[25657523ms] [ERROR] Failed to load resource: net::ERR_CONNECTION_REFUSED @ http://localhost:5177/:0
[25658528ms] [ERROR] Failed to load resource: net::ERR_CONNECTION_REFUSED @ http://localhost:5177/:0
[25659537ms] [ERROR] Failed to load resource: net::ERR_CONNECTION_REFUSED @ http://localhost:5177/:0
[25660543ms] [ERROR] Failed to load resource: net::ERR_CONNECTION_REFUSED @ http://localhost:5177/:0
[25661548ms] [ERROR] Failed to load resource: net::ERR_CONNECTION_REFUSED @ http://localhost:5177/:0
[25662555ms] [ERROR] Failed to load resource: net::ERR_CONNECTION_REFUSED @ http://localhost:5177/:0
[25663559ms] [ERROR] Failed to load resource: net::ERR_CONNECTION_REFUSED @ http://localhost:5177/:0
[25664565ms] [ERROR] Failed to load resource: net::ERR_CONNECTION_REFUSED @ http://localhost:5177/:0
[25665568ms] [ERROR] Failed to load resource: net::ERR_CONNECTION_REFUSED @ http://localhost:5177/:0
[25666572ms] [ERROR] Failed to load resource: net::ERR_CONNECTION_REFUSED @ http://localhost:5177/:0
[25667577ms] [ERROR] Failed to load resource: net::ERR_CONNECTION_REFUSED @ http://localhost:5177/:0
[25668581ms] [ERROR] Failed to load resource: net::ERR_CONNECTION_REFUSED @ http://localhost:5177/:0
[25669586ms] [ERROR] Failed to load resource: net::ERR_CONNECTION_REFUSED @ http://localhost:5177/:0
[25670591ms] [ERROR] Failed to load resource: net::ERR_CONNECTION_REFUSED @ http://localhost:5177/:0
[25671594ms] [ERROR] Failed to load resource: net::ERR_CONNECTION_REFUSED @ http://localhost:5177/:0
[25672598ms] [ERROR] Failed to load resource: net::ERR_CONNECTION_REFUSED @ http://localhost:5177/:0
[25673601ms] [ERROR] Failed to load resource: net::ERR_CONNECTION_REFUSED @ http://localhost:5177/:0
[25674605ms] [ERROR] Failed to load resource: net::ERR_CONNECTION_REFUSED @ http://localhost:5177/:0
[25675614ms] [ERROR] Failed to load resource: net::ERR_CONNECTION_REFUSED @ http://localhost:5177/:0
[25676619ms] [ERROR] Failed to load resource: net::ERR_CONNECTION_REFUSED @ http://localhost:5177/:0
[25677623ms] [ERROR] Failed to load resource: net::ERR_CONNECTION_REFUSED @ http://localhost:5177/:0
[25678630ms] [ERROR] Failed to load resource: net::ERR_CONNECTION_REFUSED @ http://localhost:5177/:0
[25679636ms] [ERROR] Failed to load resource: net::ERR_CONNECTION_REFUSED @ http://localhost:5177/:0
[25680643ms] [ERROR] Failed to load resource: net::ERR_CONNECTION_REFUSED @ http://localhost:5177/:0
[25681651ms] [ERROR] Failed to load resource: net::ERR_CONNECTION_REFUSED @ http://localhost:5177/:0
[25682654ms] [ERROR] Failed to load resource: net::ERR_CONNECTION_REFUSED @ http://localhost:5177/:0
[25683659ms] [ERROR] Failed to load resource: net::ERR_CONNECTION_REFUSED @ http://localhost:5177/:0
[25684669ms] [ERROR] Failed to load resource: net::ERR_CONNECTION_REFUSED @ http://localhost:5177/:0
[25685674ms] [ERROR] Failed to load resource: net::ERR_CONNECTION_REFUSED @ http://localhost:5177/:0
[25686681ms] [ERROR] Failed to load resource: net::ERR_CONNECTION_REFUSED @ http://localhost:5177/:0
[25687688ms] [ERROR] Failed to load resource: net::ERR_CONNECTION_REFUSED @ http://localhost:5177/:0
[25688692ms] [ERROR] Failed to load resource: net::ERR_CONNECTION_REFUSED @ http://localhost:5177/:0
[25689698ms] [ERROR] Failed to load resource: net::ERR_CONNECTION_REFUSED @ http://localhost:5177/:0
[25690706ms] [ERROR] Failed to load resource: net::ERR_CONNECTION_REFUSED @ http://localhost:5177/:0
[25691710ms] [ERROR] Failed to load resource: net::ERR_CONNECTION_REFUSED @ http://localhost:5177/:0
[25692720ms] [ERROR] Failed to load resource: net::ERR_CONNECTION_REFUSED @ http://localhost:5177/:0
[25693722ms] [ERROR] Failed to load resource: net::ERR_CONNECTION_REFUSED @ http://localhost:5177/:0
[25694727ms] [ERROR] Failed to load resource: net::ERR_CONNECTION_REFUSED @ http://localhost:5177/:0
[25695733ms] [ERROR] Failed to load resource: net::ERR_CONNECTION_REFUSED @ http://localhost:5177/:0
[25696736ms] [ERROR] Failed to load resource: net::ERR_CONNECTION_REFUSED @ http://localhost:5177/:0
[25697742ms] [ERROR] Failed to load resource: net::ERR_CONNECTION_REFUSED @ http://localhost:5177/:0
[25698749ms] [ERROR] Failed to load resource: net::ERR_CONNECTION_REFUSED @ http://localhost:5177/:0
[25699752ms] [ERROR] Failed to load resource: net::ERR_CONNECTION_REFUSED @ http://localhost:5177/:0
[25700758ms] [ERROR] Failed to load resource: net::ERR_CONNECTION_REFUSED @ http://localhost:5177/:0
[25701761ms] [ERROR] Failed to load resource: net::ERR_CONNECTION_REFUSED @ http://localhost:5177/:0
[25702771ms] [ERROR] Failed to load resource: net::ERR_CONNECTION_REFUSED @ http://localhost:5177/:0
[25703776ms] [ERROR] Failed to load resource: net::ERR_CONNECTION_REFUSED @ http://localhost:5177/:0
[25704779ms] [ERROR] Failed to load resource: net::ERR_CONNECTION_REFUSED @ http://localhost:5177/:0
[25705782ms] [ERROR] Failed to load resource: net::ERR_CONNECTION_REFUSED @ http://localhost:5177/:0
[25706789ms] [ERROR] Failed to load resource: net::ERR_CONNECTION_REFUSED @ http://localhost:5177/:0
[25707792ms] [ERROR] Failed to load resource: net::ERR_CONNECTION_REFUSED @ http://localhost:5177/:0
[25708802ms] [ERROR] Failed to load resource: net::ERR_CONNECTION_REFUSED @ http://localhost:5177/:0
[25709808ms] [ERROR] Failed to load resource: net::ERR_CONNECTION_REFUSED @ http://localhost:5177/:0
[25710815ms] [ERROR] Failed to load resource: net::ERR_CONNECTION_REFUSED @ http://localhost:5177/:0
[25711823ms] [ERROR] Failed to load resource: net::ERR_CONNECTION_REFUSED @ http://localhost:5177/:0
[25712827ms] [ERROR] Failed to load resource: net::ERR_CONNECTION_REFUSED @ http://localhost:5177/:0
[25713830ms] [ERROR] Failed to load resource: net::ERR_CONNECTION_REFUSED @ http://localhost:5177/:0
[25714834ms] [ERROR] Failed to load resource: net::ERR_CONNECTION_REFUSED @ http://localhost:5177/:0
[25715841ms] [ERROR] Failed to load resource: net::ERR_CONNECTION_REFUSED @ http://localhost:5177/:0
[25716848ms] [ERROR] Failed to load resource: net::ERR_CONNECTION_REFUSED @ http://localhost:5177/:0
[25717863ms] [ERROR] Failed to load resource: net::ERR_CONNECTION_REFUSED @ http://localhost:5177/:0
[25718868ms] [ERROR] Failed to load resource: net::ERR_CONNECTION_REFUSED @ http://localhost:5177/:0
[25719871ms] [ERROR] Failed to load resource: net::ERR_CONNECTION_REFUSED @ http://localhost:5177/:0
[25720876ms] [ERROR] Failed to load resource: net::ERR_CONNECTION_REFUSED @ http://localhost:5177/:0
[25721878ms] [ERROR] Failed to load resource: net::ERR_CONNECTION_REFUSED @ http://localhost:5177/:0
[25722882ms] [ERROR] Failed to load resource: net::ERR_CONNECTION_REFUSED @ http://localhost:5177/:0
[25723887ms] [ERROR] Failed to load resource: net::ERR_CONNECTION_REFUSED @ http://localhost:5177/:0
[25724891ms] [ERROR] Failed to load resource: net::ERR_CONNECTION_REFUSED @ http://localhost:5177/:0
[25725899ms] [ERROR] Failed to load resource: net::ERR_CONNECTION_REFUSED @ http://localhost:5177/:0
[25726904ms] [ERROR] Failed to load resource: net::ERR_CONNECTION_REFUSED @ http://localhost:5177/:0
[25727909ms] [ERROR] Failed to load resource: net::ERR_CONNECTION_REFUSED @ http://localhost:5177/:0
[25728915ms] [ERROR] Failed to load resource: net::ERR_CONNECTION_REFUSED @ http://localhost:5177/:0
[25729922ms] [ERROR] Failed to load resource: net::ERR_CONNECTION_REFUSED @ http://localhost:5177/:0
[25730925ms] [ERROR] Failed to load resource: net::ERR_CONNECTION_REFUSED @ http://localhost:5177/:0
[25731927ms] [ERROR] Failed to load resource: net::ERR_CONNECTION_REFUSED @ http://localhost:5177/:0
[25732935ms] [ERROR] Failed to load resource: net::ERR_CONNECTION_REFUSED @ http://localhost:5177/:0
[25733941ms] [ERROR] Failed to load resource: net::ERR_CONNECTION_REFUSED @ http://localhost:5177/:0
[25734944ms] [ERROR] Failed to load resource: net::ERR_CONNECTION_REFUSED @ http://localhost:5177/:0
[25735951ms] [ERROR] Failed to load resource: net::ERR_CONNECTION_REFUSED @ http://localhost:5177/:0
[25736953ms] [ERROR] Failed to load resource: net::ERR_CONNECTION_REFUSED @ http://localhost:5177/:0
[25737958ms] [ERROR] Failed to load resource: net::ERR_CONNECTION_REFUSED @ http://localhost:5177/:0
[25738967ms] [ERROR] Failed to load resource: net::ERR_CONNECTION_REFUSED @ http://localhost:5177/:0
[25739971ms] [ERROR] Failed to load resource: net::ERR_CONNECTION_REFUSED @ http://localhost:5177/:0
[25740975ms] [ERROR] Failed to load resource: net::ERR_CONNECTION_REFUSED @ http://localhost:5177/:0
[25741983ms] [ERROR] Failed to load resource: net::ERR_CONNECTION_REFUSED @ http://localhost:5177/:0
[25742989ms] [ERROR] Failed to load resource: net::ERR_CONNECTION_REFUSED @ http://localhost:5177/:0
[25743994ms] [ERROR] Failed to load resource: net::ERR_CONNECTION_REFUSED @ http://localhost:5177/:0
[25745001ms] [ERROR] Failed to load resource: net::ERR_CONNECTION_REFUSED @ http://localhost:5177/:0
[25746008ms] [ERROR] Failed to load resource: net::ERR_CONNECTION_REFUSED @ http://localhost:5177/:0
[25747014ms] [ERROR] Failed to load resource: net::ERR_CONNECTION_REFUSED @ http://localhost:5177/:0
[25748018ms] [ERROR] Failed to load resource: net::ERR_CONNECTION_REFUSED @ http://localhost:5177/:0
[25749022ms] [ERROR] Failed to load resource: net::ERR_CONNECTION_REFUSED @ http://localhost:5177/:0
[25750026ms] [ERROR] Failed to load resource: net::ERR_CONNECTION_REFUSED @ http://localhost:5177/:0
[25751034ms] [ERROR] Failed to load resource: net::ERR_CONNECTION_REFUSED @ http://localhost:5177/:0
[25752035ms] [ERROR] Failed to load resource: net::ERR_CONNECTION_REFUSED @ http://localhost:5177/:0
[25753043ms] [ERROR] Failed to load resource: net::ERR_CONNECTION_REFUSED @ http://localhost:5177/:0
[25754051ms] [ERROR] Failed to load resource: net::ERR_CONNECTION_REFUSED @ http://localhost:5177/:0
[25755054ms] [ERROR] Failed to load resource: net::ERR_CONNECTION_REFUSED @ http://localhost:5177/:0
[25756059ms] [ERROR] Failed to load resource: net::ERR_CONNECTION_REFUSED @ http://localhost:5177/:0
[25757065ms] [ERROR] Failed to load resource: net::ERR_CONNECTION_REFUSED @ http://localhost:5177/:0
[25758071ms] [ERROR] Failed to load resource: net::ERR_CONNECTION_REFUSED @ http://localhost:5177/:0
[25759077ms] [ERROR] Failed to load resource: net::ERR_CONNECTION_REFUSED @ http://localhost:5177/:0
[25760084ms] [ERROR] Failed to load resource: net::ERR_CONNECTION_REFUSED @ http://localhost:5177/:0
[25761087ms] [ERROR] Failed to load resource: net::ERR_CONNECTION_REFUSED @ http://localhost:5177/:0
[25762092ms] [ERROR] Failed to load resource: net::ERR_CONNECTION_REFUSED @ http://localhost:5177/:0
[25763098ms] [ERROR] Failed to load resource: net::ERR_CONNECTION_REFUSED @ http://localhost:5177/:0
[25764103ms] [ERROR] Failed to load resource: net::ERR_CONNECTION_REFUSED @ http://localhost:5177/:0
[25765108ms] [ERROR] Failed to load resource: net::ERR_CONNECTION_REFUSED @ http://localhost:5177/:0
[25766113ms] [ERROR] Failed to load resource: net::ERR_CONNECTION_REFUSED @ http://localhost:5177/:0
[25767120ms] [ERROR] Failed to load resource: net::ERR_CONNECTION_REFUSED @ http://localhost:5177/:0
[25768124ms] [ERROR] Failed to load resource: net::ERR_CONNECTION_REFUSED @ http://localhost:5177/:0
[25769128ms] [ERROR] Failed to load resource: net::ERR_CONNECTION_REFUSED @ http://localhost:5177/:0
[25770134ms] [ERROR] Failed to load resource: net::ERR_CONNECTION_REFUSED @ http://localhost:5177/:0
[25771139ms] [ERROR] Failed to load resource: net::ERR_CONNECTION_REFUSED @ http://localhost:5177/:0
[25772144ms] [ERROR] Failed to load resource: net::ERR_CONNECTION_REFUSED @ http://localhost:5177/:0
[25773151ms] [ERROR] Failed to load resource: net::ERR_CONNECTION_REFUSED @ http://localhost:5177/:0
[25774153ms] [ERROR] Failed to load resource: net::ERR_CONNECTION_REFUSED @ http://localhost:5177/:0
[25775158ms] [ERROR] Failed to load resource: net::ERR_CONNECTION_REFUSED @ http://localhost:5177/:0
[25776160ms] [ERROR] Failed to load resource: net::ERR_CONNECTION_REFUSED @ http://localhost:5177/:0
[25777167ms] [ERROR] Failed to load resource: net::ERR_CONNECTION_REFUSED @ http://localhost:5177/:0
[25778174ms] [ERROR] Failed to load resource: net::ERR_CONNECTION_REFUSED @ http://localhost:5177/:0
[25779177ms] [ERROR] Failed to load resource: net::ERR_CONNECTION_REFUSED @ http://localhost:5177/:0
[25780184ms] [ERROR] Failed to load resource: net::ERR_CONNECTION_REFUSED @ http://localhost:5177/:0
[25781190ms] [ERROR] Failed to load resource: net::ERR_CONNECTION_REFUSED @ http://localhost:5177/:0
[25782194ms] [ERROR] Failed to load resource: net::ERR_CONNECTION_REFUSED @ http://localhost:5177/:0
[25783200ms] [ERROR] Failed to load resource: net::ERR_CONNECTION_REFUSED @ http://localhost:5177/:0
[25784206ms] [ERROR] Failed to load resource: net::ERR_CONNECTION_REFUSED @ http://localhost:5177/:0
[25785210ms] [ERROR] Failed to load resource: net::ERR_CONNECTION_REFUSED @ http://localhost:5177/:0
[25786214ms] [ERROR] Failed to load resource: net::ERR_CONNECTION_REFUSED @ http://localhost:5177/:0
[25787219ms] [ERROR] Failed to load resource: net::ERR_CONNECTION_REFUSED @ http://localhost:5177/:0
[25788225ms] [ERROR] Failed to load resource: net::ERR_CONNECTION_REFUSED @ http://localhost:5177/:0
[25789231ms] [ERROR] Failed to load resource: net::ERR_CONNECTION_REFUSED @ http://localhost:5177/:0
[25790235ms] [ERROR] Failed to load resource: net::ERR_CONNECTION_REFUSED @ http://localhost:5177/:0
[25791242ms] [ERROR] Failed to load resource: net::ERR_CONNECTION_REFUSED @ http://localhost:5177/:0
[25792246ms] [ERROR] Failed to load resource: net::ERR_CONNECTION_REFUSED @ http://localhost:5177/:0
[25793253ms] [ERROR] Failed to load resource: net::ERR_CONNECTION_REFUSED @ http://localhost:5177/:0
[25794260ms] [ERROR] Failed to load resource: net::ERR_CONNECTION_REFUSED @ http://localhost:5177/:0
[25795267ms] [ERROR] Failed to load resource: net::ERR_CONNECTION_REFUSED @ http://localhost:5177/:0
[25796275ms] [ERROR] Failed to load resource: net::ERR_CONNECTION_REFUSED @ http://localhost:5177/:0
[25797279ms] [ERROR] Failed to load resource: net::ERR_CONNECTION_REFUSED @ http://localhost:5177/:0
[25798285ms] [ERROR] Failed to load resource: net::ERR_CONNECTION_REFUSED @ http://localhost:5177/:0
[25799287ms] [ERROR] Failed to load resource: net::ERR_CONNECTION_REFUSED @ http://localhost:5177/:0
[25800292ms] [ERROR] Failed to load resource: net::ERR_CONNECTION_REFUSED @ http://localhost:5177/:0
[25801298ms] [ERROR] Failed to load resource: net::ERR_CONNECTION_REFUSED @ http://localhost:5177/:0
[25802304ms] [ERROR] Failed to load resource: net::ERR_CONNECTION_REFUSED @ http://localhost:5177/:0
[25803311ms] [ERROR] Failed to load resource: net::ERR_CONNECTION_REFUSED @ http://localhost:5177/:0
[25804321ms] [ERROR] Failed to load resource: net::ERR_CONNECTION_REFUSED @ http://localhost:5177/:0
[25805324ms] [ERROR] Failed to load resource: net::ERR_CONNECTION_REFUSED @ http://localhost:5177/:0
[25806328ms] [ERROR] Failed to load resource: net::ERR_CONNECTION_REFUSED @ http://localhost:5177/:0
[25807338ms] [ERROR] Failed to load resource: net::ERR_CONNECTION_REFUSED @ http://localhost:5177/:0
[25808343ms] [ERROR] Failed to load resource: net::ERR_CONNECTION_REFUSED @ http://localhost:5177/:0
[25809348ms] [ERROR] Failed to load resource: net::ERR_CONNECTION_REFUSED @ http://localhost:5177/:0
[25810354ms] [ERROR] Failed to load resource: net::ERR_CONNECTION_REFUSED @ http://localhost:5177/:0
[25811358ms] [ERROR] Failed to load resource: net::ERR_CONNECTION_REFUSED @ http://localhost:5177/:0
[25812361ms] [ERROR] Failed to load resource: net::ERR_CONNECTION_REFUSED @ http://localhost:5177/:0
[25813371ms] [ERROR] Failed to load resource: net::ERR_CONNECTION_REFUSED @ http://localhost:5177/:0
[25814375ms] [ERROR] Failed to load resource: net::ERR_CONNECTION_REFUSED @ http://localhost:5177/:0
[25815379ms] [ERROR] Failed to load resource: net::ERR_CONNECTION_REFUSED @ http://localhost:5177/:0
[25816384ms] [ERROR] Failed to load resource: net::ERR_CONNECTION_REFUSED @ http://localhost:5177/:0
[25817390ms] [ERROR] Failed to load resource: net::ERR_CONNECTION_REFUSED @ http://localhost:5177/:0
[25818396ms] [ERROR] Failed to load resource: net::ERR_CONNECTION_REFUSED @ http://localhost:5177/:0
[25819403ms] [ERROR] Failed to load resource: net::ERR_CONNECTION_REFUSED @ http://localhost:5177/:0
[25820408ms] [ERROR] Failed to load resource: net::ERR_CONNECTION_REFUSED @ http://localhost:5177/:0
[25821412ms] [ERROR] Failed to load resource: net::ERR_CONNECTION_REFUSED @ http://localhost:5177/:0
[25822417ms] [ERROR] Failed to load resource: net::ERR_CONNECTION_REFUSED @ http://localhost:5177/:0
[25823421ms] [ERROR] Failed to load resource: net::ERR_CONNECTION_REFUSED @ http://localhost:5177/:0
[25824425ms] [ERROR] Failed to load resource: net::ERR_CONNECTION_REFUSED @ http://localhost:5177/:0
[25825434ms] [ERROR] Failed to load resource: net::ERR_CONNECTION_REFUSED @ http://localhost:5177/:0
[25826438ms] [ERROR] Failed to load resource: net::ERR_CONNECTION_REFUSED @ http://localhost:5177/:0
[25827444ms] [ERROR] Failed to load resource: net::ERR_CONNECTION_REFUSED @ http://localhost:5177/:0
[25828451ms] [ERROR] Failed to load resource: net::ERR_CONNECTION_REFUSED @ http://localhost:5177/:0
[25829459ms] [ERROR] Failed to load resource: net::ERR_CONNECTION_REFUSED @ http://localhost:5177/:0
[25830463ms] [ERROR] Failed to load resource: net::ERR_CONNECTION_REFUSED @ http://localhost:5177/:0
[25831465ms] [ERROR] Failed to load resource: net::ERR_CONNECTION_REFUSED @ http://localhost:5177/:0
[25832471ms] [ERROR] Failed to load resource: net::ERR_CONNECTION_REFUSED @ http://localhost:5177/:0
[25833473ms] [ERROR] Failed to load resource: net::ERR_CONNECTION_REFUSED @ http://localhost:5177/:0
[25834478ms] [ERROR] Failed to load resource: net::ERR_CONNECTION_REFUSED @ http://localhost:5177/:0
[25835484ms] [ERROR] Failed to load resource: net::ERR_CONNECTION_REFUSED @ http://localhost:5177/:0
[25836490ms] [ERROR] Failed to load resource: net::ERR_CONNECTION_REFUSED @ http://localhost:5177/:0
[25837494ms] [ERROR] Failed to load resource: net::ERR_CONNECTION_REFUSED @ http://localhost:5177/:0
[25838501ms] [ERROR] Failed to load resource: net::ERR_CONNECTION_REFUSED @ http://localhost:5177/:0
[25839506ms] [ERROR] Failed to load resource: net::ERR_CONNECTION_REFUSED @ http://localhost:5177/:0
[25840510ms] [ERROR] Failed to load resource: net::ERR_CONNECTION_REFUSED @ http://localhost:5177/:0
[25841518ms] [ERROR] Failed to load resource: net::ERR_CONNECTION_REFUSED @ http://localhost:5177/:0
[25842522ms] [ERROR] Failed to load resource: net::ERR_CONNECTION_REFUSED @ http://localhost:5177/:0
[25843529ms] [ERROR] Failed to load resource: net::ERR_CONNECTION_REFUSED @ http://localhost:5177/:0
[25844543ms] [ERROR] Failed to load resource: net::ERR_CONNECTION_REFUSED @ http://localhost:5177/:0
[25845549ms] [ERROR] Failed to load resource: net::ERR_CONNECTION_REFUSED @ http://localhost:5177/:0
[25846555ms] [ERROR] Failed to load resource: net::ERR_CONNECTION_REFUSED @ http://localhost:5177/:0
[25847559ms] [ERROR] Failed to load resource: net::ERR_CONNECTION_REFUSED @ http://localhost:5177/:0
[25848565ms] [ERROR] Failed to load resource: net::ERR_CONNECTION_REFUSED @ http://localhost:5177/:0
[25849570ms] [ERROR] Failed to load resource: net::ERR_CONNECTION_REFUSED @ http://localhost:5177/:0
[25850574ms] [ERROR] Failed to load resource: net::ERR_CONNECTION_REFUSED @ http://localhost:5177/:0
[25851578ms] [ERROR] Failed to load resource: net::ERR_CONNECTION_REFUSED @ http://localhost:5177/:0
[25852585ms] [ERROR] Failed to load resource: net::ERR_CONNECTION_REFUSED @ http://localhost:5177/:0
[25853589ms] [ERROR] Failed to load resource: net::ERR_CONNECTION_REFUSED @ http://localhost:5177/:0
[25854595ms] [ERROR] Failed to load resource: net::ERR_CONNECTION_REFUSED @ http://localhost:5177/:0
[25855601ms] [ERROR] Failed to load resource: net::ERR_CONNECTION_REFUSED @ http://localhost:5177/:0
[25856605ms] [ERROR] Failed to load resource: net::ERR_CONNECTION_REFUSED @ http://localhost:5177/:0
[25857609ms] [ERROR] Failed to load resource: net::ERR_CONNECTION_REFUSED @ http://localhost:5177/:0
[25858612ms] [ERROR] Failed to load resource: net::ERR_CONNECTION_REFUSED @ http://localhost:5177/:0
[25859615ms] [ERROR] Failed to load resource: net::ERR_CONNECTION_REFUSED @ http://localhost:5177/:0
[25860619ms] [ERROR] Failed to load resource: net::ERR_CONNECTION_REFUSED @ http://localhost:5177/:0
[25861624ms] [ERROR] Failed to load resource: net::ERR_CONNECTION_REFUSED @ http://localhost:5177/:0
[25862630ms] [ERROR] Failed to load resource: net::ERR_CONNECTION_REFUSED @ http://localhost:5177/:0
[25863636ms] [ERROR] Failed to load resource: net::ERR_CONNECTION_REFUSED @ http://localhost:5177/:0
[25864644ms] [ERROR] Failed to load resource: net::ERR_CONNECTION_REFUSED @ http://localhost:5177/:0
[25865650ms] [ERROR] Failed to load resource: net::ERR_CONNECTION_REFUSED @ http://localhost:5177/:0
[25866655ms] [ERROR] Failed to load resource: net::ERR_CONNECTION_REFUSED @ http://localhost:5177/:0
[25867659ms] [ERROR] Failed to load resource: net::ERR_CONNECTION_REFUSED @ http://localhost:5177/:0
[25868665ms] [ERROR] Failed to load resource: net::ERR_CONNECTION_REFUSED @ http://localhost:5177/:0
[25869673ms] [ERROR] Failed to load resource: net::ERR_CONNECTION_REFUSED @ http://localhost:5177/:0
[25870679ms] [ERROR] Failed to load resource: net::ERR_CONNECTION_REFUSED @ http://localhost:5177/:0
[25871687ms] [ERROR] Failed to load resource: net::ERR_CONNECTION_REFUSED @ http://localhost:5177/:0
[25872691ms] [ERROR] Failed to load resource: net::ERR_CONNECTION_REFUSED @ http://localhost:5177/:0
[25873696ms] [ERROR] Failed to load resource: net::ERR_CONNECTION_REFUSED @ http://localhost:5177/:0
[25874704ms] [ERROR] Failed to load resource: net::ERR_CONNECTION_REFUSED @ http://localhost:5177/:0
[25875707ms] [ERROR] Failed to load resource: net::ERR_CONNECTION_REFUSED @ http://localhost:5177/:0
[25876709ms] [ERROR] Failed to load resource: net::ERR_CONNECTION_REFUSED @ http://localhost:5177/:0
[25877713ms] [ERROR] Failed to load resource: net::ERR_CONNECTION_REFUSED @ http://localhost:5177/:0
[25878722ms] [ERROR] Failed to load resource: net::ERR_CONNECTION_REFUSED @ http://localhost:5177/:0
[25879727ms] [ERROR] Failed to load resource: net::ERR_CONNECTION_REFUSED @ http://localhost:5177/:0
[25880736ms] [ERROR] Failed to load resource: net::ERR_CONNECTION_REFUSED @ http://localhost:5177/:0
[25881740ms] [ERROR] Failed to load resource: net::ERR_CONNECTION_REFUSED @ http://localhost:5177/:0
[25882745ms] [ERROR] Failed to load resource: net::ERR_CONNECTION_REFUSED @ http://localhost:5177/:0
[25883756ms] [ERROR] Failed to load resource: net::ERR_CONNECTION_REFUSED @ http://localhost:5177/:0
[25884760ms] [ERROR] Failed to load resource: net::ERR_CONNECTION_REFUSED @ http://localhost:5177/:0
[25885762ms] [ERROR] Failed to load resource: net::ERR_CONNECTION_REFUSED @ http://localhost:5177/:0
[25886790ms] [ERROR] Failed to load resource: net::ERR_CONNECTION_REFUSED @ http://localhost:5177/:0
[25888245ms] [ERROR] Failed to load resource: net::ERR_CONNECTION_REFUSED @ http://localhost:5177/:0
[25889250ms] [ERROR] Failed to load resource: net::ERR_CONNECTION_REFUSED @ http://localhost:5177/:0
[25890253ms] [ERROR] Failed to load resource: net::ERR_CONNECTION_REFUSED @ http://localhost:5177/:0
[25891260ms] [ERROR] Failed to load resource: net::ERR_CONNECTION_REFUSED @ http://localhost:5177/:0
[25892580ms] [ERROR] Failed to load resource: net::ERR_CONNECTION_REFUSED @ http://localhost:5177/:0
[25893588ms] [ERROR] Failed to load resource: net::ERR_CONNECTION_REFUSED @ http://localhost:5177/:0
[25894597ms] [ERROR] Failed to load resource: net::ERR_CONNECTION_REFUSED @ http://localhost:5177/:0
[25895608ms] [ERROR] Failed to load resource: net::ERR_CONNECTION_REFUSED @ http://localhost:5177/:0
[25896615ms] [ERROR] Failed to load resource: net::ERR_CONNECTION_REFUSED @ http://localhost:5177/:0
[25897631ms] [ERROR] Failed to load resource: net::ERR_CONNECTION_REFUSED @ http://localhost:5177/:0
[25898637ms] [ERROR] Failed to load resource: net::ERR_CONNECTION_REFUSED @ http://localhost:5177/:0
[25899641ms] [ERROR] Failed to load resource: net::ERR_CONNECTION_REFUSED @ http://localhost:5177/:0
[25900648ms] [ERROR] Failed to load resource: net::ERR_CONNECTION_REFUSED @ http://localhost:5177/:0
[25901651ms] [ERROR] Failed to load resource: net::ERR_CONNECTION_REFUSED @ http://localhost:5177/:0
[25902657ms] [ERROR] Failed to load resource: net::ERR_CONNECTION_REFUSED @ http://localhost:5177/:0
[25903663ms] [ERROR] Failed to load resource: net::ERR_CONNECTION_REFUSED @ http://localhost:5177/:0
[25904707ms] [ERROR] Failed to load resource: net::ERR_CONNECTION_REFUSED @ http://localhost:5177/:0
[25905761ms] [ERROR] Failed to load resource: net::ERR_CONNECTION_REFUSED @ http://localhost:5177/:0
[25906812ms] [ERROR] Failed to load resource: net::ERR_CONNECTION_REFUSED @ http://localhost:5177/:0
[25907855ms] [ERROR] Failed to load resource: net::ERR_CONNECTION_REFUSED @ http://localhost:5177/:0
[25908874ms] [ERROR] Failed to load resource: net::ERR_CONNECTION_REFUSED @ http://localhost:5177/:0
[25910298ms] [ERROR] Failed to load resource: net::ERR_CONNECTION_REFUSED @ http://localhost:5177/:0
[25911318ms] [ERROR] Failed to load resource: net::ERR_CONNECTION_REFUSED @ http://localhost:5177/:0
[25912350ms] [ERROR] Failed to load resource: net::ERR_CONNECTION_REFUSED @ http://localhost:5177/:0
[25913385ms] [ERROR] Failed to load resource: net::ERR_CONNECTION_REFUSED @ http://localhost:5177/:0
[25914397ms] [ERROR] Failed to load resource: net::ERR_CONNECTION_REFUSED @ http://localhost:5177/:0
[25915400ms] [ERROR] Failed to load resource: net::ERR_CONNECTION_REFUSED @ http://localhost:5177/:0
[25916407ms] [ERROR] Failed to load resource: net::ERR_CONNECTION_REFUSED @ http://localhost:5177/:0
[25917429ms] [ERROR] Failed to load resource: net::ERR_CONNECTION_REFUSED @ http://localhost:5177/:0
[25918441ms] [ERROR] Failed to load resource: net::ERR_CONNECTION_REFUSED @ http://localhost:5177/:0
[25919444ms] [ERROR] Failed to load resource: net::ERR_CONNECTION_REFUSED @ http://localhost:5177/:0
[25920464ms] [ERROR] Failed to load resource: net::ERR_CONNECTION_REFUSED @ http://localhost:5177/:0
[25921498ms] [ERROR] Failed to load resource: net::ERR_CONNECTION_REFUSED @ http://localhost:5177/:0
[25922506ms] [ERROR] Failed to load resource: net::ERR_CONNECTION_REFUSED @ http://localhost:5177/:0
[25923526ms] [ERROR] Failed to load resource: net::ERR_CONNECTION_REFUSED @ http://localhost:5177/:0
[25924537ms] [ERROR] Failed to load resource: net::ERR_CONNECTION_REFUSED @ http://localhost:5177/:0
[25925553ms] [ERROR] Failed to load resource: net::ERR_CONNECTION_REFUSED @ http://localhost:5177/:0
[25926563ms] [ERROR] Failed to load resource: net::ERR_CONNECTION_REFUSED @ http://localhost:5177/:0
[25927568ms] [ERROR] Failed to load resource: net::ERR_CONNECTION_REFUSED @ http://localhost:5177/:0
[25928573ms] [ERROR] Failed to load resource: net::ERR_CONNECTION_REFUSED @ http://localhost:5177/:0
[25929582ms] [ERROR] Failed to load resource: net::ERR_CONNECTION_REFUSED @ http://localhost:5177/:0
[25930587ms] [ERROR] Failed to load resource: net::ERR_CONNECTION_REFUSED @ http://localhost:5177/:0
[25931595ms] [ERROR] Failed to load resource: net::ERR_CONNECTION_REFUSED @ http://localhost:5177/:0
[25932601ms] [ERROR] Failed to load resource: net::ERR_CONNECTION_REFUSED @ http://localhost:5177/:0
[25933616ms] [ERROR] Failed to load resource: net::ERR_CONNECTION_REFUSED @ http://localhost:5177/:0
[25934619ms] [ERROR] Failed to load resource: net::ERR_CONNECTION_REFUSED @ http://localhost:5177/:0
[25935625ms] [ERROR] Failed to load resource: net::ERR_CONNECTION_REFUSED @ http://localhost:5177/:0
[25936635ms] [ERROR] Failed to load resource: net::ERR_CONNECTION_REFUSED @ http://localhost:5177/:0
[25937640ms] [ERROR] Failed to load resource: net::ERR_CONNECTION_REFUSED @ http://localhost:5177/:0
[25938645ms] [ERROR] Failed to load resource: net::ERR_CONNECTION_REFUSED @ http://localhost:5177/:0
[25939651ms] [ERROR] Failed to load resource: net::ERR_CONNECTION_REFUSED @ http://localhost:5177/:0
[25940661ms] [ERROR] Failed to load resource: net::ERR_CONNECTION_REFUSED @ http://localhost:5177/:0
[25941665ms] [ERROR] Failed to load resource: net::ERR_CONNECTION_REFUSED @ http://localhost:5177/:0
[25942673ms] [ERROR] Failed to load resource: net::ERR_CONNECTION_REFUSED @ http://localhost:5177/:0
[25943692ms] [ERROR] Failed to load resource: net::ERR_CONNECTION_REFUSED @ http://localhost:5177/:0
[25944695ms] [ERROR] Failed to load resource: net::ERR_CONNECTION_REFUSED @ http://localhost:5177/:0
[25945702ms] [ERROR] Failed to load resource: net::ERR_CONNECTION_REFUSED @ http://localhost:5177/:0
[25946708ms] [ERROR] Failed to load resource: net::ERR_CONNECTION_REFUSED @ http://localhost:5177/:0
[25947712ms] [ERROR] Failed to load resource: net::ERR_CONNECTION_REFUSED @ http://localhost:5177/:0
[25948715ms] [ERROR] Failed to load resource: net::ERR_CONNECTION_REFUSED @ http://localhost:5177/:0
[25949720ms] [ERROR] Failed to load resource: net::ERR_CONNECTION_REFUSED @ http://localhost:5177/:0
[25950723ms] [ERROR] Failed to load resource: net::ERR_CONNECTION_REFUSED @ http://localhost:5177/:0
[25951767ms] [ERROR] Failed to load resource: net::ERR_CONNECTION_REFUSED @ http://localhost:5177/:0
[25952771ms] [ERROR] Failed to load resource: net::ERR_CONNECTION_REFUSED @ http://localhost:5177/:0
[25953779ms] [ERROR] Failed to load resource: net::ERR_CONNECTION_REFUSED @ http://localhost:5177/:0
[25954787ms] [ERROR] Failed to load resource: net::ERR_CONNECTION_REFUSED @ http://localhost:5177/:0
[25955796ms] [ERROR] Failed to load resource: net::ERR_CONNECTION_REFUSED @ http://localhost:5177/:0
[25956802ms] [ERROR] Failed to load resource: net::ERR_CONNECTION_REFUSED @ http://localhost:5177/:0
[25957812ms] [ERROR] Failed to load resource: net::ERR_CONNECTION_REFUSED @ http://localhost:5177/:0
[25958965ms] [ERROR] Failed to load resource: net::ERR_CONNECTION_REFUSED @ http://localhost:5177/:0
[25959988ms] [ERROR] Failed to load resource: net::ERR_CONNECTION_REFUSED @ http://localhost:5177/:0
[25960991ms] [ERROR] Failed to load resource: net::ERR_CONNECTION_REFUSED @ http://localhost:5177/:0
[25962005ms] [ERROR] Failed to load resource: net::ERR_CONNECTION_REFUSED @ http://localhost:5177/:0
[25963011ms] [ERROR] Failed to load resource: net::ERR_CONNECTION_REFUSED @ http://localhost:5177/:0
[25964019ms] [ERROR] Failed to load resource: net::ERR_CONNECTION_REFUSED @ http://localhost:5177/:0
[25965034ms] [ERROR] Failed to load resource: net::ERR_CONNECTION_REFUSED @ http://localhost:5177/:0
[25966038ms] [ERROR] Failed to load resource: net::ERR_CONNECTION_REFUSED @ http://localhost:5177/:0
[25967045ms] [ERROR] Failed to load resource: net::ERR_CONNECTION_REFUSED @ http://localhost:5177/:0
[25968071ms] [ERROR] Failed to load resource: net::ERR_CONNECTION_REFUSED @ http://localhost:5177/:0
[25969077ms] [ERROR] Failed to load resource: net::ERR_CONNECTION_REFUSED @ http://localhost:5177/:0
[25970081ms] [ERROR] Failed to load resource: net::ERR_CONNECTION_REFUSED @ http://localhost:5177/:0
[25971086ms] [ERROR] Failed to load resource: net::ERR_CONNECTION_REFUSED @ http://localhost:5177/:0
[25972094ms] [ERROR] Failed to load resource: net::ERR_CONNECTION_REFUSED @ http://localhost:5177/:0
[25973099ms] [ERROR] Failed to load resource: net::ERR_CONNECTION_REFUSED @ http://localhost:5177/:0
[25974105ms] [ERROR] Failed to load resource: net::ERR_CONNECTION_REFUSED @ http://localhost:5177/:0
[25975117ms] [ERROR] Failed to load resource: net::ERR_CONNECTION_REFUSED @ http://localhost:5177/:0
[25976123ms] [ERROR] Failed to load resource: net::ERR_CONNECTION_REFUSED @ http://localhost:5177/:0
[25977186ms] [ERROR] Failed to load resource: net::ERR_CONNECTION_REFUSED @ http://localhost:5177/:0
[25978188ms] [ERROR] Failed to load resource: net::ERR_CONNECTION_REFUSED @ http://localhost:5177/:0
[25979194ms] [ERROR] Failed to load resource: net::ERR_CONNECTION_REFUSED @ http://localhost:5177/:0
[25980201ms] [ERROR] Failed to load resource: net::ERR_CONNECTION_REFUSED @ http://localhost:5177/:0
[25981205ms] [ERROR] Failed to load resource: net::ERR_CONNECTION_REFUSED @ http://localhost:5177/:0
[25982241ms] [ERROR] Failed to load resource: net::ERR_CONNECTION_REFUSED @ http://localhost:5177/:0
[25983247ms] [ERROR] Failed to load resource: net::ERR_CONNECTION_REFUSED @ http://localhost:5177/:0
[25984250ms] [ERROR] Failed to load resource: net::ERR_CONNECTION_REFUSED @ http://localhost:5177/:0
[25985313ms] [ERROR] Failed to load resource: net::ERR_CONNECTION_REFUSED @ http://localhost:5177/:0
[25986317ms] [ERROR] Failed to load resource: net::ERR_CONNECTION_REFUSED @ http://localhost:5177/:0
[25987322ms] [ERROR] Failed to load resource: net::ERR_CONNECTION_REFUSED @ http://localhost:5177/:0
[25988326ms] [ERROR] Failed to load resource: net::ERR_CONNECTION_REFUSED @ http://localhost:5177/:0
[25989336ms] [ERROR] Failed to load resource: net::ERR_CONNECTION_REFUSED @ http://localhost:5177/:0
[25990393ms] [ERROR] Failed to load resource: net::ERR_CONNECTION_REFUSED @ http://localhost:5177/:0
[25991412ms] [ERROR] Failed to load resource: net::ERR_CONNECTION_REFUSED @ http://localhost:5177/:0
[25992421ms] [ERROR] Failed to load resource: net::ERR_CONNECTION_REFUSED @ http://localhost:5177/:0
[25993481ms] [ERROR] Failed to load resource: net::ERR_CONNECTION_REFUSED @ http://localhost:5177/:0
[25994507ms] [ERROR] Failed to load resource: net::ERR_CONNECTION_REFUSED @ http://localhost:5177/:0
[25995537ms] [ERROR] Failed to load resource: net::ERR_CONNECTION_REFUSED @ http://localhost:5177/:0
[25996541ms] [ERROR] Failed to load resource: net::ERR_CONNECTION_REFUSED @ http://localhost:5177/:0
[25997545ms] [ERROR] Failed to load resource: net::ERR_CONNECTION_REFUSED @ http://localhost:5177/:0
[25998552ms] [ERROR] Failed to load resource: net::ERR_CONNECTION_REFUSED @ http://localhost:5177/:0
[25999560ms] [ERROR] Failed to load resource: net::ERR_CONNECTION_REFUSED @ http://localhost:5177/:0
[26000566ms] [ERROR] Failed to load resource: net::ERR_CONNECTION_REFUSED @ http://localhost:5177/:0
[26001570ms] [ERROR] Failed to load resource: net::ERR_CONNECTION_REFUSED @ http://localhost:5177/:0
[26002578ms] [ERROR] Failed to load resource: net::ERR_CONNECTION_REFUSED @ http://localhost:5177/:0
[26003581ms] [ERROR] Failed to load resource: net::ERR_CONNECTION_REFUSED @ http://localhost:5177/:0
[26004584ms] [ERROR] Failed to load resource: net::ERR_CONNECTION_REFUSED @ http://localhost:5177/:0
[26005589ms] [ERROR] Failed to load resource: net::ERR_CONNECTION_REFUSED @ http://localhost:5177/:0
[26006627ms] [ERROR] Failed to load resource: net::ERR_CONNECTION_REFUSED @ http://localhost:5177/:0
[26007632ms] [ERROR] Failed to load resource: net::ERR_CONNECTION_REFUSED @ http://localhost:5177/:0
[26008635ms] [ERROR] Failed to load resource: net::ERR_CONNECTION_REFUSED @ http://localhost:5177/:0
[26009639ms] [ERROR] Failed to load resource: net::ERR_CONNECTION_REFUSED @ http://localhost:5177/:0
[26010645ms] [ERROR] Failed to load resource: net::ERR_CONNECTION_REFUSED @ http://localhost:5177/:0
[26011649ms] [ERROR] Failed to load resource: net::ERR_CONNECTION_REFUSED @ http://localhost:5177/:0
[26012652ms] [ERROR] Failed to load resource: net::ERR_CONNECTION_REFUSED @ http://localhost:5177/:0
[26013656ms] [ERROR] Failed to load resource: net::ERR_CONNECTION_REFUSED @ http://localhost:5177/:0
[26014660ms] [ERROR] Failed to load resource: net::ERR_CONNECTION_REFUSED @ http://localhost:5177/:0
[26015669ms] [ERROR] Failed to load resource: net::ERR_CONNECTION_REFUSED @ http://localhost:5177/:0
[26016794ms] [ERROR] Failed to load resource: net::ERR_CONNECTION_REFUSED @ http://localhost:5177/:0
[26017799ms] [ERROR] Failed to load resource: net::ERR_CONNECTION_REFUSED @ http://localhost:5177/:0
[26018800ms] [ERROR] Failed to load resource: net::ERR_CONNECTION_REFUSED @ http://localhost:5177/:0
[26019804ms] [ERROR] Failed to load resource: net::ERR_CONNECTION_REFUSED @ http://localhost:5177/:0
[26020814ms] [ERROR] Failed to load resource: net::ERR_CONNECTION_REFUSED @ http://localhost:5177/:0
[26021819ms] [ERROR] Failed to load resource: net::ERR_CONNECTION_REFUSED @ http://localhost:5177/:0
[26022826ms] [ERROR] Failed to load resource: net::ERR_CONNECTION_REFUSED @ http://localhost:5177/:0
[26023829ms] [ERROR] Failed to load resource: net::ERR_CONNECTION_REFUSED @ http://localhost:5177/:0
[26024836ms] [ERROR] Failed to load resource: net::ERR_CONNECTION_REFUSED @ http://localhost:5177/:0
[26025840ms] [ERROR] Failed to load resource: net::ERR_CONNECTION_REFUSED @ http://localhost:5177/:0
[26026844ms] [ERROR] Failed to load resource: net::ERR_CONNECTION_REFUSED @ http://localhost:5177/:0
[26027971ms] [ERROR] Failed to load resource: net::ERR_CONNECTION_REFUSED @ http://localhost:5177/:0
[26028978ms] [ERROR] Failed to load resource: net::ERR_CONNECTION_REFUSED @ http://localhost:5177/:0
[26029981ms] [ERROR] Failed to load resource: net::ERR_CONNECTION_REFUSED @ http://localhost:5177/:0
[26030985ms] [ERROR] Failed to load resource: net::ERR_CONNECTION_REFUSED @ http://localhost:5177/:0
[26031989ms] [ERROR] Failed to load resource: net::ERR_CONNECTION_REFUSED @ http://localhost:5177/:0
[26032994ms] [ERROR] Failed to load resource: net::ERR_CONNECTION_REFUSED @ http://localhost:5177/:0
[26034011ms] [ERROR] Failed to load resource: net::ERR_CONNECTION_REFUSED @ http://localhost:5177/:0
[26035018ms] [ERROR] Failed to load resource: net::ERR_CONNECTION_REFUSED @ http://localhost:5177/:0
[26036022ms] [ERROR] Failed to load resource: net::ERR_CONNECTION_REFUSED @ http://localhost:5177/:0
[26037169ms] [ERROR] Failed to load resource: net::ERR_CONNECTION_REFUSED @ http://localhost:5177/:0
[26038173ms] [ERROR] Failed to load resource: net::ERR_CONNECTION_REFUSED @ http://localhost:5177/:0
[26039178ms] [ERROR] Failed to load resource: net::ERR_CONNECTION_REFUSED @ http://localhost:5177/:0
[26040182ms] [ERROR] Failed to load resource: net::ERR_CONNECTION_REFUSED @ http://localhost:5177/:0
[26041187ms] [ERROR] Failed to load resource: net::ERR_CONNECTION_REFUSED @ http://localhost:5177/:0
[26042195ms] [ERROR] Failed to load resource: net::ERR_CONNECTION_REFUSED @ http://localhost:5177/:0
[26043197ms] [ERROR] Failed to load resource: net::ERR_CONNECTION_REFUSED @ http://localhost:5177/:0
[26044202ms] [ERROR] Failed to load resource: net::ERR_CONNECTION_REFUSED @ http://localhost:5177/:0
[26045206ms] [ERROR] Failed to load resource: net::ERR_CONNECTION_REFUSED @ http://localhost:5177/:0
[26046212ms] [ERROR] Failed to load resource: net::ERR_CONNECTION_REFUSED @ http://localhost:5177/:0
[26047215ms] [ERROR] Failed to load resource: net::ERR_CONNECTION_REFUSED @ http://localhost:5177/:0
[26048220ms] [ERROR] Failed to load resource: net::ERR_CONNECTION_REFUSED @ http://localhost:5177/:0
[26049230ms] [ERROR] Failed to load resource: net::ERR_CONNECTION_REFUSED @ http://localhost:5177/:0
[26050235ms] [ERROR] Failed to load resource: net::ERR_CONNECTION_REFUSED @ http://localhost:5177/:0
[26051238ms] [ERROR] Failed to load resource: net::ERR_CONNECTION_REFUSED @ http://localhost:5177/:0
[26052271ms] [ERROR] Failed to load resource: net::ERR_CONNECTION_REFUSED @ http://localhost:5177/:0
[26053280ms] [ERROR] Failed to load resource: net::ERR_CONNECTION_REFUSED @ http://localhost:5177/:0
[26054284ms] [ERROR] Failed to load resource: net::ERR_CONNECTION_REFUSED @ http://localhost:5177/:0
[26055288ms] [ERROR] Failed to load resource: net::ERR_CONNECTION_REFUSED @ http://localhost:5177/:0
[26056309ms] [ERROR] Failed to load resource: net::ERR_CONNECTION_REFUSED @ http://localhost:5177/:0
[26057325ms] [ERROR] Failed to load resource: net::ERR_CONNECTION_REFUSED @ http://localhost:5177/:0
[26058332ms] [ERROR] Failed to load resource: net::ERR_CONNECTION_REFUSED @ http://localhost:5177/:0
[26059335ms] [ERROR] Failed to load resource: net::ERR_CONNECTION_REFUSED @ http://localhost:5177/:0
[26060340ms] [ERROR] Failed to load resource: net::ERR_CONNECTION_REFUSED @ http://localhost:5177/:0
[26061351ms] [ERROR] Failed to load resource: net::ERR_CONNECTION_REFUSED @ http://localhost:5177/:0
[26062355ms] [ERROR] Failed to load resource: net::ERR_CONNECTION_REFUSED @ http://localhost:5177/:0
[26063358ms] [ERROR] Failed to load resource: net::ERR_CONNECTION_REFUSED @ http://localhost:5177/:0
[26064362ms] [ERROR] Failed to load resource: net::ERR_CONNECTION_REFUSED @ http://localhost:5177/:0
[26065366ms] [ERROR] Failed to load resource: net::ERR_CONNECTION_REFUSED @ http://localhost:5177/:0
[26066373ms] [ERROR] Failed to load resource: net::ERR_CONNECTION_REFUSED @ http://localhost:5177/:0
[26067379ms] [ERROR] Failed to load resource: net::ERR_CONNECTION_REFUSED @ http://localhost:5177/:0
[26068382ms] [ERROR] Failed to load resource: net::ERR_CONNECTION_REFUSED @ http://localhost:5177/:0
[26069386ms] [ERROR] Failed to load resource: net::ERR_CONNECTION_REFUSED @ http://localhost:5177/:0
[26070392ms] [ERROR] Failed to load resource: net::ERR_CONNECTION_REFUSED @ http://localhost:5177/:0
[26071396ms] [ERROR] Failed to load resource: net::ERR_CONNECTION_REFUSED @ http://localhost:5177/:0
[26072400ms] [ERROR] Failed to load resource: net::ERR_CONNECTION_REFUSED @ http://localhost:5177/:0
[26073405ms] [ERROR] Failed to load resource: net::ERR_CONNECTION_REFUSED @ http://localhost:5177/:0
[26074408ms] [ERROR] Failed to load resource: net::ERR_CONNECTION_REFUSED @ http://localhost:5177/:0
[26075415ms] [ERROR] Failed to load resource: net::ERR_CONNECTION_REFUSED @ http://localhost:5177/:0
[26076419ms] [ERROR] Failed to load resource: net::ERR_CONNECTION_REFUSED @ http://localhost:5177/:0
[26077423ms] [ERROR] Failed to load resource: net::ERR_CONNECTION_REFUSED @ http://localhost:5177/:0
[26078446ms] [ERROR] Failed to load resource: net::ERR_CONNECTION_REFUSED @ http://localhost:5177/:0
[26079463ms] [ERROR] Failed to load resource: net::ERR_CONNECTION_REFUSED @ http://localhost:5177/:0
[26080469ms] [ERROR] Failed to load resource: net::ERR_CONNECTION_REFUSED @ http://localhost:5177/:0
[26081473ms] [ERROR] Failed to load resource: net::ERR_CONNECTION_REFUSED @ http://localhost:5177/:0
[26082477ms] [ERROR] Failed to load resource: net::ERR_CONNECTION_REFUSED @ http://localhost:5177/:0
[26083482ms] [ERROR] Failed to load resource: net::ERR_CONNECTION_REFUSED @ http://localhost:5177/:0
[26084487ms] [ERROR] Failed to load resource: net::ERR_CONNECTION_REFUSED @ http://localhost:5177/:0
[26085491ms] [ERROR] Failed to load resource: net::ERR_CONNECTION_REFUSED @ http://localhost:5177/:0
[26086524ms] [ERROR] Failed to load resource: net::ERR_CONNECTION_REFUSED @ http://localhost:5177/:0
[26087529ms] [ERROR] Failed to load resource: net::ERR_CONNECTION_REFUSED @ http://localhost:5177/:0
[26088589ms] [ERROR] Failed to load resource: net::ERR_CONNECTION_REFUSED @ http://localhost:5177/:0
[26089596ms] [ERROR] Failed to load resource: net::ERR_CONNECTION_REFUSED @ http://localhost:5177/:0
[26090599ms] [ERROR] Failed to load resource: net::ERR_CONNECTION_REFUSED @ http://localhost:5177/:0
[26091602ms] [ERROR] Failed to load resource: net::ERR_CONNECTION_REFUSED @ http://localhost:5177/:0
[26092607ms] [ERROR] Failed to load resource: net::ERR_CONNECTION_REFUSED @ http://localhost:5177/:0
[26093610ms] [ERROR] Failed to load resource: net::ERR_CONNECTION_REFUSED @ http://localhost:5177/:0
[26094613ms] [ERROR] Failed to load resource: net::ERR_CONNECTION_REFUSED @ http://localhost:5177/:0
[26095618ms] [ERROR] Failed to load resource: net::ERR_CONNECTION_REFUSED @ http://localhost:5177/:0
[26096622ms] [ERROR] Failed to load resource: net::ERR_CONNECTION_REFUSED @ http://localhost:5177/:0
[26097625ms] [ERROR] Failed to load resource: net::ERR_CONNECTION_REFUSED @ http://localhost:5177/:0
[26098628ms] [ERROR] Failed to load resource: net::ERR_CONNECTION_REFUSED @ http://localhost:5177/:0
[26099630ms] [ERROR] Failed to load resource: net::ERR_CONNECTION_REFUSED @ http://localhost:5177/:0
[26100634ms] [ERROR] Failed to load resource: net::ERR_CONNECTION_REFUSED @ http://localhost:5177/:0
[26101638ms] [ERROR] Failed to load resource: net::ERR_CONNECTION_REFUSED @ http://localhost:5177/:0
[26102642ms] [ERROR] Failed to load resource: net::ERR_CONNECTION_REFUSED @ http://localhost:5177/:0
[26103649ms] [ERROR] Failed to load resource: net::ERR_CONNECTION_REFUSED @ http://localhost:5177/:0
[26104653ms] [ERROR] Failed to load resource: net::ERR_CONNECTION_REFUSED @ http://localhost:5177/:0
[26105657ms] [ERROR] Failed to load resource: net::ERR_CONNECTION_REFUSED @ http://localhost:5177/:0
[26106660ms] [ERROR] Failed to load resource: net::ERR_CONNECTION_REFUSED @ http://localhost:5177/:0
[26107664ms] [ERROR] Failed to load resource: net::ERR_CONNECTION_REFUSED @ http://localhost:5177/:0
[26108670ms] [ERROR] Failed to load resource: net::ERR_CONNECTION_REFUSED @ http://localhost:5177/:0
[26109673ms] [ERROR] Failed to load resource: net::ERR_CONNECTION_REFUSED @ http://localhost:5177/:0
[26110679ms] [ERROR] Failed to load resource: net::ERR_CONNECTION_REFUSED @ http://localhost:5177/:0
[26111682ms] [ERROR] Failed to load resource: net::ERR_CONNECTION_REFUSED @ http://localhost:5177/:0
[26112686ms] [ERROR] Failed to load resource: net::ERR_CONNECTION_REFUSED @ http://localhost:5177/:0
[26113690ms] [ERROR] Failed to load resource: net::ERR_CONNECTION_REFUSED @ http://localhost:5177/:0
[26114692ms] [ERROR] Failed to load resource: net::ERR_CONNECTION_REFUSED @ http://localhost:5177/:0
[26115700ms] [ERROR] Failed to load resource: net::ERR_CONNECTION_REFUSED @ http://localhost:5177/:0
[26116706ms] [ERROR] Failed to load resource: net::ERR_CONNECTION_REFUSED @ http://localhost:5177/:0
[26117710ms] [ERROR] Failed to load resource: net::ERR_CONNECTION_REFUSED @ http://localhost:5177/:0
[26118713ms] [ERROR] Failed to load resource: net::ERR_CONNECTION_REFUSED @ http://localhost:5177/:0
[26119716ms] [ERROR] Failed to load resource: net::ERR_CONNECTION_REFUSED @ http://localhost:5177/:0
[26120718ms] [ERROR] Failed to load resource: net::ERR_CONNECTION_REFUSED @ http://localhost:5177/:0
[26121726ms] [ERROR] Failed to load resource: net::ERR_CONNECTION_REFUSED @ http://localhost:5177/:0
[26122730ms] [ERROR] Failed to load resource: net::ERR_CONNECTION_REFUSED @ http://localhost:5177/:0
[26123733ms] [ERROR] Failed to load resource: net::ERR_CONNECTION_REFUSED @ http://localhost:5177/:0
[26124736ms] [ERROR] Failed to load resource: net::ERR_CONNECTION_REFUSED @ http://localhost:5177/:0
[26125741ms] [ERROR] Failed to load resource: net::ERR_CONNECTION_REFUSED @ http://localhost:5177/:0
[26126745ms] [ERROR] Failed to load resource: net::ERR_CONNECTION_REFUSED @ http://localhost:5177/:0
[26127748ms] [ERROR] Failed to load resource: net::ERR_CONNECTION_REFUSED @ http://localhost:5177/:0
[26128753ms] [ERROR] Failed to load resource: net::ERR_CONNECTION_REFUSED @ http://localhost:5177/:0
[26129759ms] [ERROR] Failed to load resource: net::ERR_CONNECTION_REFUSED @ http://localhost:5177/:0
[26130762ms] [ERROR] Failed to load resource: net::ERR_CONNECTION_REFUSED @ http://localhost:5177/:0
[26131768ms] [ERROR] Failed to load resource: net::ERR_CONNECTION_REFUSED @ http://localhost:5177/:0
[26132775ms] [ERROR] Failed to load resource: net::ERR_CONNECTION_REFUSED @ http://localhost:5177/:0
[26133778ms] [ERROR] Failed to load resource: net::ERR_CONNECTION_REFUSED @ http://localhost:5177/:0
[26134780ms] [ERROR] Failed to load resource: net::ERR_CONNECTION_REFUSED @ http://localhost:5177/:0
[26135784ms] [ERROR] Failed to load resource: net::ERR_CONNECTION_REFUSED @ http://localhost:5177/:0
[26136787ms] [ERROR] Failed to load resource: net::ERR_CONNECTION_REFUSED @ http://localhost:5177/:0
[26137791ms] [ERROR] Failed to load resource: net::ERR_CONNECTION_REFUSED @ http://localhost:5177/:0
[26138795ms] [ERROR] Failed to load resource: net::ERR_CONNECTION_REFUSED @ http://localhost:5177/:0
[26139797ms] [ERROR] Failed to load resource: net::ERR_CONNECTION_REFUSED @ http://localhost:5177/:0
[26140801ms] [ERROR] Failed to load resource: net::ERR_CONNECTION_REFUSED @ http://localhost:5177/:0
[26141803ms] [ERROR] Failed to load resource: net::ERR_CONNECTION_REFUSED @ http://localhost:5177/:0
[26142808ms] [ERROR] Failed to load resource: net::ERR_CONNECTION_REFUSED @ http://localhost:5177/:0
[26143814ms] [ERROR] Failed to load resource: net::ERR_CONNECTION_REFUSED @ http://localhost:5177/:0
[26144820ms] [ERROR] Failed to load resource: net::ERR_CONNECTION_REFUSED @ http://localhost:5177/:0
[26145828ms] [ERROR] Failed to load resource: net::ERR_CONNECTION_REFUSED @ http://localhost:5177/:0
[26146834ms] [ERROR] Failed to load resource: net::ERR_CONNECTION_REFUSED @ http://localhost:5177/:0
[26147837ms] [ERROR] Failed to load resource: net::ERR_CONNECTION_REFUSED @ http://localhost:5177/:0
[26148843ms] [ERROR] Failed to load resource: net::ERR_CONNECTION_REFUSED @ http://localhost:5177/:0
[26149846ms] [ERROR] Failed to load resource: net::ERR_CONNECTION_REFUSED @ http://localhost:5177/:0
[26150849ms] [ERROR] Failed to load resource: net::ERR_CONNECTION_REFUSED @ http://localhost:5177/:0
[26151851ms] [ERROR] Failed to load resource: net::ERR_CONNECTION_REFUSED @ http://localhost:5177/:0
[26152854ms] [ERROR] Failed to load resource: net::ERR_CONNECTION_REFUSED @ http://localhost:5177/:0
[26153857ms] [ERROR] Failed to load resource: net::ERR_CONNECTION_REFUSED @ http://localhost:5177/:0
[26154862ms] [ERROR] Failed to load resource: net::ERR_CONNECTION_REFUSED @ http://localhost:5177/:0
[26155864ms] [ERROR] Failed to load resource: net::ERR_CONNECTION_REFUSED @ http://localhost:5177/:0
[26156867ms] [ERROR] Failed to load resource: net::ERR_CONNECTION_REFUSED @ http://localhost:5177/:0
[26157873ms] [ERROR] Failed to load resource: net::ERR_CONNECTION_REFUSED @ http://localhost:5177/:0
[26158876ms] [ERROR] Failed to load resource: net::ERR_CONNECTION_REFUSED @ http://localhost:5177/:0
[26159880ms] [ERROR] Failed to load resource: net::ERR_CONNECTION_REFUSED @ http://localhost:5177/:0
[26160885ms] [ERROR] Failed to load resource: net::ERR_CONNECTION_REFUSED @ http://localhost:5177/:0
[26161889ms] [ERROR] Failed to load resource: net::ERR_CONNECTION_REFUSED @ http://localhost:5177/:0
[26162891ms] [ERROR] Failed to load resource: net::ERR_CONNECTION_REFUSED @ http://localhost:5177/:0
[26163896ms] [ERROR] Failed to load resource: net::ERR_CONNECTION_REFUSED @ http://localhost:5177/:0
[26164900ms] [ERROR] Failed to load resource: net::ERR_CONNECTION_REFUSED @ http://localhost:5177/:0
[26165905ms] [ERROR] Failed to load resource: net::ERR_CONNECTION_REFUSED @ http://localhost:5177/:0
[26166908ms] [ERROR] Failed to load resource: net::ERR_CONNECTION_REFUSED @ http://localhost:5177/:0
[26167912ms] [ERROR] Failed to load resource: net::ERR_CONNECTION_REFUSED @ http://localhost:5177/:0
[26168916ms] [ERROR] Failed to load resource: net::ERR_CONNECTION_REFUSED @ http://localhost:5177/:0
[26169920ms] [ERROR] Failed to load resource: net::ERR_CONNECTION_REFUSED @ http://localhost:5177/:0
[26170923ms] [ERROR] Failed to load resource: net::ERR_CONNECTION_REFUSED @ http://localhost:5177/:0
[26171925ms] [ERROR] Failed to load resource: net::ERR_CONNECTION_REFUSED @ http://localhost:5177/:0
[26172932ms] [ERROR] Failed to load resource: net::ERR_CONNECTION_REFUSED @ http://localhost:5177/:0
[26173935ms] [ERROR] Failed to load resource: net::ERR_CONNECTION_REFUSED @ http://localhost:5177/:0
[26174938ms] [ERROR] Failed to load resource: net::ERR_CONNECTION_REFUSED @ http://localhost:5177/:0
[26175942ms] [ERROR] Failed to load resource: net::ERR_CONNECTION_REFUSED @ http://localhost:5177/:0
[26176948ms] [ERROR] Failed to load resource: net::ERR_CONNECTION_REFUSED @ http://localhost:5177/:0
[26177950ms] [ERROR] Failed to load resource: net::ERR_CONNECTION_REFUSED @ http://localhost:5177/:0
[26178953ms] [ERROR] Failed to load resource: net::ERR_CONNECTION_REFUSED @ http://localhost:5177/:0
[26179959ms] [ERROR] Failed to load resource: net::ERR_CONNECTION_REFUSED @ http://localhost:5177/:0
[26180965ms] [ERROR] Failed to load resource: net::ERR_CONNECTION_REFUSED @ http://localhost:5177/:0
[26181971ms] [ERROR] Failed to load resource: net::ERR_CONNECTION_REFUSED @ http://localhost:5177/:0
[26182977ms] [ERROR] Failed to load resource: net::ERR_CONNECTION_REFUSED @ http://localhost:5177/:0
[26183981ms] [ERROR] Failed to load resource: net::ERR_CONNECTION_REFUSED @ http://localhost:5177/:0
[26184988ms] [ERROR] Failed to load resource: net::ERR_CONNECTION_REFUSED @ http://localhost:5177/:0
[26185991ms] [ERROR] Failed to load resource: net::ERR_CONNECTION_REFUSED @ http://localhost:5177/:0
[26186994ms] [ERROR] Failed to load resource: net::ERR_CONNECTION_REFUSED @ http://localhost:5177/:0
[26187996ms] [ERROR] Failed to load resource: net::ERR_CONNECTION_REFUSED @ http://localhost:5177/:0
[26189000ms] [ERROR] Failed to load resource: net::ERR_CONNECTION_REFUSED @ http://localhost:5177/:0
[26190003ms] [ERROR] Failed to load resource: net::ERR_CONNECTION_REFUSED @ http://localhost:5177/:0
[26191018ms] [ERROR] Failed to load resource: net::ERR_CONNECTION_REFUSED @ http://localhost:5177/:0
[26192021ms] [ERROR] Failed to load resource: net::ERR_CONNECTION_REFUSED @ http://localhost:5177/:0
[26193026ms] [ERROR] Failed to load resource: net::ERR_CONNECTION_REFUSED @ http://localhost:5177/:0
[26194030ms] [ERROR] Failed to load resource: net::ERR_CONNECTION_REFUSED @ http://localhost:5177/:0
[26195034ms] [ERROR] Failed to load resource: net::ERR_CONNECTION_REFUSED @ http://localhost:5177/:0
[26196038ms] [ERROR] Failed to load resource: net::ERR_CONNECTION_REFUSED @ http://localhost:5177/:0
[26197044ms] [ERROR] Failed to load resource: net::ERR_CONNECTION_REFUSED @ http://localhost:5177/:0
[26198047ms] [ERROR] Failed to load resource: net::ERR_CONNECTION_REFUSED @ http://localhost:5177/:0
[26199051ms] [ERROR] Failed to load resource: net::ERR_CONNECTION_REFUSED @ http://localhost:5177/:0
[26200053ms] [ERROR] Failed to load resource: net::ERR_CONNECTION_REFUSED @ http://localhost:5177/:0
[26201057ms] [ERROR] Failed to load resource: net::ERR_CONNECTION_REFUSED @ http://localhost:5177/:0
[26202060ms] [ERROR] Failed to load resource: net::ERR_CONNECTION_REFUSED @ http://localhost:5177/:0
[26203062ms] [ERROR] Failed to load resource: net::ERR_CONNECTION_REFUSED @ http://localhost:5177/:0
[26204066ms] [ERROR] Failed to load resource: net::ERR_CONNECTION_REFUSED @ http://localhost:5177/:0
[26205070ms] [ERROR] Failed to load resource: net::ERR_CONNECTION_REFUSED @ http://localhost:5177/:0
[26206072ms] [ERROR] Failed to load resource: net::ERR_CONNECTION_REFUSED @ http://localhost:5177/:0
[26207075ms] [ERROR] Failed to load resource: net::ERR_CONNECTION_REFUSED @ http://localhost:5177/:0
[26208078ms] [ERROR] Failed to load resource: net::ERR_CONNECTION_REFUSED @ http://localhost:5177/:0
[26209082ms] [ERROR] Failed to load resource: net::ERR_CONNECTION_REFUSED @ http://localhost:5177/:0
[26210085ms] [ERROR] Failed to load resource: net::ERR_CONNECTION_REFUSED @ http://localhost:5177/:0
[26211088ms] [ERROR] Failed to load resource: net::ERR_CONNECTION_REFUSED @ http://localhost:5177/:0
[26212092ms] [ERROR] Failed to load resource: net::ERR_CONNECTION_REFUSED @ http://localhost:5177/:0
[26213096ms] [ERROR] Failed to load resource: net::ERR_CONNECTION_REFUSED @ http://localhost:5177/:0
[26214099ms] [ERROR] Failed to load resource: net::ERR_CONNECTION_REFUSED @ http://localhost:5177/:0
[26215102ms] [ERROR] Failed to load resource: net::ERR_CONNECTION_REFUSED @ http://localhost:5177/:0
[26216105ms] [ERROR] Failed to load resource: net::ERR_CONNECTION_REFUSED @ http://localhost:5177/:0
[26217109ms] [ERROR] Failed to load resource: net::ERR_CONNECTION_REFUSED @ http://localhost:5177/:0
[26218111ms] [ERROR] Failed to load resource: net::ERR_CONNECTION_REFUSED @ http://localhost:5177/:0
[26219113ms] [ERROR] Failed to load resource: net::ERR_CONNECTION_REFUSED @ http://localhost:5177/:0
[26220116ms] [ERROR] Failed to load resource: net::ERR_CONNECTION_REFUSED @ http://localhost:5177/:0
[26221118ms] [ERROR] Failed to load resource: net::ERR_CONNECTION_REFUSED @ http://localhost:5177/:0
[26222122ms] [ERROR] Failed to load resource: net::ERR_CONNECTION_REFUSED @ http://localhost:5177/:0
[26223126ms] [ERROR] Failed to load resource: net::ERR_CONNECTION_REFUSED @ http://localhost:5177/:0
[26224129ms] [ERROR] Failed to load resource: net::ERR_CONNECTION_REFUSED @ http://localhost:5177/:0
[26225136ms] [ERROR] Failed to load resource: net::ERR_CONNECTION_REFUSED @ http://localhost:5177/:0
[26226140ms] [ERROR] Failed to load resource: net::ERR_CONNECTION_REFUSED @ http://localhost:5177/:0
[26227144ms] [ERROR] Failed to load resource: net::ERR_CONNECTION_REFUSED @ http://localhost:5177/:0
[26228148ms] [ERROR] Failed to load resource: net::ERR_CONNECTION_REFUSED @ http://localhost:5177/:0
[26229151ms] [ERROR] Failed to load resource: net::ERR_CONNECTION_REFUSED @ http://localhost:5177/:0
[26230154ms] [ERROR] Failed to load resource: net::ERR_CONNECTION_REFUSED @ http://localhost:5177/:0
[26231157ms] [ERROR] Failed to load resource: net::ERR_CONNECTION_REFUSED @ http://localhost:5177/:0
[26232166ms] [ERROR] Failed to load resource: net::ERR_CONNECTION_REFUSED @ http://localhost:5177/:0
[26233174ms] [ERROR] Failed to load resource: net::ERR_CONNECTION_REFUSED @ http://localhost:5177/:0
[26234178ms] [ERROR] Failed to load resource: net::ERR_CONNECTION_REFUSED @ http://localhost:5177/:0
[26235181ms] [ERROR] Failed to load resource: net::ERR_CONNECTION_REFUSED @ http://localhost:5177/:0
[26236183ms] [ERROR] Failed to load resource: net::ERR_CONNECTION_REFUSED @ http://localhost:5177/:0
[26237189ms] [ERROR] Failed to load resource: net::ERR_CONNECTION_REFUSED @ http://localhost:5177/:0
[26238197ms] [ERROR] Failed to load resource: net::ERR_CONNECTION_REFUSED @ http://localhost:5177/:0
[26239202ms] [ERROR] Failed to load resource: net::ERR_CONNECTION_REFUSED @ http://localhost:5177/:0
[26240210ms] [ERROR] Failed to load resource: net::ERR_CONNECTION_REFUSED @ http://localhost:5177/:0
[26241213ms] [ERROR] Failed to load resource: net::ERR_CONNECTION_REFUSED @ http://localhost:5177/:0
[26242216ms] [ERROR] Failed to load resource: net::ERR_CONNECTION_REFUSED @ http://localhost:5177/:0
[26243220ms] [ERROR] Failed to load resource: net::ERR_CONNECTION_REFUSED @ http://localhost:5177/:0
[26244229ms] [ERROR] Failed to load resource: net::ERR_CONNECTION_REFUSED @ http://localhost:5177/:0
[26245232ms] [ERROR] Failed to load resource: net::ERR_CONNECTION_REFUSED @ http://localhost:5177/:0
[26246236ms] [ERROR] Failed to load resource: net::ERR_CONNECTION_REFUSED @ http://localhost:5177/:0
[26247239ms] [ERROR] Failed to load resource: net::ERR_CONNECTION_REFUSED @ http://localhost:5177/:0
[26248242ms] [ERROR] Failed to load resource: net::ERR_CONNECTION_REFUSED @ http://localhost:5177/:0
[26249248ms] [ERROR] Failed to load resource: net::ERR_CONNECTION_REFUSED @ http://localhost:5177/:0
[26250253ms] [ERROR] Failed to load resource: net::ERR_CONNECTION_REFUSED @ http://localhost:5177/:0
[26251257ms] [ERROR] Failed to load resource: net::ERR_CONNECTION_REFUSED @ http://localhost:5177/:0
[26252262ms] [ERROR] Failed to load resource: net::ERR_CONNECTION_REFUSED @ http://localhost:5177/:0
[26253266ms] [ERROR] Failed to load resource: net::ERR_CONNECTION_REFUSED @ http://localhost:5177/:0
[26254269ms] [ERROR] Failed to load resource: net::ERR_CONNECTION_REFUSED @ http://localhost:5177/:0
[26255271ms] [ERROR] Failed to load resource: net::ERR_CONNECTION_REFUSED @ http://localhost:5177/:0
[26256278ms] [ERROR] Failed to load resource: net::ERR_CONNECTION_REFUSED @ http://localhost:5177/:0
[26257281ms] [ERROR] Failed to load resource: net::ERR_CONNECTION_REFUSED @ http://localhost:5177/:0
[26258287ms] [ERROR] Failed to load resource: net::ERR_CONNECTION_REFUSED @ http://localhost:5177/:0
[26259291ms] [ERROR] Failed to load resource: net::ERR_CONNECTION_REFUSED @ http://localhost:5177/:0
[26260297ms] [ERROR] Failed to load resource: net::ERR_CONNECTION_REFUSED @ http://localhost:5177/:0
[26261300ms] [ERROR] Failed to load resource: net::ERR_CONNECTION_REFUSED @ http://localhost:5177/:0
[26262303ms] [ERROR] Failed to load resource: net::ERR_CONNECTION_REFUSED @ http://localhost:5177/:0
[26263310ms] [ERROR] Failed to load resource: net::ERR_CONNECTION_REFUSED @ http://localhost:5177/:0
[26264315ms] [ERROR] Failed to load resource: net::ERR_CONNECTION_REFUSED @ http://localhost:5177/:0
[26265317ms] [ERROR] Failed to load resource: net::ERR_CONNECTION_REFUSED @ http://localhost:5177/:0
[26266321ms] [ERROR] Failed to load resource: net::ERR_CONNECTION_REFUSED @ http://localhost:5177/:0
[26267324ms] [ERROR] Failed to load resource: net::ERR_CONNECTION_REFUSED @ http://localhost:5177/:0
[26268331ms] [ERROR] Failed to load resource: net::ERR_CONNECTION_REFUSED @ http://localhost:5177/:0
[26269337ms] [ERROR] Failed to load resource: net::ERR_CONNECTION_REFUSED @ http://localhost:5177/:0
[26270343ms] [ERROR] Failed to load resource: net::ERR_CONNECTION_REFUSED @ http://localhost:5177/:0
[26271354ms] [ERROR] Failed to load resource: net::ERR_CONNECTION_REFUSED @ http://localhost:5177/:0
[26272360ms] [ERROR] Failed to load resource: net::ERR_CONNECTION_REFUSED @ http://localhost:5177/:0
[26273363ms] [ERROR] Failed to load resource: net::ERR_CONNECTION_REFUSED @ http://localhost:5177/:0
[26274369ms] [ERROR] Failed to load resource: net::ERR_CONNECTION_REFUSED @ http://localhost:5177/:0
[26277133ms] [INFO] %cDownload the React DevTools for a better development experience: https://reactjs.org/link/react-devtools font-weight:bold @ http://localhost:5177/node_modules/.vite/deps/chunk-UWWWERUF.js?v=b1fa66fc:21550
[26277331ms] [WARNING] ⚠️ React Router Future Flag Warning: React Router will begin wrapping state updates in `React.startTransition` in v7. You can use the `v7_startTransition` future flag to opt-in early. For more information, see https://reactrouter.com/v6/upgrading/future#v7_starttransition. @ http://localhost:5177/node_modules/.vite/deps/react-router-dom.js?v=b1fa66fc:4435
[26277331ms] [WARNING] ⚠️ React Router Future Flag Warning: Relative route resolution within Splat routes is changing in v7. You can use the `v7_relativeSplatPath` future flag to opt-in early. For more information, see https://reactrouter.com/v6/upgrading/future#v7_relativesplatpath. @ http://localhost:5177/node_modules/.vite/deps/react-router-dom.js?v=b1fa66fc:4435
